,0,1,2,3,4,5,6,7,8,9,10,11,12,13,14,15,16,17,18,19,20,21,22,23,24,25,26,27,28,29,30,31,32,33,34,35,36,37,38,39,40,41,42,43,44,45,46,47,48,49,50,51,52,53,54,55,56,57,58,59,60,61,62,y
0,0.105809,1.0,5.0662766e-07,0.38830182,0.9218795,-0.025921961,0.63701713,0.8131892,-0.04411913,0.8332873,0.72826713,-0.062444054,1.0,0.6634372,-0.082688294,0.51402587,0.5405249,-0.033291325,0.6898132,0.3637473,-0.06390091,0.80000734,0.2529099,-0.087987855,0.8948228,0.15622021,-0.10446138,0.3609971,0.5005747,-0.042277712,0.4806804,0.26263165,-0.069073685,0.5752251,0.12010882,-0.09060997,0.6558705,0.0,-0.10636187,0.19656657,0.5158684,-0.05478999,0.25345826,0.29362756,-0.08191756,0.3263473,0.16074438,-0.097840235,0.40717527,0.047663413,-0.10843662,0.021279206,0.57284325,-0.06969052,0.0,0.39826956,-0.093757115,0.02737077,0.2920009,-0.102226034,0.07987721,0.19886152,-0.107346594,key_1
1,0.043729197,1.0,5.264671e-07,0.33120468,0.9648984,-0.024393532,0.5971099,0.87648535,-0.041136958,0.8132133,0.805073,-0.057388153,1.0,0.7599394,-0.07486949,0.50324297,0.5630518,-0.03049339,0.699167,0.38298056,-0.056992553,0.8245817,0.27518502,-0.0779383,0.9316251,0.183181,-0.09177289,0.35345337,0.4960735,-0.036254883,0.501765,0.26130036,-0.058345243,0.60511446,0.12215636,-0.07658597,0.68312967,0.004820099,-0.08925311,0.18564153,0.48572242,-0.044965938,0.27700093,0.25631678,-0.065905586,0.3558768,0.115843244,-0.0800716,0.4312806,0.0,-0.08920963,0.0,0.5207055,-0.055875834,0.0006226117,0.33089593,-0.07439618,0.030346353,0.20672339,-0.08157802,0.078212254,0.0995359,-0.085428454,key_1
2,0.0,1.0,5.918107e-07,0.32092547,0.9543905,-0.017220492,0.5889447,0.88091546,-0.029262818,0.8126344,0.8295271,-0.04252408,1.0,0.8081501,-0.056971088,0.5176292,0.57052624,-0.011236603,0.7050117,0.41840288,-0.029357107,0.8167322,0.31761914,-0.046246167,0.9147153,0.22581495,-0.058429834,0.3782112,0.4991346,-0.017800085,0.52900445,0.28861463,-0.03234391,0.6267765,0.16425115,-0.04717065,0.7124439,0.052618086,-0.058296982,0.21715006,0.4781823,-0.027591273,0.31217268,0.26494178,-0.043145623,0.38703275,0.1252805,-0.05578153,0.46502036,0.0,-0.06467416,0.037439745,0.5024729,-0.039277535,0.037543945,0.32109183,-0.053883884,0.055472776,0.19889052,-0.05966842,0.09068188,0.08250354,-0.06307716,key_1
3,0.0,1.0,5.107972e-07,0.30429697,0.9890756,-0.020804478,0.589558,0.91749245,-0.032397464,0.8146326,0.8624881,-0.043819934,1.0,0.8455678,-0.05535447,0.53571934,0.5866027,-0.015723664,0.7305789,0.43224174,-0.03230745,0.8438032,0.33143985,-0.04630202,0.9329582,0.24285564,-0.05647996,0.39077213,0.5040855,-0.019073205,0.557591,0.29630908,-0.033531055,0.65651846,0.17501268,-0.045953844,0.73386174,0.07055638,-0.054877788,0.22437303,0.47301978,-0.025647203,0.32270092,0.25620872,-0.04088659,0.3902028,0.11941464,-0.05168909,0.46070847,0.0,-0.058979716,0.03844415,0.48574576,-0.0344389,0.042152364,0.30769637,-0.048821304,0.055026192,0.18766801,-0.05509382,0.08808436,0.07362665,-0.05872061,key_1
4,0.0,1.0,4.562365e-07,0.30103475,0.99720603,-0.020376343,0.5890775,0.92072994,-0.030416837,0.8182021,0.876156,-0.0401956,1.0,0.8753283,-0.050117567,0.5377561,0.5791818,-0.015084591,0.73012537,0.42328206,-0.02926827,0.8388516,0.32457578,-0.041731287,0.92503446,0.23589364,-0.051168136,0.3909197,0.49427918,-0.01776353,0.5459193,0.2879171,-0.029447697,0.641154,0.16446532,-0.04021419,0.7129531,0.05965336,-0.048451874,0.22435899,0.4631755,-0.023604734,0.30853254,0.24970219,-0.03630821,0.37007865,0.115083866,-0.046505347,0.43242896,0.0,-0.05382274,0.040618476,0.47843233,-0.031751387,0.025378691,0.2984242,-0.044687223,0.026116015,0.17565139,-0.05087532,0.045831405,0.06099507,-0.0547132,key_1
5,0.0012784572,0.9988578,4.3368783e-07,0.302016,1.0,-0.019325295,0.5871262,0.9310078,-0.029038873,0.8163839,0.89332074,-0.038877595,1.0,0.90297514,-0.049018726,0.53720987,0.5843205,-0.013284092,0.72871387,0.42964408,-0.026662186,0.83810776,0.33089027,-0.038317937,0.9217999,0.24313682,-0.04725552,0.3912373,0.49812478,-0.01627116,0.54446304,0.2905378,-0.027387707,0.63479716,0.1666946,-0.03749041,0.6984765,0.06323217,-0.045211557,0.2247057,0.46587825,-0.022386499,0.30318493,0.25256985,-0.034719452,0.35547906,0.1160279,-0.044722717,0.40791762,0.0,-0.051943175,0.042097464,0.4803182,-0.030714402,0.012259682,0.30043846,-0.043418642,0.0,0.1786838,-0.04944859,0.0066943197,0.06552762,-0.05317553,key_1
6,0.023101538,0.9989805,4.140277e-07,0.3172402,1.0,-0.019615946,0.5981706,0.92840993,-0.028935261,0.82240653,0.8904755,-0.03837609,1.0,0.9038372,-0.048161443,0.5461423,0.5852727,-0.013708854,0.7337295,0.429704,-0.02632322,0.84147036,0.33287936,-0.03729191,0.9258208,0.2443367,-0.04591046,0.40092787,0.4979612,-0.01628897,0.5446652,0.29228002,-0.026736196,0.6294657,0.16783296,-0.03597313,0.6901496,0.06176998,-0.043342054,0.23799239,0.46536013,-0.022055218,0.31167802,0.25281173,-0.03372314,0.36123008,0.117106855,-0.0432405,0.4126854,0.0,-0.050396744,0.05878535,0.47933528,-0.030173551,0.018439084,0.29775727,-0.04253321,0.0,0.17465447,-0.048587393,0.0013237734,0.060072605,-0.05257084,key_1
7,0.037659954,0.99341595,4.229618e-07,0.3256743,1.0,-0.020483278,0.6039895,0.93504584,-0.030402131,0.82320017,0.90333307,-0.04030053,1.0,0.9238527,-0.05046785,0.5566133,0.5886507,-0.015049203,0.74314344,0.43718758,-0.028061008,0.8518158,0.34095886,-0.03899853,0.93777907,0.2537895,-0.047531143,0.4129153,0.4973558,-0.017201487,0.55416054,0.29248005,-0.028059745,0.638226,0.17044625,-0.037098736,0.7008876,0.06807036,-0.044276085,0.2496645,0.46266493,-0.022586696,0.31852642,0.24841386,-0.03481028,0.36492234,0.11411886,-0.04444835,0.4154326,0.0,-0.05153546,0.07058178,0.4763143,-0.030369878,0.025474371,0.29242218,-0.043040954,0.0029598873,0.1672611,-0.049307372,0.0,0.05112208,-0.053400602,key_1
8,0.043334883,0.98698187,4.1498387e-07,0.32509378,1.0,-0.0205699,0.6053323,0.9513634,-0.031826295,0.8243327,0.9293046,-0.043228094,1.0,0.9587904,-0.055203363,0.56674325,0.5962924,-0.017982304,0.7610468,0.44819754,-0.032545403,0.87454474,0.35426039,-0.04462208,0.96733046,0.26769018,-0.053899597,0.4237368,0.50229585,-0.020936858,0.57066625,0.29374754,-0.033041496,0.65863794,0.17150894,-0.04326713,0.7267642,0.06648309,-0.051536825,0.26017976,0.46419838,-0.026931245,0.33161354,0.24953167,-0.040207293,0.38087323,0.1149749,-0.050999593,0.43366906,0.0,-0.059039902,0.080383986,0.4741621,-0.03525002,0.03425868,0.2871724,-0.048601132,0.008251419,0.1613512,-0.055365738,0.0,0.04363861,-0.05999707,key_1
9,0.058127247,0.9808635,3.9962842e-07,0.33493823,1.0,-0.020637786,0.6127765,0.95632726,-0.032370515,0.8324993,0.9422412,-0.044230036,1.0,0.9791271,-0.05686963,0.5842606,0.6016077,-0.0197439,0.7772282,0.45691916,-0.034839515,0.8944808,0.36839372,-0.047318988,0.9940354,0.28662848,-0.056950983,0.4424744,0.5062323,-0.0229866,0.5921479,0.30046278,-0.03531646,0.681178,0.18191966,-0.04566047,0.7510532,0.08083457,-0.05414653,0.27812663,0.46779478,-0.029208563,0.355276,0.25233582,-0.043129347,0.40592492,0.115871355,-0.05463558,0.45918903,0.0,-0.063226566,0.09782005,0.47884676,-0.03765215,0.04612506,0.2882593,-0.051994856,0.0136983795,0.1605836,-0.059618473,0.0,0.040439986,-0.064912334,key_1
10,0.046864964,0.9807878,3.876685e-07,0.3260311,1.0,-0.020118408,0.60342866,0.96102005,-0.031705655,0.82102966,0.9515898,-0.04365814,0.99233633,0.986052,-0.05636185,0.5813874,0.60007614,-0.018705402,0.7784712,0.45497844,-0.034003664,0.8972395,0.36852336,-0.04667857,1.0,0.2874053,-0.05635395,0.43927893,0.50523144,-0.022057634,0.5933353,0.3052323,-0.034563668,0.6842411,0.1848942,-0.045228105,0.75725937,0.07880498,-0.053937003,0.2751816,0.46681675,-0.028399967,0.35093045,0.25390348,-0.041997906,0.40132084,0.11780714,-0.05302697,0.4570471,0.0,-0.06132491,0.0955957,0.47771844,-0.037002575,0.040008884,0.28603485,-0.050960284,0.009019075,0.15656239,-0.05821035,0.0,0.033796627,-0.06317926,key_1
11,0.048434913,0.9780041,3.842815e-07,0.33068025,1.0,-0.019586347,0.6111452,0.96201897,-0.030584302,0.830186,0.95347804,-0.04207937,1.0,0.9887637,-0.054246757,0.5895676,0.6015238,-0.017234927,0.7852954,0.4531752,-0.031678744,0.90119594,0.36423427,-0.043607928,0.998925,0.2819872,-0.052755825,0.44508666,0.5057082,-0.020508252,0.59862417,0.3032028,-0.032447677,0.6898651,0.180966,-0.042606942,0.76052314,0.07517044,-0.05076024,0.27988595,0.46653098,-0.026755191,0.35250053,0.2519719,-0.039803628,0.40356672,0.116085574,-0.05049058,0.45916122,0.0,-0.058430806,0.100721486,0.47744834,-0.03525565,0.04424212,0.28717813,-0.048615493,0.011591813,0.15902738,-0.055503838,0.0,0.038803376,-0.060143393,key_1
12,0.06966549,0.9808849,3.6386473e-07,0.3433369,1.0,-0.01930635,0.6168654,0.96232873,-0.030345296,0.83386075,0.9582871,-0.042089544,1.0,0.9968555,-0.054678593,0.5871639,0.60429436,-0.017231582,0.77668643,0.45579365,-0.031854764,0.88641596,0.36541733,-0.04402614,0.9799779,0.28275153,-0.05335668,0.44642243,0.51046807,-0.020797716,0.59159815,0.30568174,-0.032832734,0.67750067,0.18233873,-0.043235347,0.74260515,0.07816788,-0.051530283,0.28464967,0.47312245,-0.02725985,0.3576724,0.25533476,-0.040313195,0.4037275,0.11793644,-0.0513323,0.45505086,0.0,-0.059589457,0.1093843,0.48656532,-0.035932556,0.054824885,0.30072743,-0.049555525,0.017314548,0.17605579,-0.056702685,0.0,0.059172183,-0.061506882,key_1
13,0.08754244,0.9858913,3.5058494e-07,0.35752752,1.0,-0.019716071,0.6215964,0.95845866,-0.031088967,0.83441913,0.9570767,-0.043207247,1.0,0.9987855,-0.056195714,0.5944502,0.6035245,-0.017681804,0.7782471,0.45556536,-0.032637667,0.8860377,0.36617562,-0.045227695,0.9782091,0.28321832,-0.054909166,0.45716116,0.50961906,-0.021247543,0.59370065,0.3049835,-0.033339825,0.6740979,0.18258408,-0.04375694,0.7345283,0.07906447,-0.052079145,0.2976944,0.4730544,-0.027772203,0.36918142,0.25394887,-0.041004863,0.41012737,0.11770204,-0.052069347,0.45620808,0.0,-0.060331024,0.124777645,0.489126,-0.036540963,0.06687697,0.30353057,-0.050380472,0.023767903,0.18114826,-0.057516124,0.0,0.06680801,-0.062272854,key_1
14,0.10659481,0.98943007,3.6549e-07,0.3714274,1.0,-0.019928476,0.6267708,0.956347,-0.031801004,0.83575374,0.9555779,-0.044275865,1.0,0.9965588,-0.0576136,0.5954741,0.6006524,-0.018766968,0.7748186,0.4496752,-0.03392019,0.8789511,0.35738155,-0.04644309,0.96603924,0.27229345,-0.05603427,0.45702952,0.50964934,-0.02243601,0.5914428,0.30304638,-0.03490611,0.6702624,0.17885672,-0.045325823,0.7282104,0.0736907,-0.053574186,0.29731318,0.47693083,-0.029006869,0.36481953,0.25724548,-0.042509113,0.4047399,0.11893258,-0.053411834,0.44937232,0.0,-0.06148257,0.12541899,0.49658957,-0.037805036,0.06254661,0.30923933,-0.05186461,0.020954255,0.18396933,-0.058932457,0.0,0.06607182,-0.063590705,key_1
15,0.14380912,0.994719,3.6427457e-07,0.39694917,1.0,-0.021212382,0.6397738,0.9531084,-0.033881515,0.84031975,0.9517982,-0.04692106,1.0,0.9906756,-0.06098644,0.59482044,0.6044202,-0.022204788,0.76282233,0.44673026,-0.038800333,0.8615105,0.3491562,-0.052081916,0.9455557,0.2592049,-0.062128823,0.45743248,0.5163631,-0.025715666,0.5771441,0.30222026,-0.039602775,0.6462014,0.17288145,-0.05068438,0.6977462,0.063609935,-0.059315987,0.30166832,0.48688325,-0.032081794,0.3570558,0.26593605,-0.046551798,0.3912656,0.1231773,-0.05799935,0.4316052,0.0,-0.06645493,0.13622753,0.5102218,-0.040765602,0.06972387,0.3275998,-0.05542676,0.024425112,0.20486993,-0.06283551,0.0,0.088271104,-0.06779535,key_1
16,0.16931568,0.9944467,3.7508818e-07,0.41369233,1.0,-0.022081362,0.6477061,0.95211667,-0.03511175,0.84433573,0.9479822,-0.048392467,1.0,0.9862888,-0.06277288,0.59637606,0.60175025,-0.023565492,0.7586645,0.43745023,-0.040520158,0.85466015,0.3358793,-0.053989604,0.93700224,0.24197604,-0.06418219,0.45973727,0.51759934,-0.026708454,0.5717439,0.29934183,-0.040851988,0.6369851,0.16559431,-0.05218262,0.6855716,0.051673874,-0.061175708,0.3079797,0.4931478,-0.032725215,0.35070792,0.27305025,-0.047181003,0.37669834,0.12720856,-0.0589601,0.4095188,0.0,-0.06779264,0.14761908,0.52105796,-0.0411818,0.0747799,0.3413493,-0.055786032,0.027076598,0.21986745,-0.063474245,0.0,0.10336433,-0.068795554,key_1
17,0.16496173,0.9972121,3.922237e-07,0.4104282,1.0,-0.022652604,0.645102,0.95080215,-0.036763553,0.84299517,0.9443659,-0.050927777,1.0,0.9811122,-0.06604483,0.59583926,0.60024744,-0.025311459,0.75492203,0.43547004,-0.043209475,0.8495839,0.33149758,-0.05715935,0.9295205,0.23650603,-0.067619786,0.45743695,0.51670945,-0.028511308,0.56389076,0.29323915,-0.04369158,0.62371784,0.15673485,-0.055412266,0.66666293,0.03810908,-0.064493306,0.3058245,0.4952875,-0.034475543,0.34133378,0.27416393,-0.049598966,0.36339942,0.12911922,-0.06090874,0.39270592,0.0,-0.06920683,0.14862783,0.526611,-0.042905588,0.07083181,0.3472144,-0.057567343,0.025113953,0.22573778,-0.06478581,0.0,0.10785514,-0.06962705,key_1
18,0.101319686,0.9970563,4.2486636e-07,0.36689815,1.0,-0.022512218,0.6217576,0.95667785,-0.037150905,0.834019,0.9472307,-0.051757377,1.0,0.9757991,-0.06718913,0.5658613,0.6054147,-0.02583609,0.74157894,0.44480565,-0.04432897,0.84909105,0.34317172,-0.058620833,0.9389166,0.24832214,-0.06906225,0.42685845,0.5199037,-0.029170025,0.5547357,0.29509726,-0.044879425,0.6311153,0.15828408,-0.056827348,0.6865997,0.038002495,-0.06601424,0.27173957,0.49461085,-0.035245087,0.31677845,0.27075064,-0.05078315,0.35146523,0.12663224,-0.061846063,0.3892551,0.0,-0.06965974,0.10755798,0.51923823,-0.043727163,0.045318145,0.32946855,-0.05803467,0.01380875,0.20209959,-0.06459978,0.0,0.08124104,-0.06894212,key_1
19,0.054934394,0.9962256,4.3958644e-07,0.33786556,1.0,-0.022189114,0.6084049,0.9581062,-0.036517218,0.829356,0.9500593,-0.05074392,1.0,0.97882867,-0.065704666,0.55232644,0.60571915,-0.025237888,0.73701876,0.44830596,-0.04359301,0.8534943,0.3509776,-0.057841875,0.95035756,0.26080558,-0.068298295,0.40935287,0.52240705,-0.028775053,0.5456352,0.30189764,-0.044591464,0.63157016,0.16759801,-0.056873016,0.69356155,0.048755098,-0.06618572,0.2490897,0.49881774,-0.035016917,0.3076122,0.27851298,-0.0510226,0.34738404,0.13152088,-0.062865146,0.38606,0.0,-0.07109293,0.07878482,0.5242816,-0.043516703,0.032239366,0.33873433,-0.058558743,0.008196346,0.21288733,-0.06574656,0.0,0.092706695,-0.07037102,key_1
20,0.035642102,0.99450177,4.6262156e-07,0.3224144,1.0,-0.022915633,0.598286,0.96201104,-0.03766258,0.8245597,0.95861393,-0.052306954,1.0,0.9875419,-0.06768717,0.54951435,0.6054153,-0.02494437,0.7413234,0.44884434,-0.043512944,0.8597889,0.35329813,-0.05810247,0.9574031,0.26373872,-0.06882844,0.40366265,0.52121353,-0.028439641,0.54425484,0.30576104,-0.04450366,0.6337292,0.1724382,-0.057299793,0.6992918,0.053906363,-0.06698423,0.23807853,0.49523932,-0.034822136,0.30481043,0.27666834,-0.051108807,0.34853387,0.13094907,-0.06329441,0.39291805,0.0,-0.07172395,0.062099505,0.5173229,-0.04354237,0.022176223,0.3326725,-0.058977846,0.002335464,0.20810086,-0.06649087,0.0,0.08889672,-0.07125691,key_1
21,0.01658251,0.9893662,4.6755665e-07,0.30842444,1.0,-0.023914993,0.5888021,0.9662348,-0.03935267,0.8196772,0.9667508,-0.0545884,1.0,0.99788225,-0.07059214,0.5432253,0.60599905,-0.026557289,0.7420917,0.45046955,-0.045969464,0.8660374,0.35310167,-0.061108384,0.96953875,0.26185596,-0.07219543,0.39611322,0.51952124,-0.03001341,0.54288805,0.30082884,-0.046965625,0.63694376,0.16545454,-0.060412705,0.7078383,0.042992704,-0.07057128,0.2291662,0.49303186,-0.036387805,0.2994458,0.2759085,-0.053612493,0.3494177,0.13106704,-0.066111,0.39896774,0.0,-0.07465875,0.052566007,0.51437145,-0.04518655,0.015312662,0.32571808,-0.06127487,0.0,0.1966472,-0.06889753,0.0015413128,0.072847754,-0.07374181,key_1
22,0.0,0.96039474,4.861085e-07,0.29125655,0.97845036,-0.024742803,0.5754054,0.95571053,-0.04112359,0.81333286,0.9669685,-0.057249196,1.0,1.0,-0.074250154,0.5433867,0.6028386,-0.02819216,0.74769485,0.4537403,-0.048904773,0.87734926,0.359806,-0.06488671,0.98698676,0.2726923,-0.07630093,0.39821893,0.51306295,-0.03143233,0.55784285,0.30164722,-0.04938836,0.6592699,0.16761874,-0.063376084,0.73698163,0.04652056,-0.07379324,0.2300209,0.48185205,-0.037666533,0.3052721,0.26665258,-0.055203732,0.36433017,0.12611368,-0.06747573,0.42590272,0.0,-0.07580943,0.05072696,0.49730045,-0.04644685,0.031024497,0.31139064,-0.062208768,0.029107375,0.18572176,-0.06927596,0.04403446,0.0664215,-0.07374218,key_1
23,0.0,0.9377175,4.8464545e-07,0.28244942,0.9601978,-0.024926174,0.56160957,0.9446371,-0.04163807,0.79522246,0.96448284,-0.057977278,0.97808623,1.0,-0.075178586,0.54297817,0.59460706,-0.029315436,0.755267,0.45260724,-0.050392784,0.8877591,0.36188602,-0.066387706,1.0,0.2790029,-0.077726185,0.40265825,0.50404274,-0.0326376,0.57153714,0.29553306,-0.050974164,0.6794542,0.16419084,-0.0648748,0.76392514,0.04791997,-0.0751566,0.23782732,0.47140038,-0.03893505,0.32465747,0.25950122,-0.056940194,0.39376837,0.12112538,-0.06949468,0.46454722,0.0,-0.0779626,0.060407583,0.4857105,-0.047732104,0.04267106,0.3005341,-0.064141035,0.042072643,0.17367595,-0.07156539,0.058287356,0.054645047,-0.07618853,key_1
24,0.0,0.89928967,4.8485947e-07,0.2612969,0.9315935,-0.025225844,0.52163476,0.9239299,-0.042636022,0.73772115,0.9503703,-0.05944885,0.9114538,1.0,-0.07722856,0.53261465,0.5773904,-0.031496793,0.7425896,0.44885388,-0.05355835,0.88108724,0.37061435,-0.07039533,1.0,0.30107632,-0.08221853,0.4042231,0.48470953,-0.03515198,0.57523763,0.2842436,-0.053616,0.6873732,0.16370496,-0.067621,0.77832407,0.059494548,-0.07832863,0.24507691,0.44802797,-0.041820977,0.35386395,0.24520513,-0.060682878,0.43358448,0.11336275,-0.07428479,0.50974923,0.0,-0.083625145,0.06768623,0.4568315,-0.05083599,0.051517367,0.27157766,-0.06853372,0.04737505,0.14412215,-0.07687599,0.057867385,0.023645092,-0.08226811,key_1
25,0.0,0.85581416,4.811427e-07,0.25108415,0.8921974,-0.024652097,0.49561477,0.89669096,-0.043295193,0.6981673,0.93880033,-0.061557703,0.8647231,1.0,-0.081166655,0.52664614,0.56273496,-0.035348035,0.73782873,0.440366,-0.059252992,0.8757976,0.36643386,-0.07732928,1.0,0.2976411,-0.09023568,0.4083609,0.47352597,-0.040583007,0.58477426,0.27957556,-0.06030222,0.7086087,0.16361786,-0.07548556,0.81361055,0.06028002,-0.087502144,0.25270712,0.4392956,-0.04857263,0.36443588,0.24243638,-0.06905188,0.4495481,0.11320145,-0.08442447,0.5307697,0.0,-0.09528627,0.076981485,0.45061627,-0.0587289,0.056118853,0.26350862,-0.078802325,0.044474956,0.13654402,-0.088833384,0.0483623,0.014625916,-0.095545486,key_1
26,0.0,0.8224213,4.8492626e-07,0.24252103,0.8659228,-0.02465552,0.47943094,0.88079125,-0.043744,0.6725318,0.9331321,-0.06240441,0.8319141,1.0,-0.082416125,0.52781516,0.55216,-0.036266044,0.7368855,0.4374142,-0.060753316,0.8748552,0.37108955,-0.07902498,1.0,0.31233552,-0.09199273,0.41539454,0.4661382,-0.041875996,0.5904218,0.27510372,-0.062202733,0.71617025,0.16111504,-0.07765537,0.8232596,0.060811814,-0.089672245,0.264581,0.43601838,-0.050240826,0.37302804,0.242131,-0.07138834,0.46093678,0.1133424,-0.08743861,0.5473639,0.0,-0.09865941,0.09483837,0.45174068,-0.060746647,0.07320648,0.2691726,-0.082000665,0.06145942,0.14392811,-0.09289043,0.06554772,0.023629498,-0.10001003,key_1
27,0.0,0.81453615,4.9318857e-07,0.24011706,0.86184794,-0.026454784,0.47256285,0.8820114,-0.046214465,0.664233,0.93888634,-0.0652239,0.81739897,1.0,-0.08539499,0.52543914,0.55439734,-0.036942523,0.7382562,0.44145614,-0.06094555,0.8762175,0.37436295,-0.07858373,1.0,0.31403765,-0.09112625,0.41425046,0.46678257,-0.04149424,0.58950514,0.28259337,-0.061882906,0.71167916,0.16839732,-0.07682936,0.81389093,0.06766835,-0.0881069,0.2668657,0.4357999,-0.048976317,0.37573087,0.24439232,-0.06992291,0.46442205,0.1142361,-0.08550636,0.5531679,0.0,-0.09625265,0.10177633,0.45253652,-0.05877151,0.082930766,0.27647942,-0.07969186,0.081252456,0.15294291,-0.09041688,0.0977555,0.035558123,-0.09730053,key_1
28,0.0,0.81749064,5.1236617e-07,0.24063289,0.866643,-0.026266648,0.47299492,0.8874398,-0.045647293,0.66399837,0.9422821,-0.064266585,0.8134727,1.0,-0.083996065,0.5281336,0.5581228,-0.036169354,0.7410325,0.44968915,-0.059845213,0.87820536,0.38318473,-0.07753355,1.0,0.32076535,-0.09024458,0.41785422,0.468145,-0.041026283,0.59440166,0.2831789,-0.061169293,0.7180939,0.17116144,-0.07618646,0.82247,0.07015784,-0.08757906,0.27321398,0.43512914,-0.04879406,0.384489,0.24822086,-0.06939799,0.47187266,0.11779392,-0.084579,0.5604953,0.0,-0.095105305,0.11070448,0.44994694,-0.05892369,0.094872765,0.27413246,-0.079113066,0.097087525,0.14864957,-0.089275,0.118784,0.02787126,-0.095886745,key_1
29,0.0,0.815736,5.1721776e-07,0.24189459,0.86415094,-0.02635153,0.4728646,0.885803,-0.045738764,0.6624803,0.94109744,-0.06444178,0.8107018,1.0,-0.084331326,0.525019,0.5560178,-0.036266666,0.7398108,0.44728854,-0.060196795,0.87749434,0.38199592,-0.07821785,1.0,0.32048458,-0.09106938,0.41490194,0.46668229,-0.041160453,0.5919484,0.2839868,-0.061416507,0.7172433,0.17082128,-0.076715454,0.82385516,0.06899124,-0.08835431,0.27027857,0.43294102,-0.04899314,0.38522488,0.24700238,-0.0694981,0.47426838,0.116731554,-0.084887035,0.56410044,0.0,-0.09564526,0.10744838,0.44636366,-0.059223738,0.09094401,0.26964045,-0.07926933,0.09568386,0.1426122,-0.08948648,0.119048506,0.022216065,-0.09618572,key_1
30,0.0,0.8127622,5.2490543e-07,0.24231586,0.86282474,-0.02619213,0.47808337,0.8850485,-0.045435715,0.6669405,0.9405897,-0.06400554,0.8133099,1.0,-0.083673246,0.52501875,0.5559784,-0.03586553,0.73847914,0.44797882,-0.059734758,0.8768721,0.38376543,-0.077558614,1.0,0.32573533,-0.0901822,0.41744995,0.46566468,-0.04058985,0.5960432,0.28763986,-0.060586363,0.7189371,0.17660895,-0.07561114,0.8223095,0.079019815,-0.086962625,0.2756757,0.43078822,-0.048221543,0.39126098,0.24618444,-0.068132244,0.47742367,0.115511596,-0.08317752,0.5648049,0.0,-0.09375876,0.11448646,0.44267243,-0.058272872,0.09847918,0.26971647,-0.07771989,0.10466829,0.14541405,-0.08769346,0.12978186,0.028557153,-0.094202764,key_1
31,0.0,0.8046944,5.3069965e-07,0.23962827,0.8574247,-0.026452113,0.4747034,0.8825232,-0.045734614,0.66216993,0.9401269,-0.064415716,0.80776286,1.0,-0.084188774,0.51979697,0.55315363,-0.03494921,0.7330608,0.44764662,-0.05908595,0.87420124,0.38689965,-0.07727514,1.0,0.33287007,-0.09000422,0.41381496,0.4630191,-0.03955665,0.5955518,0.28592467,-0.059651192,0.71948045,0.17566884,-0.07470324,0.8228781,0.07840032,-0.085946485,0.2738469,0.42677543,-0.047238264,0.39139378,0.24208993,-0.067291915,0.4808735,0.113701075,-0.08217914,0.5716792,0.0,-0.09247987,0.11416539,0.43618217,-0.05741688,0.10379543,0.2636044,-0.07678161,0.11148549,0.14227298,-0.08629065,0.13699557,0.027808525,-0.09240461,key_1
32,0.0,0.8042878,5.3389437e-07,0.23704128,0.8572696,-0.027386548,0.46564132,0.8835011,-0.04764024,0.6542013,0.9415375,-0.06718497,0.8034428,1.0,-0.087789655,0.5211077,0.5552425,-0.036246397,0.73657745,0.45307967,-0.061311305,0.87592727,0.39224896,-0.080037266,1.0,0.3363264,-0.09317012,0.41861483,0.46315143,-0.040712196,0.60634696,0.2891831,-0.06172678,0.72952425,0.1791343,-0.0770585,0.83194005,0.08159851,-0.08850002,0.2792893,0.42547306,-0.04837087,0.3983051,0.24011077,-0.06933148,0.488326,0.112216644,-0.08422394,0.58083534,0.0,-0.094476335,0.119470224,0.433231,-0.05857505,0.11458957,0.2597068,-0.07884139,0.12705122,0.1384384,-0.088579364,0.15841095,0.024590276,-0.09477397,key_1
33,0.0,0.7786462,5.3943194e-07,0.22969383,0.83537847,-0.027375165,0.4547791,0.8669039,-0.04828322,0.6348193,0.92904013,-0.06857778,0.78172284,1.0,-0.090052634,0.52237374,0.54360414,-0.037026316,0.7340583,0.44728518,-0.063233934,0.8738187,0.3891533,-0.08290704,1.0,0.33460885,-0.09674894,0.42327496,0.45172888,-0.042088054,0.6085717,0.28227934,-0.06431586,0.73250306,0.1765804,-0.0805275,0.83794385,0.08094242,-0.09255409,0.28663757,0.41317356,-0.05031633,0.40486217,0.2323964,-0.07265934,0.49681678,0.108416945,-0.08810802,0.5883141,0.0,-0.09837958,0.12976758,0.41752917,-0.061064456,0.13034265,0.2414175,-0.082585454,0.14125118,0.11874278,-0.09275549,0.16744033,0.0028257219,-0.098964125,key_1
34,0.0,0.771065,5.440713e-07,0.22921099,0.8306718,-0.028142087,0.45056233,0.8657448,-0.04925044,0.62945,0.9302341,-0.069732815,0.7724332,1.0,-0.09132894,0.52186906,0.53830695,-0.036682628,0.7342971,0.44183543,-0.06280077,0.87298876,0.3872298,-0.08279929,1.0,0.33706218,-0.09685693,0.42350355,0.4445544,-0.041347466,0.6080412,0.2740589,-0.063243724,0.7317789,0.17013103,-0.07984948,0.83821714,0.078196816,-0.0921991,0.289278,0.40326387,-0.049260754,0.4140385,0.22448276,-0.07110914,0.50965625,0.10421564,-0.086471364,0.6066333,0.0,-0.09684491,0.13454305,0.40527886,-0.059815604,0.14078282,0.23398934,-0.08075664,0.15830058,0.114985995,-0.09066446,0.19244511,0.003322407,-0.09676383,key_1
35,0.0,0.8005368,5.169838e-07,0.23386915,0.8569828,-0.027094161,0.45584464,0.88659745,-0.047037963,0.6343158,0.94121504,-0.06653614,0.77699274,1.0,-0.087079875,0.53021806,0.54887795,-0.03393591,0.73676956,0.44878012,-0.05938016,0.8732946,0.3965564,-0.079368666,1.0,0.3491303,-0.093444504,0.42940566,0.4531331,-0.038932934,0.6130953,0.27935922,-0.060098927,0.74032515,0.17944685,-0.07663041,0.85292107,0.09142022,-0.08910372,0.29308656,0.41102457,-0.047258783,0.42138508,0.23262541,-0.06858611,0.5222427,0.1155189,-0.083581924,0.62463564,0.013396236,-0.09387838,0.13600336,0.41325346,-0.058212914,0.15009983,0.23738736,-0.078640595,0.17409807,0.115335435,-0.088215254,0.21350357,0.0,-0.09426609,key_1
36,0.0,0.830168,4.9408294e-07,0.24074371,0.8803194,-0.025455484,0.46945873,0.9008535,-0.04333177,0.65569925,0.94720644,-0.0610974,0.8019552,1.0,-0.07966997,0.5326451,0.5509443,-0.027515085,0.7380304,0.44521466,-0.050987896,0.87516004,0.3916041,-0.07013438,1.0,0.34640273,-0.08364169,0.4299312,0.45430398,-0.032127507,0.6120265,0.27919504,-0.05177591,0.74419415,0.18547231,-0.06786391,0.86416924,0.1059634,-0.080026895,0.29545802,0.4094143,-0.04025275,0.4284307,0.22953938,-0.060023688,0.5434761,0.12056516,-0.07428356,0.6595011,0.027813768,-0.08412369,0.13934574,0.40649968,-0.05101424,0.17237419,0.23010865,-0.06966871,0.20986307,0.11099756,-0.07855886,0.26117823,0.0,-0.084274024,key_1
37,0.0,0.8941657,4.6407095e-07,0.25246122,0.93490994,-0.023101045,0.49404612,0.93336254,-0.038679156,0.6876856,0.9574216,-0.05428121,0.8382331,1.0,-0.070267215,0.5447327,0.56383157,-0.023364805,0.74280816,0.43331093,-0.045782678,0.8736226,0.38076985,-0.063683875,1.0,0.34916857,-0.07615437,0.43272445,0.46558177,-0.027996082,0.60111946,0.27819306,-0.047403775,0.7312864,0.19343145,-0.062408824,0.8586048,0.13615185,-0.073353,0.2917795,0.4184902,-0.036302816,0.41874036,0.22820699,-0.056103915,0.54429823,0.13028994,-0.069648586,0.67573214,0.059101243,-0.07869711,0.13288307,0.41625157,-0.04703607,0.16140018,0.22912994,-0.065006584,0.2046135,0.10725356,-0.07387954,0.26638073,0.0,-0.07969942,key_1
38,0.0,0.9799349,3.2139985e-07,0.28315416,1.0,-0.01875868,0.5429637,0.9521715,-0.029931627,0.7453942,0.92425597,-0.04216804,0.91076547,0.90760195,-0.05430665,0.59241116,0.53320855,-0.011590932,0.77072155,0.37480146,-0.034030743,0.8894345,0.34197357,-0.05299268,1.0,0.35446337,-0.06468213,0.46792477,0.43178046,-0.016694373,0.6218995,0.21028262,-0.037468635,0.74346393,0.16972138,-0.053709693,0.85176843,0.20062117,-0.06380551,0.31560528,0.38678432,-0.02578468,0.4339023,0.1683994,-0.045526084,0.5593359,0.1160985,-0.058052693,0.68601173,0.13250844,-0.0650149,0.13850379,0.38499707,-0.03720913,0.20684832,0.17998552,-0.052807968,0.29553857,0.06434254,-0.060816526,0.40121824,0.0,-0.06567174,key_1
39,0.0,0.9694015,2.5018264e-07,0.3144309,1.0,-0.01965331,0.61530393,0.9301394,-0.03196074,0.8267748,0.8516365,-0.044669762,0.92243457,0.7027779,-0.056813844,0.6544209,0.44863448,-0.02039358,0.8386427,0.18778466,-0.047308844,0.96531075,0.19075598,-0.068072945,1.0,0.288725,-0.07725027,0.5096055,0.33680204,-0.022785397,0.69980437,0.008862407,-0.046794113,0.81955385,0.055415034,-0.062107198,0.8220897,0.23288777,-0.06735878,0.3286244,0.2956918,-0.02821011,0.47092932,0.0,-0.04858826,0.5888355,0.025540134,-0.05704091,0.62365633,0.17188567,-0.057777427,0.117602125,0.29773122,-0.035628915,0.21632922,0.058040127,-0.05440998,0.34146068,0.029341862,-0.06166007,0.42867434,0.106985256,-0.062002096,key_1
40,0.0,0.9938339,9.1666415e-08,0.3423643,1.0,-0.014334965,0.64787644,0.9293416,-0.026249133,0.85939324,0.83212256,-0.04022863,0.9614257,0.6630356,-0.053384572,0.6927343,0.46305695,-0.01400775,0.9172594,0.15310076,-0.040887725,1.0,0.24147725,-0.061294973,0.9926802,0.39343056,-0.070480615,0.5252382,0.37745783,-0.01924329,0.74551,0.018093096,-0.043667257,0.83399165,0.16308537,-0.058677897,0.8157476,0.34788582,-0.06507364,0.3251216,0.33235693,-0.027412137,0.5189723,0.0,-0.04836304,0.62306684,0.15169851,-0.053166315,0.62005174,0.33565122,-0.052204423,0.09350482,0.31239155,-0.03727315,0.25940168,0.07277703,-0.053764254,0.38160416,0.15495536,-0.055824537,0.4164521,0.28744572,-0.053880125,key_1
41,0.0,0.99315876,4.412271e-08,0.341932,1.0,-0.013866134,0.64499605,0.9195848,-0.026335994,0.8731704,0.82060635,-0.04122555,0.951091,0.6396876,-0.05496631,0.6763762,0.4426502,-0.0134849725,0.93803954,0.13318269,-0.04312654,1.0,0.2730537,-0.06418986,0.95344716,0.44395673,-0.07308898,0.510094,0.3627732,-0.019293975,0.7602429,0.015761122,-0.047228266,0.8148262,0.22977975,-0.062286723,0.7690555,0.4213309,-0.067792274,0.31233448,0.318395,-0.028423233,0.5213148,0.0,-0.052129637,0.6040446,0.21390015,-0.056383908,0.5875389,0.40737832,-0.05419452,0.08081484,0.2993016,-0.039121713,0.25372934,0.084061086,-0.056132972,0.38322505,0.20867893,-0.05803959,0.42936817,0.34950498,-0.056022946,key_1
42,0.0,1.0,-5.1910483e-08,0.37661824,0.9671459,-0.00923631,0.684102,0.87579584,-0.018628007,0.92423874,0.75538856,-0.031674057,0.96473634,0.5476755,-0.04340378,0.7152834,0.41319662,-0.0042541223,0.9778321,0.1437181,-0.031468175,1.0,0.30817932,-0.05005017,0.93354,0.4793803,-0.057335023,0.55452013,0.33588073,-0.0114138685,0.8038518,0.030245317,-0.036898945,0.80350226,0.27485874,-0.047679324,0.7307286,0.47784698,-0.049661834,0.3515348,0.28973043,-0.022018636,0.56581587,0.0,-0.045243133,0.6001656,0.26877427,-0.044522922,0.55394477,0.49094382,-0.0379271,0.107264206,0.2740178,-0.033955477,0.2968327,0.09640521,-0.050373256,0.38999292,0.27570805,-0.048267115,0.39696598,0.44826892,-0.042392023,key_1
43,0.0,1.0,-1.5778254e-07,0.38075393,0.96554416,-0.010202849,0.67911,0.84058493,-0.01909777,0.88648283,0.69962114,-0.031003097,1.0,0.5263385,-0.0403162,0.7393341,0.35867575,-0.006085661,0.962423,0.15722089,-0.03199427,0.91179776,0.39993313,-0.046888817,0.80377334,0.58376765,-0.052089997,0.5697363,0.27169058,-0.012657257,0.79456073,0.046333216,-0.039288577,0.7398656,0.35470214,-0.04764544,0.6440711,0.5661292,-0.047479704,0.35578912,0.21755785,-0.022698289,0.5779851,0.0,-0.049196787,0.56703436,0.33100685,-0.046788145,0.50041443,0.55753386,-0.038234305,0.10153989,0.20748201,-0.0336684,0.31523317,0.11388839,-0.053534683,0.37389922,0.34927338,-0.051117696,0.35766953,0.5251886,-0.044126045,key_1
44,0.0,1.0,-1.2396542e-07,0.3455566,0.96462756,-0.012264044,0.65414125,0.80520266,-0.020868206,0.86845344,0.6541088,-0.031765915,1.0,0.4967349,-0.03961153,0.7008338,0.27418554,-0.007496969,0.9336084,0.119780876,-0.032731503,0.8747301,0.39502782,-0.045791578,0.7661883,0.5907985,-0.04982036,0.52999115,0.17295462,-0.012603837,0.7545602,0.01854119,-0.040052477,0.6970654,0.3642547,-0.04782142,0.6011259,0.58644617,-0.046528265,0.32232314,0.11855557,-0.021289863,0.5420233,0.0,-0.049911927,0.5193556,0.36854246,-0.048606977,0.4485751,0.5959861,-0.03990499,0.08290556,0.12330127,-0.030920377,0.30425498,0.13744275,-0.053155843,0.3515703,0.41974095,-0.05246003,0.331743,0.6036305,-0.045873854,key_1
45,0.0,1.0,-1.5364657e-07,0.34177956,0.96771556,-0.011795365,0.6793348,0.8033808,-0.02016635,0.9018432,0.6519384,-0.030257901,1.0,0.4670605,-0.037225008,0.7246423,0.18291165,-0.009423299,0.9808135,0.07099479,-0.033459604,0.9208174,0.38134268,-0.044804964,0.8042234,0.573539,-0.04781268,0.5407733,0.06649091,-0.014582728,0.79439044,0.0,-0.041104633,0.71851057,0.3884321,-0.04748154,0.59913236,0.58711725,-0.045153,0.31728896,0.017034607,-0.022853078,0.5644378,0.00031474483,-0.0506874,0.5251496,0.3998517,-0.048597902,0.43756595,0.5942977,-0.039531853,0.065462016,0.042019285,-0.031921986,0.30631003,0.14047465,-0.05282767,0.34707022,0.45063597,-0.051001895,0.3159885,0.61105686,-0.043741345,key_1
46,0.0,1.0,-1.7022937e-07,0.35098383,0.9635476,-0.013514562,0.7193904,0.80070513,-0.023024876,0.9486784,0.6362015,-0.03336483,0.9859555,0.4311641,-0.039970975,0.73058105,0.14689364,-0.011105059,1.0,0.104479894,-0.03430985,0.9460062,0.4175687,-0.043571386,0.8304614,0.57786095,-0.045720223,0.5371057,0.032030568,-0.015902635,0.8159854,0.06276693,-0.04164375,0.73010325,0.44628915,-0.046947587,0.6057464,0.5615279,-0.044449806,0.31397435,0.0,-0.023675703,0.5925086,0.06744185,-0.051242698,0.5341927,0.45257017,-0.047436256,0.42891505,0.5609213,-0.037874404,0.06975327,0.04805154,-0.032371376,0.33738366,0.19184501,-0.05260798,0.3581026,0.48870817,-0.04887599,0.30043358,0.5862081,-0.040566124,key_1
47,0.0,1.0,-1.8880448e-07,0.343168,0.9614288,-0.016156804,0.7012308,0.80191314,-0.026876325,0.94810736,0.6390555,-0.037823804,1.0,0.41919166,-0.044529483,0.70211864,0.13280524,-0.0116944425,0.9628653,0.13264637,-0.03472451,0.8905098,0.438528,-0.043721564,0.7657477,0.5648349,-0.046060972,0.50743014,0.022140672,-0.015164728,0.77561957,0.09827178,-0.04020265,0.6866221,0.48362127,-0.044389408,0.576054,0.5638372,-0.04135869,0.28706834,0.0,-0.021880008,0.5626879,0.10330163,-0.04917338,0.49222827,0.48290783,-0.043600615,0.38021374,0.55501854,-0.033135343,0.052431062,0.057211395,-0.029824277,0.31845585,0.2225529,-0.04974867,0.3131084,0.50534093,-0.045031916,0.22966619,0.5648978,-0.036066983,key_1
48,0.0,1.0,-2.3237975e-07,0.33583668,0.9573545,-0.016097471,0.6805748,0.7948031,-0.026761461,0.92612934,0.62601984,-0.037508342,1.0,0.38862067,-0.04394339,0.6698022,0.1251365,-0.012716268,0.9198784,0.1243699,-0.03482715,0.8173365,0.4423761,-0.04204124,0.683523,0.5209087,-0.043724656,0.47066438,0.017472552,-0.016386824,0.7258155,0.099453054,-0.040074456,0.62008417,0.4966862,-0.042641245,0.5071955,0.51343745,-0.03935389,0.24647686,0.0,-0.02312855,0.5127234,0.094557874,-0.049965814,0.43103123,0.4924714,-0.0419865,0.31261438,0.522969,-0.030645844,0.007223816,0.05927455,-0.030922428,0.27176452,0.1928024,-0.049878664,0.25413027,0.48651177,-0.042691816,0.15379952,0.5320289,-0.032422747,key_1
49,0.0,1.0,-2.4769002e-07,0.34174857,0.9516227,-0.016195305,0.6671584,0.7931658,-0.027740924,0.90663314,0.62863564,-0.039212707,1.0,0.39527556,-0.046349525,0.633163,0.10736642,-0.013023878,0.8999098,0.16838498,-0.03537577,0.7779599,0.47945523,-0.043060664,0.64294237,0.5076921,-0.04574377,0.44350976,0.0075877947,-0.016963238,0.7299802,0.1538258,-0.040909093,0.6003053,0.5369434,-0.0436833,0.47988904,0.50848424,-0.04083965,0.23493114,0.0,-0.023842495,0.5150306,0.15770996,-0.049946617,0.4111066,0.5305381,-0.0414004,0.28594688,0.51493514,-0.030252889,0.016087154,0.06600461,-0.031856913,0.2810952,0.22824968,-0.04905673,0.24415551,0.50025713,-0.04087084,0.1330274,0.51145893,-0.030396407,key_1
50,0.0,1.0,-2.3568255e-07,0.3745612,0.93079084,-0.011054211,0.6703047,0.79443353,-0.022644032,0.89109164,0.66200817,-0.035344593,1.0,0.44501808,-0.04400425,0.5688829,0.07704059,-0.009496235,0.8923556,0.24619958,-0.033673,0.77770615,0.5367936,-0.044930022,0.635091,0.5589795,-0.050455123,0.40456343,0.0,-0.01687891,0.76399374,0.2376041,-0.041031435,0.6419131,0.5832981,-0.04503294,0.5178006,0.5700414,-0.043953557,0.23027179,0.0236462,-0.026998194,0.577201,0.25130707,-0.051520344,0.46512327,0.57798374,-0.0435147,0.33340922,0.5641091,-0.033790518,0.056050215,0.12652121,-0.03818462,0.3463716,0.32419494,-0.05344847,0.29481524,0.55043095,-0.04572689,0.1840804,0.5462383,-0.03651494,key_1
51,0.0,1.0,-2.3234207e-07,0.43606085,0.9395112,-0.002720916,0.7059354,0.8325133,-0.013742901,0.9018067,0.7426371,-0.02790834,1.0,0.5458048,-0.038943484,0.57036614,0.04057126,-0.006258705,0.9144999,0.2805874,-0.028919715,0.8239906,0.58025867,-0.040019475,0.7009319,0.60600245,-0.046360057,0.43430623,0.0,-0.018914336,0.8274901,0.31812692,-0.04132922,0.7192152,0.65018994,-0.045452025,0.5994612,0.6320568,-0.045677844,0.29989526,0.07743787,-0.0333591,0.66407907,0.3656569,-0.05437883,0.56908816,0.67811435,-0.046478562,0.45358616,0.65720344,-0.03847943,0.17700297,0.24233232,-0.048453584,0.4621907,0.46071744,-0.060115434,0.41066363,0.67184126,-0.05201378,0.31405264,0.6633258,-0.04397737,key_1
52,0.0,1.0,-2.012218e-07,0.43034816,0.987324,-0.0036392452,0.6886853,0.87110937,-0.014148755,0.89100885,0.7942965,-0.02715556,1.0,0.62006176,-0.03704717,0.5723276,0.004362993,-0.007398176,0.92627627,0.29897794,-0.027393252,0.84501994,0.574286,-0.038585924,0.73167276,0.58273345,-0.045860343,0.45955977,0.0,-0.018086163,0.87781644,0.3801938,-0.035757978,0.7656663,0.6696835,-0.038009938,0.647318,0.63721573,-0.038927346,0.35152712,0.1224733,-0.030659767,0.7432324,0.4754349,-0.045664433,0.64041233,0.73456174,-0.037655815,0.52278227,0.7058995,-0.03183444,0.25877947,0.33223683,-0.044385366,0.5552473,0.6017801,-0.052041568,0.49375898,0.780352,-0.045236506,0.39721304,0.76261574,-0.03994653,key_1
53,0.0,1.0,-2.0475609e-07,0.4213761,0.98242235,0.003065167,0.6760077,0.8354668,-0.0040233443,0.87938124,0.7560285,-0.014713619,1.0,0.67606395,-0.022722842,0.5838481,0.0,-0.0039785774,0.96185076,0.3332624,-0.020900415,0.8665875,0.58778954,-0.029776888,0.74609464,0.5908607,-0.036053006,0.49326906,0.03443352,-0.01686043,0.9211408,0.45228845,-0.032410897,0.79068506,0.6890068,-0.032724865,0.66422945,0.6467909,-0.0330964,0.40784124,0.1841668,-0.030897584,0.8092074,0.572504,-0.042539865,0.6879102,0.78636277,-0.033523627,0.56587285,0.7471558,-0.028146373,0.33398858,0.40950623,-0.045690488,0.6439278,0.69921905,-0.05057344,0.5612827,0.8597607,-0.043685112,0.45812768,0.8299089,-0.039464124,key_1
54,0.0,1.0,-1.1216116e-07,0.42733902,0.942393,-0.0016466235,0.663748,0.77875346,-0.011563393,0.8584272,0.6980225,-0.024412384,1.0,0.6547204,-0.033794288,0.5564149,0.0,-0.007075427,0.97688127,0.28274202,-0.025635507,0.8879987,0.494963,-0.035425752,0.76444554,0.500836,-0.041843925,0.47715017,0.0519749,-0.017799549,0.94032514,0.42005077,-0.03393484,0.81219167,0.6285465,-0.033851165,0.68858075,0.59033877,-0.033721656,0.41194808,0.20917077,-0.03039028,0.85581124,0.55217385,-0.043009706,0.7266425,0.73897284,-0.033685695,0.59849495,0.706481,-0.027594658,0.36129877,0.4371793,-0.044141512,0.70897585,0.7082147,-0.04949288,0.62037104,0.8515269,-0.042234078,0.5120627,0.8316708,-0.037445787,key_1
55,0.0,1.0,-1.0255396e-07,0.4122379,0.9126616,-0.00036993108,0.64860034,0.7223299,-0.008440482,0.8503488,0.639961,-0.019491322,1.0,0.63039607,-0.027206339,0.48778957,0.0,-0.004212023,0.9199734,0.2328795,-0.020219076,0.861087,0.43540058,-0.029185345,0.7480237,0.45782968,-0.035400193,0.4322076,0.06374217,-0.0142148165,0.9105536,0.39686987,-0.027760873,0.80592954,0.5917911,-0.027788186,0.68297756,0.55943006,-0.02830515,0.39934203,0.22448541,-0.025856154,0.84162855,0.5634207,-0.03527907,0.72603744,0.7223696,-0.027711969,0.60078496,0.68197376,-0.023652654,0.3866941,0.44278833,-0.03866146,0.71767515,0.7244777,-0.041588407,0.62651557,0.84056646,-0.03589366,0.5159443,0.8076683,-0.032951176,key_1
56,0.0,1.0,-7.9992304e-08,0.2598288,0.74482936,0.004485689,0.52430207,0.5256918,-0.0028662093,0.8104761,0.5156004,-0.01385977,1.0,0.5830608,-0.022526456,0.46043003,0.0,-0.005114745,0.94248617,0.17138869,-0.018796971,0.9163156,0.36527756,-0.02539806,0.81325316,0.41899765,-0.029463692,0.45567772,0.09636283,-0.016886204,0.960568,0.37448028,-0.02725844,0.86308074,0.5624038,-0.026002388,0.7250669,0.55041265,-0.025579836,0.46232626,0.2789498,-0.029226081,0.9137649,0.55560666,-0.03437868,0.78839266,0.71178967,-0.02591942,0.65527683,0.680429,-0.021546304,0.48070472,0.51309705,-0.042293966,0.811599,0.74606043,-0.040811583,0.7058131,0.85878146,-0.032887112,0.58916014,0.83230776,-0.028539492,key_1
57,0.0,1.0,-6.950382e-08,0.18921395,0.6259581,0.0039105867,0.44279236,0.354296,-0.0022551469,0.7368444,0.33888128,-0.011687886,0.9336556,0.42399102,-0.018946124,0.43771163,0.0,-0.00216003,0.9417015,0.12410614,-0.015644958,0.9381791,0.3172952,-0.023098253,0.83207005,0.38084581,-0.027339626,0.4882024,0.11552434,-0.012712528,1.0,0.31512144,-0.022403399,0.9243657,0.50972337,-0.022678744,0.7804031,0.52273023,-0.022595037,0.5448856,0.2966426,-0.024025064,0.99208766,0.50977075,-0.028264482,0.8827992,0.6732433,-0.021235975,0.7461037,0.654745,-0.01725983,0.6017118,0.5274396,-0.036118507,0.90479004,0.71249515,-0.033711184,0.8001809,0.8303668,-0.02591835,0.68496776,0.81076866,-0.021224167,key_1
58,0.0,1.0,-8.071342e-08,0.14528577,0.6013311,0.004046099,0.41621256,0.3194453,-0.0022784371,0.74731505,0.30738348,-0.011475325,0.97414684,0.39859077,-0.018296866,0.40184113,0.0,-0.0038581213,0.92122364,0.07180863,-0.016686393,0.88949996,0.25181207,-0.023432914,0.76421344,0.31026727,-0.027276494,0.47566116,0.13869984,-0.014011096,0.9949775,0.27819237,-0.022323474,0.91114885,0.4509556,-0.02209324,0.76639986,0.47399008,-0.022165265,0.5564468,0.32722133,-0.024714159,1.0,0.49656004,-0.02735527,0.8798409,0.6410904,-0.019811645,0.73361635,0.6303165,-0.016103739,0.6368706,0.5575061,-0.036180954,0.94534206,0.70140386,-0.032528132,0.8289832,0.8136844,-0.024336915,0.70770067,0.80417854,-0.019760754,key_1
59,0.0,1.0,-3.54075e-07,0.16212176,0.6210681,0.009703861,0.40634435,0.3394252,0.0025340572,0.65921474,0.2838236,-0.009379593,0.84389716,0.3657178,-0.01971961,0.46148065,0.0,-0.006934157,0.9623691,0.044290885,-0.018067896,0.9503651,0.3275423,-0.023076884,0.83372605,0.46648845,-0.02549087,0.48136762,0.12584563,-0.018937606,1.0,0.2637184,-0.025284862,0.9444447,0.52232635,-0.022909878,0.7951893,0.62319046,-0.023010697,0.5188297,0.3156976,-0.03040663,0.9825178,0.51286656,-0.031611446,0.8990564,0.716219,-0.022740198,0.73320514,0.7683762,-0.019505786,0.55559987,0.5259438,-0.041725397,0.8874369,0.7217092,-0.03460335,0.81780577,0.8614107,-0.023195518,0.6782188,0.888367,-0.017397573,key_1
60,0.0,1.0,-2.3996876e-07,0.19172554,0.5622366,0.00622036,0.45916265,0.29702112,0.0015936929,0.72320026,0.29574725,-0.006876495,0.8930384,0.38306803,-0.013831233,0.5169458,0.0,-0.00051467854,0.9469072,0.08850619,-0.013330693,0.90933955,0.2874051,-0.021344505,0.80043465,0.36274606,-0.026442584,0.57934266,0.16894259,-0.012186821,1.0,0.3394593,-0.01992496,0.91226166,0.5005184,-0.021850727,0.7764074,0.51427037,-0.023880215,0.6377138,0.39286986,-0.024198648,0.98704135,0.5717408,-0.026913362,0.8757442,0.6993828,-0.021874737,0.74736947,0.6843839,-0.020108862,0.6835268,0.6491006,-0.036742177,0.90116286,0.80498743,-0.03295982,0.79477155,0.9021185,-0.025334744,0.6943071,0.8882375,-0.021148374,key_1
61,0.0,0.8757724,-1.8510886e-07,0.2156089,0.4473132,0.005496436,0.5070728,0.23728858,0.00091902504,0.7543408,0.30299595,-0.0068189013,0.9023857,0.46249607,-0.013284624,0.6342747,0.0,-0.0037031781,1.0,0.22027367,-0.015047469,0.9527681,0.39753836,-0.022665804,0.8508869,0.4231134,-0.027623193,0.658851,0.23213793,-0.014359174,0.9797487,0.52011234,-0.018997299,0.892822,0.6311956,-0.020135935,0.7860014,0.60302097,-0.022836845,0.67108715,0.50743526,-0.024994986,0.9321274,0.76824725,-0.024432266,0.8310087,0.8272874,-0.018484415,0.7243444,0.7691849,-0.017242137,0.6651696,0.78973705,-0.03626646,0.8356177,0.9614329,-0.029917305,0.7346959,1.0,-0.020806072,0.64219934,0.9555458,-0.016143551,key_1
62,0.0,0.73673916,-1.9364836e-07,0.23540588,0.3644836,0.0096352035,0.52699137,0.22044745,0.006297052,0.7501623,0.3093565,-0.0008653531,0.8876674,0.4723619,-0.006821248,0.6855341,0.0,-0.0013638126,1.0,0.30837423,-0.011292635,0.934859,0.46512535,-0.016582323,0.8375501,0.46746343,-0.019713968,0.67832905,0.21070237,-0.013409611,0.95536107,0.59404784,-0.01747956,0.85056007,0.68787825,-0.01626181,0.7464907,0.6416993,-0.016699862,0.65225214,0.46812963,-0.025071345,0.8654885,0.8143063,-0.024253529,0.75475144,0.858224,-0.01701865,0.66287625,0.788249,-0.014590455,0.60905814,0.73614156,-0.036901556,0.7389252,0.97426265,-0.03028411,0.6342638,1.0,-0.020877527,0.5582716,0.94129187,-0.015775934,key_1
63,0.0,0.420438,-2.7800147e-07,0.2715433,0.14292258,0.009605549,0.558512,0.116015956,0.007829893,0.74160266,0.285945,0.0017654897,0.8338321,0.4558326,-0.0033813282,0.7648435,0.0,0.0022272808,1.0,0.41559392,-0.007827158,0.91173285,0.5464055,-0.014645241,0.8225542,0.50522584,-0.01923183,0.73584753,0.20950602,-0.010563951,0.89952195,0.68441045,-0.014241858,0.7903823,0.7262189,-0.0149752805,0.71022034,0.6348392,-0.017241657,0.6693083,0.46683717,-0.023262288,0.76719105,0.86551535,-0.021511212,0.6567259,0.8511243,-0.016391704,0.59094846,0.73116916,-0.015928574,0.5779026,0.7240184,-0.03643914,0.6262554,1.0,-0.029477118,0.5269071,0.9711234,-0.021489277,0.4701387,0.87091327,-0.01762858,key_1
64,0.0,0.2442226,-2.391713e-07,0.30098465,0.054261602,0.006949824,0.6078676,0.093073756,0.002317452,0.8050858,0.22163796,-0.0050537116,0.92607033,0.36070982,-0.010414134,0.8229503,0.0,-0.00837333,1.0,0.5397814,-0.020826293,0.88750625,0.5996444,-0.027008371,0.80072814,0.48469546,-0.030546656,0.7410632,0.2143653,-0.020107633,0.88760686,0.7620969,-0.025526235,0.7732716,0.747342,-0.023853937,0.6976034,0.61422724,-0.02441772,0.6303448,0.4644505,-0.031526603,0.7295154,0.90576303,-0.03168627,0.6246991,0.84085053,-0.023328882,0.56201947,0.69012123,-0.020581413,0.504032,0.7023556,-0.043234006,0.5681379,1.0,-0.03738251,0.4764062,0.9350922,-0.02763355,0.4257115,0.81056404,-0.022483746,key_1
65,0.0,0.043689262,-2.5669635e-07,0.33495593,0.0,0.0061160647,0.64590186,0.20524678,0.0015712811,0.7883585,0.4932623,-0.0062043606,0.83492184,0.74194235,-0.012479944,0.8913752,0.20217358,-0.00542818,1.0,0.76447254,-0.017926121,0.885464,0.79042864,-0.0262043,0.8108902,0.6688878,-0.03181467,0.7795111,0.36305144,-0.017686263,0.83233225,0.9483201,-0.022499336,0.72584367,0.88704515,-0.022834117,0.6758336,0.7365322,-0.02531372,0.6239712,0.536466,-0.029989697,0.6400791,1.0,-0.028980993,0.5462242,0.8869839,-0.023102824,0.51303583,0.7188578,-0.022423135,0.4488343,0.68356204,-0.043077752,0.44997638,0.98035574,-0.03622788,0.3757534,0.87165457,-0.027950713,0.35118943,0.723193,-0.024241276,key_1
66,0.0,0.0,-1.7662693e-07,0.35869896,0.031972274,0.00885124,0.6450063,0.3222598,0.0023078898,0.75847304,0.6944945,-0.007625843,0.79048985,1.0,-0.01546795,0.91336733,0.22405083,-0.0110468455,1.0,0.7908902,-0.023869023,0.8717935,0.8036134,-0.030070294,0.79871994,0.68039817,-0.03334818,0.76948494,0.32463774,-0.024468074,0.8079193,0.93383354,-0.028825091,0.6905893,0.87471133,-0.025783615,0.63697445,0.7258514,-0.026101474,0.5886875,0.44952407,-0.03725514,0.6044106,0.95190316,-0.035340138,0.5110008,0.84410816,-0.025123253,0.47812507,0.6789277,-0.021892786,0.39994958,0.55942845,-0.050395392,0.42346588,0.9209693,-0.04070785,0.34869173,0.81733817,-0.028154436,0.32641637,0.67048895,-0.022118442,key_1
67,0.0,0.0,-1.8326257e-07,0.36371103,0.05554895,0.007256714,0.64429945,0.36692703,-0.0016239266,0.76577365,0.7337714,-0.013069475,0.81397647,1.0,-0.022237418,0.91928554,0.22745854,-0.022079337,1.0,0.7965004,-0.035703693,0.8610988,0.7958705,-0.04061945,0.7987298,0.6611663,-0.043419547,0.7517305,0.29390353,-0.035800513,0.7638697,0.8941812,-0.040719204,0.6503672,0.81694734,-0.03613857,0.6202684,0.6646889,-0.036865942,0.5461653,0.38651016,-0.048300676,0.54864895,0.89870304,-0.047521405,0.46107408,0.7837183,-0.035318784,0.441871,0.62411326,-0.03172354,0.3435095,0.46944723,-0.061071698,0.37334394,0.8620219,-0.053113673,0.30832738,0.7597618,-0.039794832,0.29182,0.61272913,-0.03371613,key_1
68,0.0,0.0,-1.4670934e-07,0.39068595,0.10254005,0.0034128793,0.68873364,0.44628605,-0.009562705,0.83392066,0.8260642,-0.02388827,0.86072636,1.0,-0.03593106,0.9452781,0.20095839,-0.03706853,1.0,0.76387775,-0.051913556,0.86111546,0.7722892,-0.053506754,0.81324077,0.6387852,-0.054442327,0.7361464,0.22757936,-0.051143125,0.7357511,0.860109,-0.059758317,0.6229942,0.76976526,-0.051965266,0.6182954,0.6011643,-0.05086192,0.49478236,0.29044148,-0.06359342,0.49916393,0.84939295,-0.06671659,0.41459525,0.71271086,-0.05201864,0.41512835,0.5382814,-0.046812415,0.26517153,0.3566844,-0.0764222,0.3175448,0.8030024,-0.07182794,0.2703708,0.6939052,-0.05855796,0.266356,0.5266012,-0.052828986,key_1
69,0.0,0.0,-9.9317184e-08,0.3653752,0.09156471,-0.0012685695,0.7002378,0.38320005,-0.017489035,0.89996463,0.73195046,-0.034297857,1.0,1.0,-0.048767507,0.877783,0.0684621,-0.05409059,0.9637329,0.65857315,-0.075290345,0.81655663,0.7077153,-0.07680484,0.75708365,0.5877918,-0.07664661,0.6645581,0.035175517,-0.067801215,0.7115603,0.7635038,-0.08483235,0.57628745,0.68557644,-0.07356933,0.5457794,0.4988048,-0.06876861,0.42500442,0.06157038,-0.080413155,0.4770115,0.72754115,-0.092100054,0.37476027,0.5972935,-0.073908284,0.35124227,0.40987703,-0.064758174,0.19203275,0.11463533,-0.09341537,0.289642,0.6649302,-0.09601539,0.24665777,0.56763685,-0.08310844,0.22318706,0.37652707,-0.07673511,key_1
70,0.0,0.33430612,3.7331665e-07,0.35851747,0.5096586,-0.0057725855,0.6210625,0.6742374,-0.028309856,0.797007,0.86376464,-0.05159898,1.0,1.0,-0.0736541,0.7072474,0.08917689,-0.061429862,0.8367804,0.45834592,-0.091641545,0.8203483,0.8062931,-0.10293758,0.7553943,0.99374086,-0.1076797,0.5109664,0.0,-0.07507284,0.58412415,0.6555965,-0.101851836,0.5188815,0.86177576,-0.09654907,0.47685805,0.8113694,-0.09298653,0.28776732,0.022924082,-0.08813108,0.36252347,0.65302694,-0.10894343,0.33155718,0.78806984,-0.08998659,0.30520046,0.6683024,-0.07689759,0.07561858,0.09059592,-0.10215073,0.1701974,0.5841263,-0.11591781,0.18495673,0.697075,-0.103345186,0.18045492,0.5924189,-0.0931408,key_1
71,0.035760265,0.55709785,4.1565826e-07,0.3184728,0.6994607,-0.016356925,0.5890364,0.77301186,-0.036486886,0.7949777,0.9039317,-0.05619928,1.0,1.0,-0.07673883,0.62175614,0.120415606,-0.052947972,0.8128619,0.015943518,-0.08986213,0.8897231,0.26517817,-0.11318895,0.9092223,0.52120966,-0.12658612,0.4448968,0.0,-0.06319255,0.5866895,0.06928521,-0.103875145,0.6233307,0.43836093,-0.11846237,0.6203031,0.6755499,-0.12539755,0.22722581,0.009310829,-0.074798025,0.33474064,0.09645214,-0.11197864,0.38111976,0.4472848,-0.11629347,0.39810583,0.67318785,-0.11490731,0.0,0.08666345,-0.08712101,0.07452462,0.16086558,-0.11522817,0.14677711,0.4030279,-0.11904532,0.1965493,0.5919128,-0.118345074,key_1
72,0.122838475,0.7706396,4.7313267e-07,0.32749435,0.8328564,-0.03137601,0.5271887,0.861836,-0.05226079,0.7039622,0.9305777,-0.07069538,0.848806,1.0,-0.090461895,0.58926,0.5210458,-0.046791352,0.766543,0.38670352,-0.06996832,0.889085,0.32966283,-0.087013796,1.0,0.2787944,-0.09947155,0.4553641,0.43060035,-0.04726771,0.566314,0.25512525,-0.068252936,0.63737357,0.15209351,-0.083891615,0.69632447,0.055483017,-0.09594222,0.2891113,0.4066742,-0.05016411,0.32592702,0.22795345,-0.07060471,0.34933534,0.10740759,-0.08480945,0.38119778,0.0,-0.09496816,0.11348021,0.4337609,-0.055596747,0.063740194,0.28299287,-0.07463431,0.022193104,0.18339925,-0.08413996,0.0,0.09042255,-0.090493046,key_1
73,0.20780219,0.8212906,5.353882e-07,0.39942876,0.8734914,-0.035180856,0.58435696,0.89624876,-0.05873754,0.7436482,0.943318,-0.079415224,0.8761291,1.0,-0.10097006,0.6276493,0.5620158,-0.053036314,0.7946222,0.41804495,-0.07696289,0.9043714,0.33507323,-0.093216114,1.0,0.2524996,-0.105367094,0.4981208,0.47132504,-0.052536894,0.6097534,0.28746352,-0.07458826,0.6845955,0.16579632,-0.090227544,0.7438959,0.051886473,-0.102465615,0.3437873,0.441895,-0.05449229,0.37514096,0.24837133,-0.0767315,0.3924726,0.115403555,-0.09287884,0.41088513,0.0,-0.10427802,0.18136758,0.46365336,-0.05920971,0.09956464,0.29527417,-0.08101376,0.038498867,0.18373097,-0.09291581,0.0,0.07833367,-0.1007266,key_1
74,0.17663153,0.82588094,4.3388007e-07,0.39129096,0.8788824,-0.033504844,0.58716846,0.8951232,-0.056857586,0.7568608,0.9440743,-0.07859807,0.89663833,1.0,-0.1014937,0.6287308,0.573631,-0.05025268,0.8039541,0.41566142,-0.07519508,0.9089195,0.31394425,-0.09213577,1.0,0.2148237,-0.10474016,0.49073747,0.48577985,-0.050289303,0.6149999,0.29440504,-0.07291127,0.6813029,0.16497675,-0.08765477,0.727305,0.045168214,-0.09892496,0.33084172,0.45561913,-0.052855514,0.3544298,0.25676855,-0.0733623,0.36632875,0.12252195,-0.08680377,0.3869971,0.0,-0.096471846,0.16458683,0.47256237,-0.058624182,0.09124185,0.30570766,-0.078218736,0.034592226,0.19488586,-0.08822244,0.0,0.089838,-0.094847865,key_1
75,0.16243953,0.80688673,4.5671774e-07,0.3694824,0.8570072,-0.03525149,0.55727404,0.8762028,-0.06023316,0.7168244,0.9336454,-0.08333303,0.8605444,1.0,-0.1076286,0.6216144,0.5619173,-0.05322783,0.8012725,0.4073542,-0.07916694,0.90828145,0.30592015,-0.096697554,1.0,0.2088607,-0.10957178,0.48313093,0.4758475,-0.052798167,0.6186617,0.28779507,-0.075772695,0.69230485,0.16077396,-0.090786114,0.74319196,0.04553736,-0.102134995,0.32059315,0.44674164,-0.054940537,0.35538495,0.24873373,-0.07597349,0.370413,0.117449895,-0.08987795,0.39194912,0.0,-0.099701226,0.15031673,0.4635892,-0.060347386,0.08807021,0.3032504,-0.08036837,0.03436599,0.1988596,-0.09027327,0.0,0.101417534,-0.09668453,key_1
76,0.19454293,0.8008388,5.347952e-07,0.3834061,0.84707594,-0.037603162,0.5469737,0.8708158,-0.06507094,0.6966154,0.9347492,-0.09008922,0.8429642,1.0,-0.11624013,0.62321013,0.5542431,-0.058362413,0.8012196,0.40055895,-0.085683964,0.9081634,0.29799083,-0.10399224,1.0,0.2021962,-0.11729114,0.4845773,0.46899328,-0.05765356,0.61806107,0.2730744,-0.0815726,0.69612104,0.14216898,-0.09742519,0.75319046,0.029513542,-0.10941749,0.32110903,0.44433352,-0.059483193,0.3496624,0.24216993,-0.08162494,0.3623864,0.111797154,-0.096766315,0.3855352,0.0,-0.10752801,0.14853743,0.4693417,-0.06458449,0.07597202,0.31682387,-0.08564465,0.024150666,0.21560745,-0.09641814,0.0,0.12019894,-0.10359402,key_1
77,0.19951604,0.7770952,6.046779e-07,0.37099966,0.82233775,-0.04127992,0.5314318,0.85903066,-0.0715799,0.6536384,0.92677164,-0.09878641,0.78130454,1.0,-0.12706654,0.6295153,0.5349477,-0.06424737,0.8117763,0.38242933,-0.09272102,0.9152101,0.27943057,-0.11183887,1.0,0.18251708,-0.12560843,0.48022005,0.45343363,-0.061912116,0.6060159,0.26070502,-0.08623702,0.6725399,0.1319746,-0.10292027,0.7187062,0.023514405,-0.11543956,0.31429014,0.43357942,-0.06207833,0.33406478,0.2336636,-0.084289804,0.33070818,0.10751105,-0.10025122,0.3397666,0.0,-0.11135791,0.14466602,0.46312982,-0.065700226,0.07981943,0.3247063,-0.08615869,0.026393412,0.23422533,-0.09692431,0.0,0.14717357,-0.10403945,key_1
78,0.2464136,0.75942576,7.273543e-07,0.4006898,0.8120801,-0.045439508,0.5345972,0.8551024,-0.07983498,0.6359936,0.92565566,-0.110502474,0.7544244,1.0,-0.1418143,0.6325889,0.53000367,-0.07363494,0.8203109,0.37046987,-0.10452642,0.9220321,0.26198167,-0.12505068,1.0,0.15757476,-0.13972384,0.47571033,0.45149967,-0.07083668,0.59662014,0.25076082,-0.097557,0.6563184,0.11561278,-0.11528854,0.69535244,0.0,-0.1281063,0.31633937,0.43179566,-0.07029072,0.32677326,0.23484613,-0.094592445,0.31403303,0.11006596,-0.11009386,0.30892354,0.0059731742,-0.12032424,0.16604613,0.4629763,-0.07345323,0.10168868,0.3283699,-0.09515498,0.040803883,0.24371015,-0.10441165,0.0,0.16592218,-0.10981262,key_1
79,0.27994663,0.71552086,8.2933076e-07,0.407841,0.7815056,-0.05211573,0.5272235,0.8355133,-0.093799174,0.599366,0.9165701,-0.13055046,0.68658066,1.0,-0.16825625,0.65509695,0.5255628,-0.090226166,0.8380915,0.36011237,-0.12581766,0.9320116,0.24772204,-0.14828864,1.0,0.14447422,-0.16395596,0.4966754,0.44730964,-0.085333854,0.604037,0.24961798,-0.11655904,0.64955807,0.11407066,-0.1354731,0.67344177,0.0,-0.14841323,0.33146957,0.4251457,-0.082355306,0.3145195,0.22933143,-0.10977985,0.2909588,0.10763728,-0.12472305,0.28003764,0.008267209,-0.13391237,0.1749003,0.44939122,-0.08339362,0.09917702,0.3218634,-0.10741173,0.03639874,0.24204779,-0.1166318,0.0,0.17030738,-0.121449776,key_1
80,0.39043644,0.7455821,1.0117197e-06,0.50040543,0.7792207,-0.06382471,0.5927165,0.81713897,-0.115301974,0.62006605,0.89834493,-0.1600021,0.64228827,1.0,-0.20714201,0.6445474,0.5192296,-0.10668129,0.8441086,0.35399038,-0.1488186,0.93766654,0.23726282,-0.17737004,1.0,0.13843502,-0.19702116,0.47799304,0.44956458,-0.096875556,0.5995751,0.252309,-0.13154371,0.6458484,0.112346515,-0.1531905,0.6633955,0.0,-0.16911958,0.31392324,0.43167862,-0.08986482,0.3048235,0.24018286,-0.11763439,0.2819911,0.11826446,-0.13643342,0.26807806,0.013132756,-0.1497691,0.17095828,0.45366016,-0.08776634,0.09773062,0.33127058,-0.1092375,0.040024284,0.24767417,-0.12025852,0.0,0.17299995,-0.1286012,key_1
81,0.390642,0.7495917,9.685465e-07,0.47815818,0.79066545,-0.064493045,0.56891525,0.8180747,-0.11534274,0.604292,0.8922319,-0.15957624,0.6607566,1.0,-0.20638552,0.68528354,0.52281505,-0.10682146,0.8638803,0.35418183,-0.14928693,0.9460818,0.23462324,-0.17824093,1.0,0.13264076,-0.19858308,0.50839114,0.45239118,-0.09790128,0.61577636,0.25316724,-0.13328633,0.65167683,0.1132539,-0.15532447,0.66467434,0.0,-0.1718998,0.33003172,0.4355615,-0.091897935,0.32302108,0.24235208,-0.120683976,0.28767598,0.12259516,-0.13899572,0.26884395,0.018767046,-0.1523129,0.16601795,0.45977047,-0.09107226,0.09765608,0.3368095,-0.113328196,0.0376782,0.2558949,-0.12383255,0.0,0.17973149,-0.13204628,key_1
82,0.5307246,0.97170913,6.2176855e-07,0.67635745,0.9852581,-0.052737683,0.8200533,0.97200215,-0.090576716,0.86790943,0.96557736,-0.123703316,0.8774957,1.0,-0.1575955,0.7932238,0.58686113,-0.077707976,0.9212377,0.3971165,-0.11163319,0.97151995,0.26762205,-0.135503,1.0,0.14660631,-0.15333067,0.6211538,0.51756215,-0.07358297,0.68305993,0.27949277,-0.10305496,0.6842668,0.12637678,-0.122820176,0.6659367,0.0,-0.13765386,0.45376924,0.51977676,-0.07269257,0.39803466,0.29651204,-0.09890441,0.33645898,0.15367243,-0.1176523,0.28724328,0.031544525,-0.13110256,0.2993878,0.576553,-0.0762646,0.18044232,0.43530622,-0.09896149,0.08088526,0.35481957,-0.11031383,0.0,0.2804429,-0.1182921,key_1
83,0.40103504,1.0,2.9471192e-07,0.58743066,0.93591356,-0.025598476,0.7455921,0.8055801,-0.041176774,0.8765163,0.7014084,-0.056548204,1.0,0.64044887,-0.07205284,0.67497605,0.44029486,-0.025986938,0.7443542,0.24059767,-0.04631846,0.77039194,0.12387947,-0.06293233,0.7844939,0.03345026,-0.074804716,0.5221172,0.39019117,-0.027528826,0.5299863,0.1778891,-0.046312977,0.52469265,0.06685598,-0.060848333,0.51252776,0.0,-0.07107935,0.37082195,0.41355285,-0.032353204,0.32840574,0.2091978,-0.04990229,0.28563538,0.09739889,-0.06265622,0.25710255,0.024947433,-0.07138683,0.22541958,0.49744567,-0.039821394,0.11519175,0.35687077,-0.05659213,0.046832338,0.26244566,-0.06604249,0.0,0.19139919,-0.07181619,key_1
84,0.2299869,1.0,2.3905793e-07,0.45758832,0.8854242,-0.013788349,0.66086876,0.698257,-0.028873045,0.8367322,0.5671927,-0.0465339,1.0,0.47366652,-0.063392386,0.42106214,0.31823495,-0.016275613,0.49503013,0.048297144,-0.04825736,0.6433362,0.12854709,-0.07073925,0.7085818,0.25103652,-0.08107235,0.28454837,0.3216876,-0.024395518,0.3554752,0.0,-0.056789737,0.54352593,0.13356511,-0.074682325,0.61950433,0.29367903,-0.08078027,0.14530428,0.37329376,-0.035449132,0.19906534,0.11711263,-0.06484543,0.40536425,0.2450053,-0.07169637,0.50709397,0.38572195,-0.06910988,0.0,0.46661606,-0.047629915,0.031859957,0.26698002,-0.06916944,0.21811241,0.31028625,-0.07228718,0.3540359,0.40052643,-0.069543675,key_1
85,0.0,1.0,-1.143983e-07,0.35459465,0.7885233,0.0027233267,0.5760025,0.606573,-0.009859626,0.7919335,0.4822646,-0.028882138,1.0,0.36602154,-0.04543699,0.21310242,0.15578751,0.0042094258,0.4774941,0.0,-0.017687574,0.6381188,0.14329106,-0.033697117,0.64634675,0.28590113,-0.042131368,0.1253375,0.16393912,-0.010542332,0.47544795,0.010459632,-0.026637182,0.62843883,0.20189275,-0.03240698,0.59912765,0.3422369,-0.035047207,0.06711089,0.21864174,-0.027443564,0.4312708,0.087418176,-0.04169101,0.5546661,0.27592975,-0.034872737,0.5137992,0.41596523,-0.028135512,0.041277584,0.32203835,-0.045234546,0.34219292,0.21965607,-0.05243489,0.4432098,0.34065276,-0.043460444,0.41581702,0.4481604,-0.0352123,key_1
86,0.0,1.0,-9.089176e-08,0.45492038,0.73489255,-0.00024688704,0.61595505,0.5037787,-0.008970394,0.7945968,0.3514481,-0.023095831,1.0,0.25054497,-0.032689504,0.010368733,0.15039507,0.009382878,0.55763525,0.0,-0.014234775,0.65836644,0.17390284,-0.032395516,0.5879461,0.3276514,-0.041810732,0.006859885,0.1754611,-0.0016122463,0.6270522,0.06150918,-0.022526596,0.68756557,0.25741726,-0.030765334,0.579167,0.39098617,-0.033368554,0.080436915,0.23523647,-0.015782958,0.6599643,0.15364394,-0.028946286,0.6988382,0.32391766,-0.024714682,0.59880257,0.44002363,-0.019678295,0.2076416,0.3179159,-0.031646553,0.64387035,0.2877983,-0.0337392,0.67949957,0.41976407,-0.026913634,0.6226221,0.5122922,-0.021394605,key_1
87,0.06286336,1.0,-1.7478798e-07,0.14810611,0.6505004,0.0030088718,0.34510693,0.37119877,-0.0070740175,0.7046432,0.25463238,-0.021651117,1.0,0.24232917,-0.03347344,0.0,0.13528721,-0.0010701781,0.5862171,0.0,-0.019373586,0.65426296,0.16993721,-0.03269886,0.53905296,0.28569546,-0.041169047,0.117981225,0.17103022,-0.014172271,0.70347685,0.079955906,-0.028775474,0.71971226,0.25865918,-0.035840683,0.5586349,0.36253464,-0.04030079,0.29746804,0.2396767,-0.028113088,0.81817085,0.16952252,-0.03544239,0.80386454,0.3285129,-0.031194743,0.64713573,0.41742188,-0.028857589,0.5132292,0.32922888,-0.043150943,0.89243275,0.3012108,-0.041865766,0.88779277,0.44810593,-0.03313338,0.7967782,0.5383453,-0.027454518,key_1
88,0.06867701,1.0,-2.3808667e-07,0.056644704,0.61624897,0.008471999,0.24901949,0.31449005,0.0029750662,0.6083,0.2122208,-0.0073600495,0.8803709,0.24102125,-0.015475368,0.0,0.08868841,0.008769505,0.53578097,0.0,-0.0051065674,0.5807181,0.16189384,-0.017124942,0.44349554,0.25618267,-0.025620665,0.19268417,0.13027753,-0.006034407,0.6996291,0.06859554,-0.016184486,0.6921426,0.22786097,-0.023045765,0.5267145,0.31163055,-0.02766338,0.42795983,0.21247563,-0.02130975,0.8691079,0.16256742,-0.026113015,0.8249236,0.3166376,-0.022834575,0.6496101,0.38586575,-0.02132361,0.6802854,0.3327857,-0.03711125,1.0,0.31175876,-0.034953613,0.9520713,0.45163035,-0.026542688,0.82275546,0.5220426,-0.021051956,key_1
89,0.043460645,1.0,-2.2671404e-07,0.0,0.6141228,0.009548101,0.17059802,0.31956732,0.004627107,0.50885165,0.24170694,-0.004489647,0.7921035,0.30327964,-0.011618989,0.034749575,0.09620305,0.0035299181,0.50342095,0.0,-0.0048756925,0.536679,0.15857956,-0.011254359,0.43032765,0.24886315,-0.016638817,0.26274753,0.16637443,-0.0108423,0.7099781,0.10837866,-0.0139185935,0.6850973,0.26129898,-0.015892625,0.5448752,0.33490464,-0.018640105,0.51277786,0.27812937,-0.024734264,0.9013836,0.24351497,-0.022811135,0.8334557,0.3894363,-0.016907802,0.677626,0.45385027,-0.015601694,0.7564774,0.42687184,-0.038990304,1.0,0.4294881,-0.032567587,0.91873354,0.56293064,-0.02271484,0.79601073,0.6229093,-0.01723167,key_1
90,0.07570432,1.0,-1.9272991e-07,0.0,0.62239975,0.011191556,0.10542278,0.3323222,0.0076129613,0.37122935,0.23786952,-0.00025567025,0.59600997,0.28344062,-0.006305984,0.050921906,0.09648225,0.0045139072,0.5102224,0.0,-0.003667371,0.55962294,0.14165796,-0.009778099,0.45423695,0.23233895,-0.014164754,0.28641954,0.18006809,-0.009823813,0.7240743,0.11153716,-0.011789517,0.7209406,0.24743581,-0.012541048,0.5823677,0.32578185,-0.01431801,0.53503704,0.30471802,-0.023663467,0.8951214,0.27515584,-0.020587178,0.8476828,0.4038444,-0.013586418,0.7009316,0.4679565,-0.011517228,0.7658845,0.46671715,-0.037722744,1.0,0.4412003,-0.030694257,0.92475206,0.56000227,-0.019810315,0.8017373,0.62374175,-0.013290674,key_1
91,0.123285614,1.0,-2.1722094e-07,0.0,0.61146915,0.019444818,0.08519982,0.331374,0.022050947,0.32548314,0.22434872,0.01957317,0.5401319,0.24710852,0.018044256,0.064469635,0.08806228,0.014618451,0.49289426,0.0,0.016221002,0.5591678,0.12576059,0.016968692,0.47444078,0.2170089,0.016998617,0.32998034,0.16075751,0.00013830436,0.7098922,0.116517864,0.008454925,0.72049016,0.23706594,0.011344052,0.60743165,0.3244005,0.01102226,0.5958697,0.28514242,-0.01257927,0.8838751,0.2660347,-0.0015893171,0.848965,0.3838877,0.005466837,0.72966945,0.45912775,0.0066267964,0.82936776,0.44212157,-0.024574464,1.0,0.41844597,-0.011506609,0.9373125,0.5248208,0.00036255943,0.8358636,0.59125537,0.007286521,key_1
92,0.16948895,1.0,-2.3593684e-07,0.0,0.608343,0.022466054,0.06314341,0.3268077,0.026836028,0.28936455,0.21619436,0.025833035,0.5116259,0.24461438,0.025701758,0.034897625,0.08885919,0.017511055,0.4352638,0.0,0.022905909,0.48813748,0.12993284,0.02688966,0.398171,0.22619049,0.02874853,0.3205754,0.1484066,0.0025682922,0.6708017,0.10755321,0.014085543,0.67717636,0.23056255,0.018456338,0.57107455,0.323579,0.018753871,0.6076113,0.2672646,-0.010107199,0.86030024,0.25481862,0.003826947,0.8246009,0.3756597,0.010737383,0.71366686,0.457781,0.010978416,0.86458915,0.42005166,-0.02171436,1.0,0.42042136,-0.006877585,0.9302395,0.5279807,0.0042087776,0.8315853,0.59378153,0.010105976,key_1
93,0.18783504,1.0,-2.1719805e-07,0.0037580384,0.6037,0.017363327,0.055060036,0.32185027,0.017582163,0.29566005,0.21154007,0.013148216,0.5381876,0.24072267,0.009884851,0.0,0.095502295,0.009760366,0.40689123,0.0,0.009658963,0.47767454,0.12599336,0.010352437,0.39373428,0.23290874,0.010437537,0.2945393,0.14683981,-0.0045425426,0.65273947,0.11193193,0.0015083731,0.6646022,0.23361479,0.0036927476,0.5519969,0.32751012,0.0030014778,0.5955009,0.25425872,-0.01710158,0.8556891,0.24188714,-0.007833345,0.8218983,0.36353898,-0.0012341399,0.7030469,0.44709665,-0.00033655978,0.8679783,0.39658466,-0.029034918,1.0,0.3988834,-0.018098759,0.93863636,0.51024956,-0.007476819,0.83867043,0.58199453,-0.0011494709,key_1
94,0.18550499,1.0,-2.5859515e-07,0.0076739113,0.60902965,0.018655732,0.061841127,0.3295082,0.018867401,0.2875142,0.21944591,0.014164179,0.5060602,0.24747938,0.01031175,0.0,0.09169871,0.009314982,0.39561892,0.0,0.008907346,0.46685785,0.13504139,0.008630742,0.3853021,0.24523884,0.0077134995,0.2910194,0.1411916,-0.006026131,0.6393123,0.11223454,0.00037150734,0.65086013,0.24064977,0.002413258,0.5394479,0.34052753,0.0012655469,0.58994186,0.247419,-0.019366082,0.84447956,0.24559371,-0.009248505,0.810007,0.37268326,-0.002420836,0.6929462,0.45724258,-0.00198095,0.8682112,0.3896516,-0.03206707,1.0,0.40484792,-0.020671291,0.9325124,0.52233773,-0.009927856,0.82868695,0.5946645,-0.0038649668,key_1
95,0.15802056,1.0,-3.170274e-07,0.0,0.59854364,0.023701448,0.0728796,0.3207527,0.027492957,0.28170332,0.22322312,0.025535507,0.48095614,0.2663947,0.023782488,0.04733168,0.0654025,0.01744058,0.41707253,0.0,0.021692552,0.45942572,0.14466397,0.022728056,0.36322725,0.24694213,0.021815352,0.33562502,0.12282296,0.0009831823,0.65690374,0.11076551,0.01292715,0.6533964,0.24188663,0.015783643,0.5395483,0.3415335,0.014086053,0.62280154,0.24347404,-0.012954266,0.8464907,0.2584317,0.0025263415,0.8051062,0.38616177,0.008975251,0.6836142,0.47068933,0.0077141295,0.888861,0.39617562,-0.026010426,1.0,0.41998097,-0.011060497,0.92630005,0.53247076,-0.00065354066,0.81230897,0.60174125,0.0042690863,key_1
96,0.1889333,1.0,-3.317339e-07,0.0,0.5910619,0.025496325,0.07959555,0.30374342,0.0335678,0.29055384,0.20169334,0.036235254,0.5018235,0.24214643,0.039018005,0.10177308,0.049191236,0.02540695,0.4307888,0.0,0.03609674,0.4468168,0.13502161,0.040402573,0.34112465,0.22411582,0.04133649,0.40351415,0.10967769,0.0114004295,0.6577221,0.10833033,0.030258095,0.6437557,0.22836457,0.03414018,0.5432352,0.32321775,0.032225315,0.68638265,0.23982295,0.00017127965,0.8421452,0.25035685,0.020731121,0.79984945,0.36978167,0.026246322,0.695018,0.45999423,0.0234931,0.9356115,0.3991927,-0.00988194,1.0,0.4116551,0.008741937,0.92920154,0.51553166,0.019052524,0.8256889,0.58949035,0.023364516,key_1
97,0.174695,1.0,-3.0411675e-07,0.0,0.59404474,0.021133667,0.0764037,0.30475646,0.02681834,0.29615653,0.20669207,0.02776221,0.52082205,0.25704405,0.02895751,0.118505105,0.04694051,0.018225875,0.42858124,0.0,0.026572097,0.44318482,0.13487093,0.029935112,0.34780905,0.22192095,0.03035146,0.42717186,0.11692707,0.0054949494,0.66758275,0.12261081,0.021808686,0.6381773,0.24112523,0.025040494,0.52910984,0.32901102,0.023143794,0.71239305,0.2553493,-0.0045992504,0.8400195,0.287324,0.014132228,0.7819465,0.40315005,0.019278055,0.669857,0.48276782,0.016708078,0.94869286,0.42575192,-0.013906248,1.0,0.45627397,0.003711042,0.91714096,0.5562897,0.014068356,0.8083324,0.62457794,0.01868581,key_1
98,0.20374225,1.0,-3.5618044e-07,0.0,0.61598295,0.027618367,0.071579896,0.34192017,0.03759804,0.2931834,0.22542287,0.04264745,0.5149976,0.24742238,0.047747243,0.13723676,0.068940155,0.024424128,0.39994603,0.0,0.039327417,0.40993717,0.13371372,0.04824054,0.32599115,0.21866916,0.052303214,0.45127225,0.13992873,0.011209913,0.6599115,0.108664356,0.033588357,0.6391521,0.22750694,0.041200697,0.5523148,0.32259944,0.04179292,0.734775,0.2773712,0.0014216477,0.84461516,0.27913845,0.025298748,0.7891783,0.390207,0.03248842,0.69079906,0.47534633,0.030315148,0.96562475,0.4423467,-0.006791598,1.0,0.44266555,0.01476938,0.914065,0.5356834,0.026197271,0.8162343,0.60283726,0.030831426,key_1
99,0.18974191,1.0,-3.5828586e-07,0.0,0.61203855,0.029145274,0.081286974,0.34129915,0.03995781,0.30237597,0.22693862,0.045488194,0.5269907,0.24876535,0.05124297,0.13701586,0.07974234,0.0276121,0.38721386,0.0,0.043312702,0.40220368,0.12841429,0.0529844,0.31947476,0.21520384,0.0578612,0.45365644,0.15516193,0.013878675,0.64968264,0.109144084,0.03688644,0.63157946,0.23000163,0.044661805,0.5414619,0.32768035,0.045450173,0.740181,0.29390398,0.0036110356,0.8338911,0.284918,0.02811042,0.78529626,0.3968352,0.03539079,0.69136137,0.48548222,0.03332678,0.97749174,0.45837632,-0.0049277223,1.0,0.4497966,0.018020261,0.91971046,0.54037935,0.030207504,0.8313367,0.60783035,0.035214216,key_1
100,0.18950692,1.0,-3.6795524e-07,0.0,0.62132895,0.029695265,0.07596443,0.34830433,0.040442716,0.28890088,0.22717263,0.045815155,0.5129757,0.24431488,0.05148011,0.13210297,0.08055321,0.02703399,0.4076263,0.0,0.04294334,0.42507967,0.12941377,0.05366242,0.33651194,0.22013505,0.059429597,0.44779325,0.15335564,0.0129329525,0.6636529,0.10674329,0.03549082,0.6417751,0.2345511,0.043615464,0.54183686,0.33428106,0.044890273,0.73598874,0.28952867,0.0024861742,0.8397597,0.27543643,0.026799653,0.7922788,0.39645565,0.034809243,0.6972915,0.48831058,0.03332552,0.9737934,0.45309237,-0.006148025,1.0,0.43982667,0.016522111,0.9187571,0.5385982,0.029157892,0.8285537,0.6102815,0.034629732,key_1
101,0.1965321,1.0,-3.7401261e-07,0.0,0.6197957,0.030726986,0.07459516,0.35149625,0.04202792,0.28498533,0.22485377,0.04794178,0.5109746,0.23568061,0.054221418,0.13034943,0.078419216,0.02887544,0.4000774,0.0,0.04575888,0.41620782,0.13260314,0.056852397,0.32934055,0.22330669,0.06276973,0.44380748,0.15237191,0.014882145,0.66086066,0.10196774,0.038288485,0.6380469,0.23230717,0.046428535,0.5404351,0.33411396,0.04748948,0.7308111,0.28778327,0.0046309587,0.8384367,0.2722494,0.02978404,0.78806823,0.39357054,0.037682287,0.6944906,0.48779008,0.035852205,0.9721146,0.4484794,-0.0036767195,1.0,0.43630308,0.02014644,0.91717726,0.5361468,0.032954972,0.8283152,0.608919,0.03822885,key_1
102,0.19715942,1.0,-3.6348962e-07,0.0,0.631313,0.03702064,0.08393724,0.37070107,0.05133703,0.30263808,0.24331638,0.059263334,0.53167254,0.25504687,0.06731296,0.12096158,0.10865845,0.034654483,0.40184852,0.0,0.05543654,0.4304776,0.12546495,0.07000076,0.35174128,0.21534942,0.078246795,0.4326444,0.1720499,0.018772997,0.6658455,0.09305249,0.046809215,0.65871024,0.21765362,0.05817315,0.5706362,0.31775248,0.060840942,0.716292,0.2982772,0.0072031794,0.8457211,0.26058996,0.03698002,0.8058311,0.37779912,0.047068622,0.71768844,0.47317752,0.04557132,0.96113044,0.45219848,-0.001997917,1.0,0.42852584,0.026010105,0.92830193,0.5282937,0.040538844,0.8471485,0.60442007,0.046145424,key_1
103,0.0823296,1.0,-1.3221005e-07,0.0,0.64714056,0.016970329,0.1250583,0.36038148,0.01678576,0.41485512,0.23745607,0.010295572,0.6874391,0.19709142,0.005858521,0.034340397,0.18580674,0.014656741,0.5224361,0.0,0.005896982,0.60364544,0.12525217,0.0005325192,0.51197535,0.22230156,-0.002057752,0.22266655,0.22067054,-0.002083236,0.7668696,0.0605701,-0.004453066,0.79175436,0.20120984,-0.0037443666,0.64413655,0.28349528,-0.0035384458,0.43312407,0.30348387,-0.018766323,0.9271466,0.19433294,-0.015692433,0.90072864,0.33865958,-0.006237065,0.74765,0.40316796,-0.0021207149,0.6497253,0.4315969,-0.035375226,1.0,0.37092414,-0.02748281,0.9480211,0.49180058,-0.015399487,0.8206078,0.54963094,-0.008259244,key_1
104,0.18639272,1.0,2.1612455e-07,0.4753833,0.8652693,0.014533371,0.6429019,0.67367554,0.013434191,0.8444121,0.5633847,0.004470101,1.0,0.44742534,-0.0033587937,0.094485156,0.2636665,0.022683777,0.3756572,0.019985836,0.007714144,0.70150465,0.04503894,-0.006360979,0.8866973,0.13458897,-0.013177221,0.014232529,0.26292098,0.005536861,0.41313946,0.0,-0.0056519206,0.76718056,0.065273054,-0.014859358,0.92806965,0.18881702,-0.019354925,0.0,0.2954738,-0.012764186,0.42129374,0.06206568,-0.023648858,0.7613388,0.13399287,-0.024653759,0.9047779,0.26384225,-0.02256328,0.046606436,0.3686144,-0.030653136,0.40384912,0.17465924,-0.03834175,0.67642766,0.20483914,-0.034931377,0.8167469,0.30070803,-0.029811053,key_1
105,0.19095927,1.0,4.057854e-07,0.49446455,0.930769,-0.008815212,0.7087824,0.7906921,-0.01464632,0.8667275,0.68250996,-0.022849401,1.0,0.58083904,-0.030679092,0.37841448,0.46010685,0.010237947,0.48612732,0.28894937,-0.0014873052,0.6068184,0.18499081,-0.015719796,0.7208457,0.103894375,-0.025142508,0.24608958,0.4262443,0.0035833828,0.31902122,0.20151606,-0.006412582,0.4578624,0.07848246,-0.018475147,0.6097373,0.0,-0.026426774,0.119406916,0.43355596,-0.0065927785,0.15236375,0.20759287,-0.017810896,0.30424824,0.0918715,-0.027030945,0.47430518,0.025192944,-0.031875633,0.0,0.47829553,-0.018472835,0.0037357477,0.28554595,-0.027598575,0.10406147,0.16915798,-0.030965384,0.24324428,0.09230668,-0.032166574,key_1
106,0.26827922,1.0,4.077828e-07,0.5266974,0.9244926,-0.0115543995,0.72564715,0.7966592,-0.017201295,0.877881,0.69396853,-0.023927262,1.0,0.6058687,-0.030785307,0.46916136,0.50516105,0.0022809876,0.5435413,0.3265219,-0.009062743,0.6128296,0.22236647,-0.021663245,0.67805624,0.131566,-0.030406792,0.3384727,0.46563488,-0.004100061,0.38347483,0.24612795,-0.012553036,0.45086533,0.10782518,-0.023927236,0.5148798,0.0,-0.03242135,0.20330784,0.47170207,-0.013862342,0.2108814,0.25369677,-0.024620002,0.2719078,0.11799479,-0.034914985,0.34026104,0.00961637,-0.04181709,0.061156653,0.51547515,-0.025190152,0.0033247129,0.3326548,-0.0350129,0.0,0.2044634,-0.039308313,0.019449761,0.0876572,-0.04222887,key_1
107,0.29200768,1.0,5.0037613e-07,0.52906275,0.91778207,-0.01879144,0.7274477,0.79858947,-0.028612958,0.878998,0.6908003,-0.038731717,1.0,0.5992833,-0.04870959,0.48404172,0.5053558,-0.0028625582,0.5692619,0.3305105,-0.017065713,0.64171404,0.22211072,-0.031979874,0.7070107,0.12993039,-0.042379692,0.34935567,0.46798167,-0.007054287,0.3862483,0.24694324,-0.018265732,0.441616,0.11037207,-0.031307537,0.49506214,0.0,-0.040839538,0.21899337,0.4763974,-0.0153804,0.21496065,0.2638197,-0.029199703,0.25417584,0.12714484,-0.040563762,0.3021149,0.014821065,-0.047821086,0.08865389,0.52202487,-0.025959918,0.018168733,0.34310967,-0.038772374,0.0,0.21690789,-0.044122364,0.005080561,0.10118351,-0.047272667,key_1
108,0.3342228,1.0,5.328862e-07,0.5569082,0.92023015,-0.0225939,0.7447608,0.79834104,-0.034457386,0.88981605,0.6905145,-0.0459938,1.0,0.59937644,-0.05722023,0.51045567,0.50230706,-0.010480706,0.59792215,0.3300949,-0.027299238,0.6716093,0.2199369,-0.043208107,0.73783803,0.12747113,-0.054163516,0.37488836,0.4675094,-0.013470611,0.40183827,0.24725527,-0.026706418,0.44671577,0.11245295,-0.03989373,0.4904958,0.0,-0.04946255,0.24840984,0.48085138,-0.020643674,0.22828373,0.2696474,-0.03640034,0.25091055,0.13522545,-0.04786782,0.28570518,0.020167384,-0.055043504,0.12655789,0.53411084,-0.030353123,0.04072231,0.3608166,-0.04526569,0.008409372,0.23768015,-0.051486097,0.0,0.123800755,-0.05494378,key_1
109,0.34195855,1.0,5.6076277e-07,0.5571857,0.92111903,-0.024860714,0.74138576,0.7965704,-0.038007837,0.88972193,0.6889103,-0.05035305,1.0,0.6035072,-0.062411487,0.5180164,0.5048792,-0.0153091755,0.6058716,0.32634214,-0.03274033,0.6706605,0.21320985,-0.04853628,0.72914827,0.118116975,-0.059842087,0.3821086,0.47169888,-0.017337503,0.40252498,0.24991159,-0.031872008,0.43767148,0.11305793,-0.045689885,0.4719884,0.0,-0.05584761,0.25639522,0.4872047,-0.02339665,0.23098125,0.2717507,-0.040058818,0.2448831,0.1341694,-0.052670076,0.27113175,0.0147434175,-0.060920823,0.13856529,0.54403424,-0.032028142,0.053946316,0.3811715,-0.048303716,0.016192406,0.26518232,-0.0559201,0.0,0.15383314,-0.06041532,key_1
110,0.3459834,1.0,5.5539664e-07,0.5610431,0.91381574,-0.026335001,0.7441018,0.7919651,-0.04086704,0.8885828,0.68780386,-0.054582752,1.0,0.60822415,-0.068001375,0.5234419,0.50513124,-0.018466875,0.60121065,0.32587337,-0.037708733,0.6575056,0.2094566,-0.054517627,0.7062508,0.11014307,-0.06632479,0.38465694,0.4759795,-0.020538742,0.39750573,0.2511059,-0.036306277,0.4248601,0.114563346,-0.05019558,0.45002788,0.0,-0.0602437,0.25893193,0.49673414,-0.026679188,0.22597389,0.28636461,-0.04410485,0.23045804,0.1522001,-0.055835877,0.2456448,0.03395075,-0.06322848,0.14209883,0.5594747,-0.03561073,0.05754924,0.3993496,-0.05226911,0.019570254,0.287672,-0.05909782,0.0,0.1804076,-0.062730424,key_1
111,0.36686286,1.0,5.404462e-07,0.57904357,0.9130464,-0.026574776,0.75746155,0.78520656,-0.0402348,0.8922039,0.6752117,-0.052907553,1.0,0.5938131,-0.0652768,0.5376254,0.5015612,-0.018686093,0.6136546,0.31917328,-0.037470207,0.6641151,0.20094308,-0.05385961,0.7056835,0.09906882,-0.065563135,0.39685676,0.47521475,-0.020616392,0.40209118,0.24751352,-0.03610241,0.42186692,0.112126775,-0.049647413,0.44066593,0.0,-0.05952917,0.27180916,0.49967188,-0.026593672,0.23474158,0.29401243,-0.04395976,0.23014918,0.16079715,-0.055764753,0.23717716,0.042110413,-0.06334952,0.15699022,0.5666878,-0.03537812,0.07040248,0.4148552,-0.052479766,0.026294878,0.30859154,-0.059671547,0.0,0.20301035,-0.063540466,key_1
112,0.37866467,1.0,5.525174e-07,0.5856785,0.9129263,-0.027136201,0.76011527,0.7829374,-0.041198242,0.8927478,0.67457604,-0.054200143,1.0,0.5953964,-0.06696133,0.540228,0.50265676,-0.020322878,0.61295766,0.31710517,-0.039376806,0.65724653,0.19735385,-0.05583144,0.6922257,0.0938928,-0.06772994,0.39859766,0.47947848,-0.022394443,0.39824992,0.2520093,-0.03869447,0.41256443,0.114944674,-0.052981626,0.4250088,0.0,-0.06336732,0.27342108,0.50606596,-0.028411293,0.23265426,0.30210236,-0.046501655,0.2267105,0.16824575,-0.059042957,0.23132597,0.047331903,-0.06710149,0.1596483,0.57450867,-0.03721974,0.07274837,0.4251264,-0.05495457,0.027761923,0.3202584,-0.062578514,0.0,0.21520725,-0.066732556,key_1
113,0.38755953,1.0,5.7835047e-07,0.5924813,0.9116367,-0.029476915,0.764329,0.7834893,-0.045348763,0.89394575,0.673794,-0.059755553,1.0,0.5922151,-0.073993236,0.5468761,0.5081536,-0.024406303,0.61789864,0.31931326,-0.04477262,0.6592807,0.19765133,-0.06183966,0.6917088,0.091901414,-0.07423028,0.40674016,0.48582032,-0.025958393,0.4060067,0.2566874,-0.04373269,0.4162115,0.1172453,-0.058862045,0.42438558,0.0,-0.069865264,0.28211942,0.51368046,-0.03150407,0.23820445,0.30794644,-0.050911296,0.2279792,0.17293781,-0.06420617,0.2280213,0.051018596,-0.07280398,0.1692131,0.5831878,-0.039950725,0.07948303,0.43409494,-0.05900413,0.031401765,0.32889584,-0.067425445,0.0,0.22276591,-0.072127625,key_1
114,0.38400215,1.0,6.0638064e-07,0.58914703,0.917953,-0.031030608,0.7606762,0.79732734,-0.048523597,0.88999355,0.6966311,-0.064390056,1.0,0.62344927,-0.08025126,0.5541459,0.5173776,-0.028969906,0.63071364,0.3272271,-0.05185941,0.6771377,0.20478855,-0.06998518,0.71668077,0.09899122,-0.08291087,0.41476396,0.4942674,-0.030482406,0.41993788,0.26578364,-0.051344518,0.4304669,0.12271603,-0.068056874,0.43984047,0.0,-0.07996101,0.28927508,0.52219087,-0.035951126,0.2459258,0.3154494,-0.05795708,0.23713319,0.17713399,-0.07248966,0.23933962,0.0517249,-0.081591375,0.1749237,0.5910956,-0.044318497,0.081920624,0.43921423,-0.06508398,0.03227252,0.33158422,-0.074289165,0.0,0.22267951,-0.079400174,key_1
115,0.40983763,1.0,6.1971076e-07,0.6039997,0.9209077,-0.031187642,0.76512605,0.80700773,-0.05000133,0.8913478,0.71337384,-0.06746656,1.0,0.6459185,-0.08496894,0.5804522,0.5175393,-0.031204723,0.6561622,0.33240482,-0.05548192,0.70408136,0.211439,-0.07407989,0.744478,0.10735804,-0.08747219,0.44424215,0.49112222,-0.03394736,0.45205683,0.26409397,-0.056151967,0.46723652,0.12219537,-0.0726453,0.47994274,0.0,-0.08431256,0.3199278,0.5216836,-0.04082738,0.2702752,0.3140937,-0.06468514,0.25426283,0.17083687,-0.080806196,0.24903367,0.040425796,-0.09110616,0.20968355,0.5979001,-0.050501388,0.10369613,0.45442566,-0.0740208,0.04319027,0.34806278,-0.08550318,0.0,0.23734443,-0.092174895,key_1
116,0.42057246,1.0,6.3384476e-07,0.60879564,0.92579466,-0.033037104,0.76431715,0.8155365,-0.053548705,0.89008677,0.72472346,-0.07234912,1.0,0.66069657,-0.09111922,0.59142345,0.5262608,-0.036264338,0.66846305,0.3453464,-0.06282663,0.71921,0.22692427,-0.08278084,0.7605507,0.12313218,-0.097127184,0.45902893,0.49736768,-0.03925631,0.46787828,0.26880112,-0.06368352,0.48525372,0.12460223,-0.08102243,0.4984122,0.0,-0.09317852,0.33745897,0.52877665,-0.046437394,0.28576162,0.3204323,-0.07290485,0.27008095,0.17541711,-0.09057168,0.26460657,0.044083145,-0.10161576,0.23086573,0.6066741,-0.056391206,0.117863216,0.46620214,-0.08243009,0.050397087,0.3626732,-0.09524513,0.0,0.25415212,-0.102657,key_1
117,0.42141953,1.0,6.50496e-07,0.6079421,0.9276472,-0.034427706,0.76332414,0.8190627,-0.055975016,0.8883949,0.72989583,-0.075611405,1.0,0.6688274,-0.09519064,0.5942728,0.5283668,-0.038586978,0.67361325,0.3468589,-0.06616428,0.7263478,0.22713809,-0.08668912,0.76953363,0.122196935,-0.1014358,0.461992,0.4990494,-0.041518092,0.4743362,0.27049872,-0.066811,0.49330017,0.12622595,-0.08450879,0.5080685,0.0,-0.09697917,0.33990037,0.5303408,-0.04873324,0.29099068,0.32232487,-0.07616861,0.27786198,0.178116,-0.09397377,0.2745648,0.046952963,-0.10504048,0.2325277,0.6084548,-0.058863074,0.11843315,0.4649484,-0.08591457,0.050613537,0.35998017,-0.09904417,0.0,0.24933827,-0.10661345,key_1
118,0.42623225,1.0,6.5755825e-07,0.6115677,0.9281112,-0.03669673,0.7645422,0.82124484,-0.059840042,0.8884134,0.7337797,-0.08065158,1.0,0.6733387,-0.10144164,0.5968999,0.5295889,-0.043229703,0.6736379,0.3470361,-0.0724907,0.7257369,0.22738612,-0.094049305,0.7689781,0.12146471,-0.109479554,0.46357912,0.50109476,-0.045660105,0.47224167,0.2722986,-0.07264119,0.4897162,0.1268828,-0.09106394,0.5034267,0.0,-0.104029395,0.3411343,0.534225,-0.052403357,0.29072377,0.3252902,-0.08105752,0.27587122,0.1788715,-0.09943483,0.27052382,0.04553276,-0.11090485,0.2349783,0.6138807,-0.062209703,0.12019932,0.46979338,-0.09023724,0.0517026,0.36402595,-0.10390721,0.0,0.25286165,-0.111831926,key_1
119,0.4338698,1.0,6.561473e-07,0.6180053,0.9285154,-0.03636085,0.7710142,0.82234657,-0.05933927,0.8915836,0.7359692,-0.08006429,1.0,0.67467505,-0.100870915,0.60669124,0.52780443,-0.043622218,0.6845138,0.34308502,-0.07310192,0.73701817,0.22218642,-0.09458294,0.7806133,0.11560222,-0.10993289,0.47219607,0.49888673,-0.04626525,0.4801092,0.27007926,-0.07352983,0.49795574,0.1255769,-0.09189546,0.51257175,0.0,-0.10478988,0.34902072,0.53227776,-0.05318779,0.298544,0.32233715,-0.08233072,0.28361818,0.1740953,-0.100949265,0.27805915,0.039357036,-0.11255,0.242792,0.6126825,-0.0630837,0.12512793,0.4683989,-0.09192488,0.054111227,0.36321807,-0.105982475,0.0,0.2528429,-0.11401661,key_1
120,0.44792223,1.0,6.6885787e-07,0.6262076,0.93205607,-0.03869517,0.7771388,0.82980675,-0.06352614,0.8952988,0.7467562,-0.08561099,1.0,0.6857033,-0.10786549,0.6209897,0.534281,-0.04930124,0.6971744,0.35043976,-0.08036539,0.74958974,0.23019697,-0.102619685,0.7920429,0.12329635,-0.11845732,0.487272,0.50334567,-0.05169675,0.49617758,0.27333638,-0.08003455,0.51364607,0.12769282,-0.098742396,0.5267723,0.0,-0.11201801,0.36415046,0.53617907,-0.05839752,0.3135404,0.32575643,-0.08891562,0.29803658,0.17554118,-0.10872122,0.29097712,0.039021753,-0.121234745,0.25670916,0.61681944,-0.068136774,0.1342506,0.4709666,-0.09867585,0.058331978,0.36723405,-0.11381491,0.0,0.25726148,-0.12264202,key_1
121,0.45617867,1.0,6.900547e-07,0.6299325,0.9331527,-0.039884467,0.77895194,0.83533454,-0.06631371,0.89595646,0.75909275,-0.08999164,1.0,0.7037282,-0.11390414,0.6271339,0.53872675,-0.053079598,0.7018581,0.35734525,-0.086613126,0.7561163,0.23941624,-0.110654384,0.80065864,0.1337964,-0.12762368,0.49444267,0.5076462,-0.056077458,0.50200516,0.2790127,-0.086843446,0.52185166,0.13150416,-0.10721559,0.53711796,0.0,-0.12164941,0.37251484,0.54087484,-0.06337293,0.31862167,0.3318917,-0.09577063,0.30153835,0.18084657,-0.11670667,0.2935442,0.0433031,-0.1298457,0.2664436,0.622638,-0.0738017,0.13903148,0.47654244,-0.10558003,0.060197588,0.37065747,-0.12138706,0.0,0.25780562,-0.13065965,key_1
122,0.44988465,1.0,6.82288e-07,0.6241568,0.9366496,-0.039767068,0.78100026,0.839246,-0.06571112,0.89661455,0.76250285,-0.08882282,1.0,0.7077989,-0.112073675,0.6326353,0.5412615,-0.052051507,0.71102685,0.3607749,-0.08492013,0.7659554,0.24431765,-0.108537,0.8105904,0.14023747,-0.12520054,0.497825,0.50616384,-0.0550081,0.50699276,0.27515504,-0.08462596,0.5259141,0.12943257,-0.10433501,0.53994006,0.0,-0.11837896,0.3738322,0.5359554,-0.062312752,0.32540014,0.32584885,-0.09459168,0.31269512,0.17690565,-0.115525745,0.3082624,0.04170176,-0.12854202,0.26378545,0.6147867,-0.072705895,0.14030236,0.46414268,-0.10506111,0.06138239,0.35859028,-0.12098958,0.0,0.24538295,-0.1302099,key_1
123,0.35769308,1.0,6.3343793e-07,0.5569858,0.9417839,-0.03524041,0.74532074,0.85292345,-0.059402417,0.88336545,0.7816497,-0.0820641,1.0,0.7290458,-0.10536915,0.61594397,0.5379165,-0.043865375,0.72501296,0.36650655,-0.0758543,0.8033509,0.26151824,-0.10104723,0.87121004,0.16907124,-0.11857406,0.4766158,0.4939177,-0.048473388,0.515437,0.26941422,-0.07538437,0.5544342,0.12382934,-0.09691743,0.5843887,0.0,-0.11331274,0.3398505,0.5125333,-0.057383273,0.3245543,0.2966579,-0.085532635,0.33763415,0.14566422,-0.10736175,0.35908514,0.013970335,-0.122183405,0.20573592,0.57932013,-0.069283344,0.10219236,0.41865957,-0.09733147,0.04160453,0.3028066,-0.11264065,0.0,0.1886243,-0.1223358,key_1
124,0.2567775,1.0,6.4772513e-07,0.4839497,0.9593728,-0.03195476,0.7032377,0.8897953,-0.05515897,0.8621093,0.8390402,-0.07737435,1.0,0.8082552,-0.1004742,0.6196588,0.558517,-0.04075714,0.7650556,0.3960711,-0.0709929,0.8671039,0.29858008,-0.09498086,0.9566895,0.21159221,-0.11192635,0.47268328,0.49733478,-0.04609138,0.5586007,0.28373468,-0.07112052,0.6297075,0.14926113,-0.09122775,0.6886178,0.034637652,-0.10653344,0.31481817,0.4986103,-0.055416435,0.33601862,0.27813482,-0.0818042,0.37706015,0.12894635,-0.10241272,0.42688552,0.0,-0.11651701,0.15240636,0.549764,-0.06739942,0.066187784,0.3761748,-0.09369554,0.021989984,0.2545163,-0.107761,0.0,0.13676871,-0.11665503,key_1
125,0.08414093,1.0,7.034503e-07,0.34779757,0.98685735,-0.03239449,0.6019525,0.94171166,-0.055832364,0.7970228,0.913712,-0.078114204,0.96333164,0.909464,-0.101104066,0.56890005,0.59102803,-0.03988532,0.75978255,0.43835717,-0.06927536,0.888018,0.34760535,-0.09243348,1.0,0.26852232,-0.10864463,0.41986302,0.51182234,-0.044376265,0.5541518,0.29978594,-0.06829183,0.6532468,0.16788894,-0.087332524,0.7334393,0.059172045,-0.10152833,0.24876003,0.49564922,-0.052861188,0.31441978,0.2716567,-0.077515095,0.3805755,0.124148406,-0.096684605,0.45149833,0.0,-0.10959573,0.06673975,0.53033507,-0.06417291,0.0206277,0.34500036,-0.08864365,8.146351e-05,0.2173471,-0.10126527,0.0,0.096338265,-0.108933896,key_1
126,0.0,0.98682934,7.104391e-07,0.25605503,1.0,-0.03244337,0.501331,0.97615933,-0.055162244,0.6969327,0.9715456,-0.07709876,0.859128,0.9860974,-0.099526964,0.52112293,0.61560947,-0.036224652,0.7332913,0.4843255,-0.06671103,0.8765461,0.40526983,-0.09143436,1.0,0.33466575,-0.10870187,0.39438516,0.5214263,-0.041438047,0.56712395,0.31341475,-0.066263795,0.69287694,0.18861252,-0.08622727,0.79755855,0.08219867,-0.1010269,0.23668967,0.4885657,-0.05111213,0.33915007,0.26747093,-0.07690278,0.42677122,0.123051286,-0.0965703,0.51207274,0.0,-0.10949488,0.056872472,0.50634706,-0.063782394,0.04663426,0.3144399,-0.088630766,0.046502862,0.18360747,-0.10123092,0.062118404,0.05753099,-0.108903594,key_1
127,0.0,0.90975636,7.177768e-07,0.24059685,0.9504005,-0.03353127,0.46579415,0.94850343,-0.05614928,0.646252,0.96362823,-0.077951804,0.7945998,1.0,-0.10005903,0.52502745,0.5883984,-0.03596443,0.74151224,0.46946707,-0.06484152,0.88001686,0.40065053,-0.087888286,1.0,0.3418118,-0.10422487,0.41440082,0.48706117,-0.040148307,0.5951151,0.30117887,-0.06428571,0.72374535,0.19025393,-0.08359886,0.83275074,0.096759886,-0.09801294,0.26960137,0.44340435,-0.04889615,0.38327748,0.24070929,-0.07426446,0.48042214,0.110244654,-0.0939093,0.574062,0.0,-0.10685445,0.10153128,0.4472572,-0.060760986,0.109613225,0.26218322,-0.08558506,0.12345137,0.13473529,-0.0986252,0.15301251,0.012687723,-0.10663296,key_1
128,0.0,0.8406789,7.490306e-07,0.22508766,0.88575846,-0.03289104,0.4401847,0.9009425,-0.05631559,0.6068912,0.9447538,-0.07917988,0.74477875,1.0,-0.1028625,0.53055704,0.5619853,-0.036316663,0.7466267,0.46362248,-0.06459075,0.8829692,0.40154377,-0.08701648,1.0,0.34526795,-0.103120305,0.42953414,0.46262005,-0.041375734,0.6245492,0.30232254,-0.06542045,0.75524366,0.20386083,-0.084434405,0.8655712,0.116488434,-0.09841283,0.28972057,0.41572413,-0.050806273,0.42094412,0.23127837,-0.07603555,0.5219875,0.10833365,-0.09516115,0.6185249,0.0,-0.10762742,0.12347614,0.41215497,-0.063188255,0.14837089,0.2369525,-0.087807216,0.17457831,0.11684218,-0.09986332,0.21575601,0.0013268472,-0.10695527,key_1
129,0.0,0.79089963,7.7496e-07,0.21411704,0.84570444,-0.03583254,0.4162282,0.8732764,-0.061091617,0.5717161,0.9309155,-0.085254416,0.699255,1.0,-0.11029744,0.5283869,0.5457001,-0.040620945,0.74688643,0.4600916,-0.06863933,0.88343817,0.40208596,-0.09078311,1.0,0.34647515,-0.107067324,0.4329697,0.44655877,-0.044559035,0.63099116,0.2982052,-0.06843694,0.76012874,0.20448324,-0.087687016,0.86802566,0.11829999,-0.10220537,0.29664165,0.39694923,-0.052780174,0.43329835,0.2267478,-0.07779351,0.53448135,0.11059498,-0.097990364,0.6287928,0.0064524845,-0.11152088,0.13194235,0.3877165,-0.064157695,0.16019419,0.22139375,-0.08891713,0.1853296,0.10811578,-0.10167335,0.22365288,0.0,-0.10947114,key_1
130,0.0,0.75922066,8.142e-07,0.20628807,0.82173467,-0.039860368,0.3978329,0.85757935,-0.0680037,0.5466387,0.92259187,-0.09456863,0.6711782,1.0,-0.12206109,0.523949,0.5398774,-0.04656603,0.74454576,0.459639,-0.07690851,0.8822698,0.40325752,-0.100318156,1.0,0.34934586,-0.11751733,0.43245244,0.4404413,-0.049530923,0.6363998,0.29785123,-0.07600305,0.76851,0.2039494,-0.09682305,0.8786109,0.117652476,-0.11233263,0.29793417,0.38907817,-0.056975625,0.43728754,0.22349016,-0.0844644,0.5409674,0.11155401,-0.10616218,0.637264,0.012387781,-0.120428324,0.13511115,0.37680203,-0.06783555,0.16748407,0.21688265,-0.094707236,0.19651079,0.105829924,-0.10892225,0.23871256,0.0,-0.11760112,key_1
131,0.0,0.7340524,8.352556e-07,0.20017269,0.80395377,-0.04263789,0.3866208,0.84722644,-0.07200286,0.53087294,0.91803944,-0.09907783,0.6506746,1.0,-0.12717794,0.5117938,0.5368608,-0.051609594,0.7388402,0.46173432,-0.0825925,0.8808748,0.40587118,-0.10598571,1.0,0.3509992,-0.12299084,0.423176,0.43822715,-0.053210843,0.6381724,0.3012414,-0.07975944,0.77395266,0.21072981,-0.100132756,0.8844225,0.1257332,-0.11544416,0.291136,0.38510135,-0.05928074,0.4362179,0.22888048,-0.08660616,0.5412201,0.12019703,-0.1082162,0.6355798,0.02310211,-0.12252016,0.13051674,0.3682935,-0.06900668,0.16463612,0.20902722,-0.095763944,0.19516239,0.101319656,-0.10989262,0.23794384,0.0,-0.11859042,key_1
132,0.0,0.74091876,8.1035705e-07,0.20174657,0.81201684,-0.045832355,0.3918651,0.855756,-0.07665145,0.5476839,0.9241081,-0.10458122,0.6783303,1.0,-0.1336046,0.50115746,0.5446151,-0.05645482,0.7304684,0.47164947,-0.08870059,0.8758603,0.4151532,-0.11348626,1.0,0.35790792,-0.13159972,0.4122924,0.446821,-0.056805328,0.62606835,0.31303278,-0.08429378,0.7618949,0.21945024,-0.10547278,0.8722366,0.1317093,-0.121951126,0.28061858,0.39259586,-0.061725646,0.42938304,0.23564097,-0.08979025,0.5345797,0.12640087,-0.111120366,0.6288116,0.030258391,-0.12571663,0.120154254,0.37365052,-0.07064427,0.15306579,0.2095275,-0.0980746,0.18123357,0.1003296,-0.11233983,0.22063985,0.0,-0.12147284,key_1
133,0.0,0.7512222,7.7765964e-07,0.20782149,0.81984067,-0.044615198,0.40708736,0.86282253,-0.07517451,0.57261354,0.92587286,-0.10310164,0.7111145,1.0,-0.13218,0.5056982,0.55262405,-0.05602347,0.73225784,0.47556078,-0.08915807,0.8765941,0.4158983,-0.11414162,1.0,0.35601985,-0.13235731,0.41518188,0.45297563,-0.057313193,0.62651074,0.31034717,-0.08621019,0.7606709,0.21085548,-0.10763645,0.8700653,0.11807378,-0.124014206,0.28022906,0.39967725,-0.06309571,0.42314675,0.2331699,-0.0927709,0.5235733,0.11872387,-0.11417092,0.6158053,0.018128695,-0.12856439,0.11862346,0.38356128,-0.072674245,0.14518268,0.21640153,-0.1012811,0.16913326,0.10450999,-0.11568528,0.20587847,0.0,-0.12482169,key_1
134,0.0,0.75450104,7.398557e-07,0.21073617,0.8222213,-0.043454252,0.4117095,0.8656311,-0.07304024,0.57907933,0.92697227,-0.10032564,0.7177431,1.0,-0.12889291,0.50409245,0.5508051,-0.054118812,0.73178375,0.47075853,-0.08594047,0.87539274,0.40989166,-0.11015121,1.0,0.3480788,-0.12804057,0.40740648,0.45171365,-0.055701647,0.61523104,0.3006095,-0.08361773,0.74687,0.19806443,-0.10444088,0.85523194,0.10364449,-0.12059649,0.26813298,0.39997464,-0.06170824,0.40523243,0.22825286,-0.090823725,0.5030094,0.113990024,-0.11200196,0.5946946,0.015127062,-0.12641083,0.10465279,0.3850874,-0.07146186,0.1249202,0.21646757,-0.09988446,0.14085123,0.10454454,-0.11430249,0.17014211,0.0,-0.123617075,key_1
135,0.0,0.76695573,6.8974197e-07,0.21708138,0.83225536,-0.041245755,0.4226446,0.87170607,-0.06982709,0.5932606,0.9295046,-0.09640249,0.7355167,1.0,-0.12433859,0.50906336,0.5518777,-0.05259595,0.7349695,0.46471435,-0.083923556,0.87637734,0.40115282,-0.10783602,1.0,0.33714348,-0.1255573,0.40693235,0.45287862,-0.054679092,0.6126573,0.2950208,-0.0822348,0.7418982,0.19067478,-0.10294559,0.84791267,0.09551711,-0.119081,0.2637462,0.40281546,-0.06093652,0.3976188,0.22559223,-0.08954169,0.49473333,0.10762821,-0.110729665,0.5867198,0.0051834728,-0.12534054,0.09772412,0.39158452,-0.070695125,0.11187057,0.2201751,-0.09881136,0.12233161,0.10657765,-0.113314986,0.14594324,0.0,-0.122783355,key_1
136,0.0,0.7778061,6.403506e-07,0.22217047,0.83610326,-0.03820801,0.42925566,0.8723784,-0.065902084,0.6029365,0.9289641,-0.09214208,0.7463278,1.0,-0.119850755,0.5085357,0.55013174,-0.050125375,0.73394483,0.45810413,-0.08057117,0.8757379,0.39323124,-0.103762254,1.0,0.3283107,-0.12101097,0.40519747,0.45364398,-0.05299106,0.6051613,0.2911648,-0.07991198,0.7305282,0.18575837,-0.10004217,0.82984096,0.0907016,-0.115686454,0.2605155,0.40734446,-0.059675515,0.38950685,0.2247768,-0.0872826,0.4811233,0.10467305,-0.10789782,0.56657207,0.0,-0.1222324,0.09334123,0.40152672,-0.06959028,0.10600317,0.23239103,-0.0965505,0.11282907,0.12070978,-0.110426754,0.12888157,0.016183844,-0.11953326,key_1
137,0.0,0.77269673,6.249429e-07,0.22536714,0.8306681,-0.036685612,0.43416294,0.8665644,-0.06335671,0.606703,0.92578876,-0.08873799,0.7424133,1.0,-0.11558375,0.5047329,0.5406876,-0.04805502,0.73213696,0.44868046,-0.077737086,0.8753905,0.3836531,-0.100673184,1.0,0.3198538,-0.11747583,0.4031714,0.44575894,-0.050709527,0.6073093,0.28260702,-0.07603279,0.7412203,0.17837398,-0.09585438,0.8465139,0.0841865,-0.11145452,0.26293206,0.40075672,-0.05703574,0.39615902,0.21948475,-0.08291002,0.49008477,0.101510204,-0.103450984,0.57388335,0.0,-0.11784419,0.09964469,0.39675182,-0.06655747,0.107894234,0.22740331,-0.091748096,0.11069039,0.11581269,-0.10541766,0.1213381,0.013345747,-0.11456494,key_1
138,0.0,0.7653277,5.918423e-07,0.22698957,0.8246469,-0.033718925,0.4373437,0.85995626,-0.0579035,0.6104536,0.922008,-0.0811553,0.7400997,1.0,-0.10569826,0.51090103,0.5322143,-0.042549863,0.7367952,0.43888298,-0.069472715,0.8773429,0.3728689,-0.09046546,1.0,0.30922443,-0.10592007,0.4096666,0.43593317,-0.045153745,0.6107438,0.27184823,-0.06768682,0.7405342,0.16937007,-0.0855601,0.8429385,0.07855051,-0.09970585,0.27011463,0.39020061,-0.05126913,0.39990187,0.21104886,-0.07416869,0.4910096,0.097296715,-0.092558414,0.5728335,0.0,-0.10554773,0.10752032,0.3857255,-0.060513098,0.115024336,0.21875007,-0.08291638,0.11910823,0.108499,-0.095097646,0.13208742,0.006575729,-0.10325771,key_1
139,0.0,0.7772662,5.466998e-07,0.22810134,0.83365905,-0.02895169,0.4420247,0.8638382,-0.04969773,0.61454344,0.9221827,-0.07006437,0.7451652,1.0,-0.091644734,0.52241486,0.53287464,-0.035077572,0.7452197,0.43515942,-0.058826808,0.88063645,0.3685395,-0.07743582,1.0,0.3056008,-0.09127447,0.421745,0.4372813,-0.038696364,0.6186834,0.27510083,-0.058744315,0.7416138,0.1728369,-0.07488087,0.8404114,0.08251467,-0.08765108,0.28238901,0.39108527,-0.045645792,0.41554177,0.21192822,-0.066714086,0.50552976,0.09809223,-0.08375787,0.58670485,0.0012062804,-0.09576471,0.12036545,0.3853537,-0.055280373,0.12822694,0.21546237,-0.07641867,0.13260983,0.10393467,-0.08777159,0.14674473,0.0,-0.095228024,key_1
140,0.0,0.78104943,5.354595e-07,0.23123714,0.8319196,-0.027715452,0.4505467,0.8570718,-0.04718877,0.6243767,0.91426665,-0.06636037,0.751042,1.0,-0.08664738,0.5325871,0.5259616,-0.03148237,0.75559336,0.42890593,-0.05313851,0.88719034,0.36153585,-0.07024323,1.0,0.29693612,-0.08311071,0.43266872,0.43306592,-0.035007197,0.6312225,0.27179217,-0.053511947,0.75177455,0.16952282,-0.06855822,0.84675515,0.08082699,-0.08027189,0.29368585,0.38819152,-0.041823644,0.42909864,0.2088736,-0.06135667,0.5187582,0.09547138,-0.07759067,0.5998165,0.0,-0.08893543,0.13044348,0.3830351,-0.05122284,0.1393079,0.2151356,-0.07068971,0.14324489,0.10530465,-0.08100003,0.15613979,0.0042842072,-0.087681256,key_1
141,0.0,0.8019156,5.084899e-07,0.23686057,0.8478899,-0.02475441,0.45952752,0.86695707,-0.04229236,0.6337812,0.9205603,-0.059864957,0.76030695,1.0,-0.07851227,0.536778,0.5342507,-0.027651489,0.7573176,0.4325787,-0.047968753,0.8883128,0.3619687,-0.06412912,1.0,0.29536974,-0.07619754,0.43425536,0.44229674,-0.03163835,0.62992895,0.27945313,-0.04907734,0.7479743,0.17359109,-0.06319609,0.84185135,0.08397262,-0.07397823,0.29486626,0.39856958,-0.03872703,0.42384917,0.21664092,-0.056607492,0.5105327,0.097989656,-0.07138383,0.59226537,0.0,-0.08165321,0.1303181,0.3946251,-0.048208144,0.13284644,0.22448137,-0.06584981,0.14234176,0.110694975,-0.075092226,0.16620404,0.008417636,-0.08098162,key_1
142,0.0,0.8064947,4.9502523e-07,0.23767582,0.851793,-0.02465864,0.4616911,0.8663101,-0.042230815,0.6407283,0.91604495,-0.059723295,0.7712457,1.0,-0.078261785,0.5379815,0.53448343,-0.02809214,0.75730044,0.43051478,-0.048282195,0.88766867,0.3599607,-0.06424599,1.0,0.2938119,-0.07624785,0.4329665,0.44345507,-0.031950627,0.6270263,0.279855,-0.04954937,0.74723804,0.17430416,-0.06345331,0.8441881,0.0844886,-0.07407115,0.29106542,0.40184614,-0.038880087,0.41473565,0.217668,-0.05711032,0.50195855,0.098483376,-0.071758546,0.5855943,0.0,-0.081851855,0.12524669,0.40116522,-0.04817088,0.12445329,0.228197,-0.0661691,0.13136211,0.112386085,-0.07565343,0.1543677,0.0069677457,-0.08172573,key_1
143,0.0,0.8240006,4.6658988e-07,0.24008738,0.8681143,-0.02383136,0.46625596,0.8784835,-0.040217612,0.64780545,0.9189178,-0.05655336,0.7845594,1.0,-0.07377394,0.54246396,0.5411036,-0.02547158,0.7619366,0.4332497,-0.04440738,0.8905836,0.36096817,-0.05942953,1.0,0.29283884,-0.07081848,0.43261063,0.44979078,-0.028990615,0.6209334,0.2822989,-0.045877557,0.7353949,0.17502843,-0.059282817,0.8269889,0.08272709,-0.06934308,0.2873816,0.40953836,-0.03554627,0.40355113,0.22192843,-0.053197697,0.48887992,0.10156729,-0.067240074,0.5723881,0.0,-0.07679475,0.11871605,0.41141897,-0.04439958,0.11248107,0.23881009,-0.062065564,0.115795314,0.12218438,-0.07128931,0.13667287,0.014343983,-0.077018805,key_1
144,0.0,0.8311821,4.5460303e-07,0.24096464,0.8731512,-0.023766221,0.47674066,0.876811,-0.03907475,0.67351973,0.9131728,-0.054183394,0.82100314,1.0,-0.070056565,0.54995114,0.54213107,-0.02315305,0.76572883,0.43301716,-0.040847264,0.8924894,0.36022112,-0.055169523,1.0,0.2926734,-0.0660939,0.43937925,0.44971472,-0.026023317,0.6248761,0.28112927,-0.042011853,0.73777574,0.17306073,-0.05486624,0.8281923,0.08107507,-0.06446514,0.29414925,0.4085102,-0.032050554,0.410527,0.22093403,-0.049112428,0.4952787,0.10045048,-0.06277089,0.57791567,0.0,-0.07195508,0.12507403,0.4092478,-0.040419243,0.12359209,0.23601973,-0.057353217,0.12997039,0.11675006,-0.06638785,0.15464027,0.005612748,-0.072059564,key_1
145,0.0,0.86164266,4.3047004e-07,0.24240777,0.9026579,-0.022530014,0.47866648,0.8984857,-0.03630914,0.68006635,0.9214529,-0.04989129,0.8305879,1.0,-0.064036176,0.5550626,0.5540548,-0.020319847,0.7693794,0.4412553,-0.036447816,0.894438,0.36482814,-0.04984794,1.0,0.29406098,-0.06015227,0.4450409,0.45889544,-0.022915052,0.62901866,0.2865317,-0.03746506,0.73822564,0.17602426,-0.049472958,0.8250895,0.08196945,-0.058505524,0.30252895,0.4152676,-0.028595764,0.42059943,0.22400987,-0.04436356,0.5014503,0.101472914,-0.056945864,0.5786326,0.0,-0.065413326,0.13680553,0.41443408,-0.036577705,0.1425866,0.23534858,-0.05225726,0.15283409,0.113430105,-0.06054764,0.17885917,0.0008567392,-0.065699674,key_1
146,0.0,0.8616002,4.2644925e-07,0.2413553,0.9048783,-0.022172213,0.4762177,0.90259874,-0.03635266,0.6772973,0.92460966,-0.050245866,0.8310931,1.0,-0.06464618,0.5550143,0.55757,-0.021389369,0.76715916,0.44348472,-0.03841163,0.89320755,0.36751217,-0.052306335,1.0,0.297257,-0.06284814,0.44834286,0.46108475,-0.024248127,0.6314509,0.2882621,-0.03957433,0.74452144,0.18071643,-0.051734824,0.83493286,0.08800049,-0.060768336,0.30728206,0.41636205,-0.030114368,0.42715707,0.22674794,-0.04641451,0.5128449,0.10370981,-0.058946513,0.5929572,0.0,-0.06730561,0.14279822,0.4152037,-0.03818187,0.15760961,0.24004565,-0.054101456,0.17613849,0.11998595,-0.06236481,0.20874056,0.0063503548,-0.06749102,key_1
147,0.0,0.8831001,4.122885e-07,0.2451728,0.9252226,-0.020555478,0.48127037,0.9180943,-0.03337107,0.6836408,0.9333512,-0.046063285,0.8426304,1.0,-0.059115708,0.5592345,0.56817245,-0.018216815,0.7689645,0.44994968,-0.034111105,0.89448667,0.37272632,-0.04732917,1.0,0.3018693,-0.057317197,0.4501734,0.46906543,-0.021358509,0.6312854,0.2918418,-0.035546448,0.7460655,0.18331583,-0.047084123,0.838748,0.090482146,-0.055625495,0.30776584,0.422319,-0.027485156,0.4283501,0.22734402,-0.042834394,0.51321,0.10322572,-0.054394323,0.5926412,0.0,-0.062043305,0.14293674,0.42045394,-0.035710696,0.15787159,0.23919374,-0.050931044,0.17751548,0.11602424,-0.058470827,0.21109085,0.0005092219,-0.06296827,key_1
148,0.0,0.94503814,3.404963e-07,0.2546264,0.98078686,-0.017798835,0.5000503,0.9540623,-0.028327355,0.70722127,0.9515984,-0.039101325,0.8718598,1.0,-0.050357964,0.5729562,0.59007406,-0.013813903,0.77229536,0.45830825,-0.028633567,0.8927324,0.37828925,-0.04170658,1.0,0.30514836,-0.051790446,0.4602627,0.4852207,-0.017824171,0.63387936,0.28978255,-0.030959822,0.74722546,0.17629915,-0.042641424,0.84564066,0.07657916,-0.05160964,0.314651,0.43733618,-0.024727482,0.43885365,0.23521161,-0.039113566,0.5297144,0.10849809,-0.050193284,0.61995125,0.0,-0.0579675,0.14406705,0.4363787,-0.033569142,0.16956097,0.25096706,-0.047826864,0.20046283,0.124237,-0.054827534,0.24782372,0.0032090372,-0.05937843,key_1
149,0.0,0.96182,2.9984727e-07,0.2627457,1.0,-0.016358832,0.5122307,0.9587665,-0.024150815,0.72008806,0.9288016,-0.032272503,0.8901207,0.96430784,-0.04039432,0.60149014,0.5723884,-0.0055286805,0.79092175,0.43714315,-0.016623922,0.9014619,0.36057347,-0.02794955,1.0,0.29315132,-0.036963053,0.47981772,0.46756983,-0.008525481,0.64440936,0.26891735,-0.017685702,0.7491022,0.16445355,-0.02733945,0.84245783,0.07818987,-0.034990933,0.32841405,0.42090285,-0.01470181,0.44689012,0.22045982,-0.025525454,0.5383672,0.104090646,-0.03420097,0.6353465,0.008474951,-0.04055941,0.15084124,0.41978583,-0.022985434,0.18207853,0.23491034,-0.034052897,0.22035402,0.113303035,-0.039241947,0.28149018,0.0,-0.04271905,key_1
150,0.0,0.9969204,-9.316067e-08,0.29979685,1.0,0.008406474,0.53745127,0.8322846,0.008957554,0.7055181,0.72924507,0.0014770488,0.86139524,0.6215859,-0.006361213,0.5622822,0.19454932,0.026975373,0.765592,0.17597312,0.0098758545,0.8990935,0.31951782,-0.0035265468,1.0,0.451077,-0.011585056,0.49326172,0.06183702,0.010968529,0.7143954,0.294164,-0.014284345,0.5880433,0.59635943,-0.023480296,0.47959828,0.62262744,-0.022915604,0.4043448,0.0041933493,-0.0074966773,0.6251544,0.28490967,-0.03495486,0.47811583,0.58021224,-0.030597677,0.36084977,0.56692076,-0.01947514,0.29270017,0.0,-0.025601972,0.49663204,0.22462377,-0.04197041,0.4096062,0.45603198,-0.032884214,0.3066379,0.4399554,-0.02088823,key_2
151,0.0,1.0,8.9984184e-08,0.28328303,0.9747113,0.0040233694,0.53425354,0.79991126,0.00069277006,0.7105828,0.68049663,-0.008808077,0.8529503,0.51209104,-0.01803032,0.5456953,0.15414588,0.015899645,0.75986946,0.13818717,-0.0040299995,0.9078028,0.27125645,-0.01743264,1.0,0.3988936,-0.024188643,0.45369363,0.03514545,0.0018308295,0.72476774,0.2445941,-0.023849182,0.594828,0.5976099,-0.028686086,0.4744395,0.64544934,-0.024551766,0.34743157,0.0,-0.014840812,0.59677726,0.25407946,-0.042441208,0.45537433,0.57796466,-0.03385415,0.3348563,0.5842756,-0.019842781,0.2193957,0.028852079,-0.031464107,0.44520456,0.22981586,-0.04801323,0.36416727,0.46260676,-0.037055086,0.25591686,0.45371708,-0.023675451,key_2
152,0.0,1.0,1.0953272e-07,0.25200063,0.967459,-0.0064513893,0.5341537,0.7614036,-0.012863896,0.734408,0.5989882,-0.022439852,0.8778171,0.39599338,-0.03129925,0.53774583,0.13575108,0.0032505305,0.740095,0.0014091708,-0.017659327,0.9041611,0.11175173,-0.031746406,1.0,0.24750626,-0.03880746,0.41377178,0.028106023,-0.0052622766,0.67427754,0.09871359,-0.031718157,0.5905806,0.48587278,-0.037001867,0.47272518,0.60818464,-0.033707775,0.2676486,0.0,-0.016843759,0.51000947,0.11511153,-0.04539404,0.41852516,0.47127008,-0.037445653,0.3011124,0.54097486,-0.024280058,0.09738383,0.030821366,-0.029023537,0.32207906,0.114627615,-0.0476074,0.28186277,0.36735022,-0.037828777,0.18120365,0.41072294,-0.025264172,key_2
153,0.004205498,1.0,1.5996454e-07,0.24551585,0.941927,-0.009570695,0.535115,0.7032533,-0.01522093,0.72577614,0.5082217,-0.022853024,0.8659221,0.31619665,-0.03018857,0.48595876,0.18689796,-0.00056993664,0.6893512,0.0,-0.02036465,0.86857885,0.037375014,-0.034210958,1.0,0.0868973,-0.04194711,0.35044137,0.10596534,-0.0072490843,0.5900615,0.028907958,-0.035383977,0.5492959,0.39231268,-0.04259794,0.44925812,0.56089854,-0.04040731,0.18892364,0.09200199,-0.016652798,0.42495567,0.04298242,-0.047038916,0.38174388,0.3993799,-0.040491942,0.27858487,0.53178644,-0.027720839,0.0,0.12601846,-0.026652925,0.21703072,0.106575355,-0.0476979,0.21417955,0.3596528,-0.03973168,0.12816457,0.45809802,-0.028172676,key_2
154,0.059162863,1.0,2.400026e-07,0.32685792,0.9466258,-0.011524924,0.6462094,0.73228216,-0.017646248,0.84979504,0.5439004,-0.025524514,0.98943466,0.35666564,-0.033497415,0.50287414,0.28538808,-0.0027781564,0.67069423,0.05163123,-0.02242338,0.8596227,0.02341918,-0.03647596,1.0,0.0334036,-0.04408055,0.3569946,0.23584554,-0.008626709,0.58848566,0.0,-0.03889899,0.6396547,0.29064107,-0.049624797,0.5895748,0.50505394,-0.048570525,0.1929414,0.23872401,-0.016852748,0.41552576,0.03999999,-0.049708087,0.43784612,0.35697287,-0.046335265,0.36116388,0.5529795,-0.033967547,0.0,0.27797005,-0.0255918,0.2079786,0.15238841,-0.050138112,0.25090984,0.3737294,-0.045189127,0.1870891,0.52686626,-0.034555454,key_2
155,0.10310162,1.0,2.961775e-07,0.36774325,0.94945866,-0.015956605,0.66935045,0.7454968,-0.025067525,0.8648072,0.56613326,-0.034922164,1.0,0.38849548,-0.044772085,0.49039534,0.3403363,-0.0080979075,0.6362327,0.11551104,-0.027637556,0.8052655,0.058238745,-0.04151892,0.93686855,0.03189296,-0.04970011,0.34055454,0.29782885,-0.0129710445,0.52014524,0.0,-0.043207187,0.6312417,0.22758955,-0.05570672,0.6420099,0.43042114,-0.056250528,0.18100478,0.3053373,-0.020258134,0.34779596,0.04535524,-0.05210848,0.45770806,0.2920851,-0.051766127,0.44904473,0.48173237,-0.04219215,0.0,0.34563565,-0.028460978,0.16934766,0.16667882,-0.052896243,0.27693367,0.33677846,-0.05045261,0.26941276,0.48695374,-0.042259738,key_2
156,0.07519141,1.0,4.211194e-07,0.36152846,0.9361779,-0.02080451,0.64531887,0.7854076,-0.029289437,0.8509882,0.6540944,-0.037249204,1.0,0.5286649,-0.04519846,0.47492528,0.40095332,-0.0096362885,0.61908245,0.19243835,-0.024904644,0.7386793,0.07332616,-0.039159905,0.8521656,0.0,-0.048251998,0.32400477,0.34406468,-0.009727223,0.4063581,0.08078085,-0.02557971,0.5231376,0.011908887,-0.0399029,0.63254386,0.03583585,-0.04858954,0.1662532,0.34485415,-0.013115042,0.22012639,0.081188366,-0.031018369,0.33644518,0.050882988,-0.04275069,0.43850708,0.123227365,-0.048019703,0.0,0.38209993,-0.01851675,0.050515212,0.157974,-0.035647698,0.15818931,0.10888741,-0.043700553,0.26263142,0.1513929,-0.046831567,key_2
157,0.13794936,1.0,5.262814e-07,0.4034605,0.96123606,-0.021577083,0.6478365,0.85014814,-0.031414837,0.83682984,0.76691467,-0.040042136,1.0,0.71993273,-0.048669387,0.5046613,0.51819766,-0.015065894,0.62941986,0.33702895,-0.029907156,0.7186087,0.22753097,-0.043544233,0.79924643,0.14237384,-0.053165693,0.34958604,0.46302748,-0.016733378,0.42601222,0.24467704,-0.027974788,0.5042619,0.11405984,-0.039462324,0.5761572,0.011784111,-0.048150495,0.1900571,0.46033406,-0.021781182,0.23648033,0.24256513,-0.034725714,0.29036468,0.10828484,-0.04544766,0.35288128,0.0,-0.052709475,0.024986563,0.50182426,-0.029119294,0.0,0.32525223,-0.04233758,0.00097514834,0.20560388,-0.04881046,0.022144979,0.09428126,-0.052570865,key_2
158,0.24761531,1.0,6.0651104e-07,0.47383505,0.9584023,-0.025862722,0.68431336,0.8619448,-0.038852762,0.85533863,0.7914561,-0.04996104,1.0,0.7671902,-0.061172497,0.57002884,0.537037,-0.024051495,0.6823794,0.3543276,-0.039801065,0.7539645,0.2407577,-0.053330634,0.8078088,0.14592619,-0.06345328,0.4299614,0.4797075,-0.025782159,0.49803084,0.26227725,-0.038717214,0.54443395,0.12048043,-0.050830115,0.57616854,0.0040723025,-0.060074143,0.2835889,0.47900292,-0.030953057,0.3013295,0.2569856,-0.046153937,0.3196005,0.11484076,-0.060329728,0.34020507,0.0,-0.06995146,0.1355515,0.52839994,-0.03850826,0.0684881,0.35514978,-0.05471287,0.025695784,0.24072522,-0.064009145,0.0,0.13341747,-0.069555216,key_2
159,0.31553704,1.0,6.229309e-07,0.524277,0.95792687,-0.029089738,0.7179068,0.8649688,-0.044184152,0.87029016,0.7983827,-0.05773459,1.0,0.78518957,-0.071737565,0.59724677,0.536326,-0.030629927,0.7033962,0.34984568,-0.04909016,0.76973337,0.23524673,-0.06378817,0.818012,0.13655813,-0.07502421,0.46197817,0.48559546,-0.033311706,0.5133493,0.25889337,-0.049516615,0.5493996,0.11723513,-0.0636055,0.57113487,0.0,-0.07433021,0.3267838,0.49207413,-0.039518047,0.3247158,0.27498716,-0.058212597,0.33909118,0.12985718,-0.07533251,0.35291377,0.010458094,-0.08697708,0.19489469,0.5465515,-0.048366126,0.10400106,0.3806833,-0.068745494,0.0431785,0.26631442,-0.08093641,0.0,0.1571406,-0.08835249,key_2
160,0.3174273,1.0,6.165194e-07,0.52415043,0.95311147,-0.032298725,0.7166357,0.86777246,-0.050943878,0.8707728,0.8084434,-0.06823458,1.0,0.79265606,-0.08633914,0.60327077,0.5407428,-0.03381944,0.7128791,0.362887,-0.055653796,0.77460384,0.2479552,-0.073273316,0.81940657,0.14234987,-0.08676101,0.4675555,0.49107513,-0.036621857,0.51770747,0.26679236,-0.055721615,0.5518349,0.123750664,-0.07178485,0.5725719,0.0,-0.08441666,0.3303173,0.49973577,-0.043337483,0.3273339,0.2862794,-0.06467719,0.32839283,0.13789381,-0.08282393,0.3304755,0.008325032,-0.095503874,0.19639477,0.5550726,-0.053025756,0.10361268,0.3893354,-0.07580104,0.044208456,0.27758753,-0.08854737,0.0,0.16825254,-0.09651046,key_2
161,0.31828487,1.0,5.557954e-07,0.51906645,0.95709115,-0.031095626,0.71222633,0.870383,-0.04982607,0.8656646,0.81130224,-0.06773369,1.0,0.79881144,-0.08654803,0.6068436,0.54377455,-0.0330488,0.7172374,0.36408612,-0.055917084,0.7828071,0.24955755,-0.07436292,0.83464766,0.14549953,-0.08825201,0.4732002,0.49071056,-0.036728445,0.5283929,0.26021618,-0.05606825,0.5604219,0.12079042,-0.07190992,0.5815075,0.0009576562,-0.08436689,0.33704165,0.49583244,-0.04428449,0.3356682,0.2757073,-0.06559049,0.33562103,0.12940729,-0.08247209,0.34130824,0.0,-0.09456133,0.2008976,0.54900056,-0.054843146,0.10592363,0.38323438,-0.07682691,0.044999566,0.27278495,-0.088034846,0.0,0.16291383,-0.09524021,key_2
162,0.3138936,1.0,5.5281805e-07,0.51775825,0.9599584,-0.030128853,0.7135291,0.87497896,-0.048042882,0.8663044,0.8164473,-0.06527673,1.0,0.80772287,-0.08340412,0.6052537,0.54519284,-0.031345613,0.71717006,0.36454347,-0.053385817,0.7826087,0.25044972,-0.071081474,0.83400273,0.1481152,-0.08433731,0.47071433,0.49210346,-0.03498277,0.5295425,0.26027364,-0.053501047,0.5631445,0.12001157,-0.06863034,0.58423835,0.0020782412,-0.08041014,0.33438572,0.4969431,-0.04244207,0.3327007,0.27539358,-0.06275495,0.334516,0.1285201,-0.07920285,0.34198087,0.0,-0.090995274,0.19845589,0.5500981,-0.05284974,0.103468865,0.38494185,-0.07400464,0.043655615,0.27509665,-0.08479377,0.0,0.16627982,-0.09166196,key_2
163,0.3172331,1.0,5.7418373e-07,0.5194916,0.9573126,-0.030615803,0.7112772,0.87558967,-0.049460933,0.86496186,0.8226449,-0.067679524,1.0,0.81255525,-0.08677647,0.60560143,0.5432456,-0.032505076,0.7185372,0.36256266,-0.055278663,0.7837803,0.24871834,-0.07344276,0.8337077,0.14661479,-0.08688636,0.47150022,0.49008486,-0.036306318,0.532249,0.25941014,-0.05513892,0.56706536,0.11830967,-0.07042663,0.58853847,0.0,-0.08226808,0.33375388,0.49670118,-0.043950483,0.3317788,0.27700636,-0.06418166,0.33323056,0.1296194,-0.080576696,0.3408341,0.00027803233,-0.09242815,0.19550581,0.5533346,-0.054595664,0.10102999,0.39223897,-0.07541766,0.042322095,0.28493908,-0.08577921,0.0,0.17984898,-0.092332855,key_2
164,0.29593173,1.0,6.298388e-07,0.5050398,0.9513356,-0.03205424,0.70109797,0.8683981,-0.051881097,0.86152816,0.8173587,-0.07075572,1.0,0.8086051,-0.09047919,0.5900016,0.54522055,-0.034476463,0.7061614,0.36485076,-0.05788837,0.77296877,0.25109118,-0.07659667,0.82277006,0.14841534,-0.09029287,0.45233855,0.49289024,-0.03797879,0.5144738,0.26114726,-0.057179924,0.5503219,0.11997473,-0.0728484,0.571547,0.0,-0.08488953,0.3106997,0.4981724,-0.045307703,0.3167792,0.27858505,-0.065649554,0.32053512,0.13344468,-0.08156117,0.32670042,0.006618018,-0.09282471,0.16856806,0.5510485,-0.055737227,0.08831237,0.38382995,-0.07585712,0.037606165,0.27903923,-0.08491456,0.0,0.17918788,-0.09039945,key_2
165,0.25635,1.0,6.6426344e-07,0.4775405,0.95143497,-0.03241691,0.6828587,0.87314427,-0.05342208,0.85258913,0.8275801,-0.07361536,1.0,0.8226917,-0.094543576,0.57756317,0.5417044,-0.034381665,0.7008156,0.36225286,-0.058956932,0.76866084,0.24656464,-0.078665905,0.819663,0.14239421,-0.09306103,0.43628055,0.4884654,-0.03824621,0.5044795,0.2584855,-0.05859807,0.5426599,0.11819049,-0.07496687,0.5670044,0.0,-0.08725249,0.29194477,0.49477223,-0.045988966,0.30239424,0.27876344,-0.066754915,0.3086696,0.13604018,-0.082274765,0.3179898,0.011061954,-0.093057364,0.14641659,0.54994607,-0.056948587,0.07562388,0.386997,-0.07685703,0.03144278,0.28147763,-0.085397325,0.0,0.18040207,-0.09034548,key_2
166,0.2443941,1.0,7.0771233e-07,0.46987554,0.95800245,-0.03494649,0.67415345,0.8854925,-0.05723865,0.84747833,0.84511375,-0.07857651,1.0,0.8536297,-0.10057152,0.5818508,0.5410614,-0.03531193,0.7133177,0.3633059,-0.060460925,0.78762573,0.24871884,-0.081227005,0.8439554,0.14268328,-0.096721195,0.43784565,0.4852069,-0.038431916,0.5130904,0.26052484,-0.059354335,0.5533918,0.120659,-0.07663273,0.57879996,0.0,-0.08986416,0.28751016,0.48885226,-0.045765635,0.3054862,0.27442756,-0.06688149,0.31560436,0.13347813,-0.0826882,0.32665703,0.009989075,-0.093711816,0.13285442,0.5409217,-0.05670558,0.07144508,0.37461612,-0.07679116,0.030459724,0.2677427,-0.0856445,0.0,0.1648583,-0.09091124,key_2
167,0.18399477,1.0,7.2774947e-07,0.42579585,0.9690494,-0.03719481,0.6465865,0.9044795,-0.060904786,0.8300565,0.86991924,-0.08360014,1.0,0.8864635,-0.10664747,0.577503,0.54814786,-0.03503879,0.7328505,0.37893382,-0.061658602,0.8243285,0.26576817,-0.0836754,0.8987775,0.16146733,-0.10002916,0.43198618,0.4839588,-0.03769644,0.529431,0.26497805,-0.06003907,0.5849316,0.12694982,-0.078200765,0.6276608,0.006127771,-0.09203464,0.27339894,0.4816589,-0.04515851,0.31199324,0.26626316,-0.068441376,0.3370069,0.12517166,-0.08558956,0.36158282,0.0,-0.0971561,0.10439217,0.52930796,-0.056418464,0.059811305,0.3595018,-0.078257054,0.027017336,0.2456966,-0.08831622,0.0,0.1334635,-0.094451204,key_2
168,0.08202859,1.0,7.633205e-07,0.3595081,0.9905841,-0.035348117,0.6108443,0.9459558,-0.058186926,0.8141499,0.921357,-0.0800702,1.0,0.9479154,-0.10264155,0.5664872,0.56739926,-0.03442338,0.7595434,0.39899775,-0.060962807,0.87338084,0.28601116,-0.082739346,0.96655047,0.1824444,-0.09869327,0.40825704,0.4956994,-0.03762571,0.54534274,0.27156597,-0.059892945,0.6266186,0.13212754,-0.078395456,0.6926901,0.010854066,-0.0923486,0.22993682,0.4843019,-0.0452401,0.3068314,0.26880598,-0.06796555,0.3586117,0.1258277,-0.085104086,0.40965933,0.0,-0.0966733,0.032808445,0.5190101,-0.05635823,0.013811365,0.34694177,-0.0777868,0.0016884553,0.22949852,-0.08761756,0.0,0.112825334,-0.09353834,key_2
169,0.0,0.9845916,7.8426507e-07,0.28121746,0.99706376,-0.035770837,0.5353185,0.96786594,-0.057915505,0.7432591,0.96060085,-0.07907971,0.9278996,1.0,-0.100813985,0.5426653,0.57601,-0.031894285,0.7634855,0.41596943,-0.05727118,0.8932178,0.306108,-0.07899445,1.0,0.20510872,-0.09496987,0.39347202,0.4904603,-0.033710044,0.56195325,0.27777246,-0.054021645,0.6568527,0.14128543,-0.07214287,0.732607,0.025262265,-0.08588383,0.21924052,0.46473363,-0.039963793,0.32980677,0.25551757,-0.059999462,0.39575946,0.119099185,-0.07535388,0.4564375,0.0,-0.08594403,0.01893964,0.48508462,-0.04995339,0.036934342,0.31765145,-0.06892316,0.04877782,0.20439674,-0.076783694,0.067311935,0.09415789,-0.08121152,key_2
170,0.0,0.9086451,8.2455585e-07,0.25327563,0.94816345,-0.04215788,0.48281354,0.94255555,-0.067885846,0.6711545,0.9425577,-0.09131554,0.84366566,1.0,-0.11486159,0.5448049,0.556572,-0.038343765,0.7641828,0.4125085,-0.064890526,0.8938178,0.31018987,-0.08727959,1.0,0.21566434,-0.103793435,0.41936037,0.46485308,-0.03710776,0.5935458,0.27102292,-0.058852408,0.69149315,0.13956897,-0.07799218,0.76852995,0.026942836,-0.092158474,0.2660051,0.42945075,-0.040477794,0.3880234,0.23776087,-0.06132254,0.46174854,0.11017349,-0.07721425,0.5297998,0.0,-0.08786715,0.08459234,0.43626985,-0.04810333,0.11900733,0.27947447,-0.06733763,0.14206077,0.17351098,-0.07567115,0.17212915,0.072795786,-0.08021423,key_2
171,0.0,0.84818166,8.208656e-07,0.22536202,0.907128,-0.044032104,0.44095445,0.9156106,-0.07016819,0.62162524,0.93224806,-0.09355533,0.7776959,1.0,-0.116554186,0.54812,0.5268524,-0.039020676,0.76508504,0.39406395,-0.06512537,0.8936095,0.30352977,-0.08733665,1.0,0.22065006,-0.10347896,0.4354436,0.4289156,-0.03627607,0.61291397,0.24898493,-0.05716712,0.71919453,0.12619834,-0.075864956,0.80251914,0.021014132,-0.08985299,0.293052,0.3855052,-0.0383772,0.42194325,0.21074176,-0.057594486,0.5039561,0.09758056,-0.07303382,0.5768209,0.0,-0.08366565,0.1252242,0.38340577,-0.045101795,0.17882667,0.2380307,-0.06253759,0.211395,0.13996676,-0.07049172,0.24787307,0.04541087,-0.07505083,key_2
172,0.0,0.8216916,7.958383e-07,0.21709305,0.8876876,-0.042142134,0.43226302,0.8998198,-0.06585973,0.61188674,0.92179126,-0.08711026,0.75593936,1.0,-0.10772234,0.54959625,0.51663804,-0.033256225,0.76707464,0.39484864,-0.05661865,0.89536875,0.30893555,-0.07701594,1.0,0.23182087,-0.09206232,0.4462927,0.4150046,-0.030520728,0.62988913,0.24796729,-0.049238678,0.73837584,0.13395838,-0.06633178,0.82189167,0.04050232,-0.07901765,0.3127517,0.3646918,-0.032784082,0.45462564,0.19353503,-0.050723024,0.5427183,0.087258056,-0.065423556,0.6193918,0.0,-0.07538672,0.15296246,0.3546455,-0.03956275,0.21464875,0.21026579,-0.05618263,0.25263554,0.11449595,-0.06388334,0.29374734,0.025468072,-0.06810037,key_2
173,0.0,0.81721765,7.6700985e-07,0.21315262,0.88368315,-0.04170652,0.42170417,0.89771664,-0.06507797,0.6002305,0.9200615,-0.08626467,0.74448484,1.0,-0.10682029,0.5494306,0.5155067,-0.030425278,0.766382,0.40265363,-0.053798117,0.8949733,0.3196936,-0.07475077,1.0,0.24230216,-0.09046148,0.4512297,0.4119302,-0.02820539,0.6362932,0.2513555,-0.047527526,0.7451248,0.1384848,-0.06552663,0.82951504,0.043946184,-0.07889102,0.32117578,0.35907236,-0.031168317,0.46992087,0.19289595,-0.049924526,0.5651264,0.087816015,-0.06482186,0.64891744,0.0,-0.07492133,0.16499789,0.34548226,-0.038676053,0.23299445,0.20205393,-0.055902116,0.275183,0.104755186,-0.063742906,0.31891567,0.014574436,-0.06807056,key_2
174,0.0,0.8255047,7.398291e-07,0.21649198,0.8870273,-0.038611863,0.43016803,0.89706695,-0.06017706,0.6134689,0.92284834,-0.080116704,0.7585341,1.0,-0.09949165,0.55268914,0.511655,-0.025544781,0.76963514,0.39887837,-0.046853498,0.8960415,0.3190067,-0.06686111,1.0,0.24246304,-0.0820688,0.45773795,0.41012394,-0.024531113,0.6461253,0.25000694,-0.041548084,0.7558123,0.1385004,-0.058806606,0.8406246,0.043616794,-0.071945645,0.3298017,0.35760537,-0.028588587,0.47905117,0.19369338,-0.0454117,0.5743719,0.08856779,-0.059798464,0.6578015,0.0,-0.069883406,0.17453569,0.3441845,-0.037001673,0.24071825,0.1978759,-0.052670244,0.28000042,0.098539814,-0.059682105,0.31980798,0.0064655035,-0.06367587,key_2
175,0.0,0.8494946,7.1464035e-07,0.21800028,0.90612787,-0.036142834,0.43142956,0.90938044,-0.05521578,0.61736107,0.9319586,-0.07291155,0.7650262,1.0,-0.08981536,0.55022293,0.5231489,-0.02098839,0.77166325,0.41021365,-0.0400449,0.89833367,0.32684726,-0.058532666,1.0,0.24689159,-0.07287,0.4542111,0.41845825,-0.020369263,0.64145964,0.24976249,-0.03543605,0.7499587,0.1345602,-0.051994726,0.8339612,0.03782623,-0.06487143,0.32583752,0.36555773,-0.024709318,0.47230637,0.19749105,-0.04082515,0.56502503,0.09036004,-0.05559786,0.6457673,0.0,-0.066053115,0.1700559,0.35357237,-0.033121526,0.2316255,0.20499316,-0.049204923,0.26566342,0.100423604,-0.056867752,0.2992063,0.0046195746,-0.061225537,key_2
176,0.0,0.84762704,7.162435e-07,0.22343853,0.9035004,-0.036136877,0.4401749,0.90675133,-0.054758206,0.629347,0.92465425,-0.071963966,0.7766613,1.0,-0.08833067,0.5535942,0.52270085,-0.019723702,0.77406675,0.40854996,-0.0377783,0.8990395,0.32493812,-0.055648386,1.0,0.24514882,-0.06959656,0.4568189,0.41941094,-0.018562289,0.64274,0.25223288,-0.032704584,0.7481947,0.13565104,-0.048594654,0.8297386,0.038014177,-0.060881592,0.32839033,0.36685053,-0.02237006,0.47033367,0.19785057,-0.037432663,0.5592784,0.09002516,-0.05161771,0.6374034,0.0,-0.061643653,0.17281693,0.3541087,-0.030324677,0.22734854,0.20588563,-0.045066655,0.25834513,0.10189452,-0.052061826,0.291009,0.007407485,-0.056013297,key_2
177,0.0,0.86434793,7.0203504e-07,0.23342071,0.9148041,-0.03505273,0.45866677,0.91552806,-0.05353496,0.65293473,0.9329121,-0.070870414,0.80173355,1.0,-0.08765281,0.5502783,0.53254765,-0.020989086,0.77140665,0.41197398,-0.040087607,0.8973317,0.32619014,-0.05831027,1.0,0.2448404,-0.07240099,0.4509233,0.43355104,-0.020475412,0.6355263,0.26283786,-0.035843577,0.743338,0.1467032,-0.052295,0.82744753,0.0485796,-0.06490572,0.32088,0.3840688,-0.024740392,0.45625842,0.2082415,-0.040925883,0.54301536,0.09479312,-0.055594344,0.6189503,0.0,-0.0658149,0.16568463,0.37477186,-0.032958046,0.21544576,0.22150895,-0.04894297,0.24525684,0.115114905,-0.05667426,0.27624878,0.018715821,-0.060967937,key_2
178,0.0,0.8918534,6.7820747e-07,0.25195566,0.92891836,-0.03361243,0.5016394,0.9242539,-0.05157796,0.7090864,0.9417322,-0.06895005,0.86448187,1.0,-0.086276025,0.54969394,0.5395445,-0.022377014,0.7642512,0.4056582,-0.043070707,0.8920584,0.317079,-0.062268786,1.0,0.23356654,-0.076912545,0.43934175,0.44527906,-0.023444984,0.61607385,0.2678991,-0.040203594,0.72530144,0.1494621,-0.057380978,0.81251556,0.046480555,-0.07048131,0.3006622,0.40137073,-0.029134216,0.42706162,0.21978584,-0.046180926,0.5076584,0.10118228,-0.06091115,0.57929546,0.0,-0.07110809,0.13819231,0.39970112,-0.038762197,0.17222132,0.23976791,-0.05521323,0.19581534,0.13025503,-0.06306419,0.22248812,0.030431041,-0.06742928,key_2
179,0.0,0.92605126,6.6838413e-07,0.27692053,0.9512009,-0.032415792,0.55454063,0.9338984,-0.049900457,0.77219075,0.94968784,-0.0669485,0.93055,1.0,-0.0844885,0.55275625,0.5460031,-0.025556585,0.76303536,0.3982912,-0.04755622,0.8928305,0.30504057,-0.06727335,1.0,0.21972653,-0.08202963,0.4185645,0.46020442,-0.028307347,0.5827959,0.26914877,-0.04659779,0.6892725,0.14320914,-0.06504573,0.7728565,0.03307676,-0.07912851,0.26127908,0.42548546,-0.0353766,0.37792182,0.2317363,-0.05432251,0.45314983,0.10748563,-0.070824586,0.52063024,0.0,-0.08213326,0.08326874,0.43425572,-0.04608615,0.096771896,0.2621213,-0.065192275,0.107139744,0.14483479,-0.07482466,0.12512091,0.035632946,-0.08029177,key_2
180,0.038069308,0.9621396,6.518587e-07,0.32012942,0.9693727,-0.034768067,0.5904074,0.94426644,-0.056868427,0.8103977,0.96046346,-0.07820494,0.98315996,1.0,-0.10088132,0.5526319,0.58341014,-0.04045022,0.7579778,0.4323223,-0.068984,0.88929373,0.33706868,-0.09200725,1.0,0.24789643,-0.108994626,0.39164138,0.5026791,-0.044867985,0.5194286,0.28663534,-0.06972675,0.6067721,0.14603916,-0.090982005,0.676129,0.022352554,-0.1073459,0.21523388,0.48221666,-0.0531914,0.29052815,0.26826638,-0.07764921,0.3468506,0.12592442,-0.096660964,0.40445048,0.0,-0.11012001,0.03311384,0.5102743,-0.065013915,0.010247782,0.33144605,-0.08886391,0.0,0.2088948,-0.10101455,0.006113291,0.092164025,-0.108667515,key_2
181,0.13690956,0.94962114,5.976205e-07,0.3910986,0.9607436,-0.035237137,0.6305682,0.9402035,-0.061295386,0.8342795,0.96170497,-0.08672411,1.0,1.0,-0.114000775,0.5956217,0.60786986,-0.050029743,0.77942413,0.45592308,-0.08227566,0.89561635,0.36095205,-0.10646261,0.99565226,0.27242124,-0.12426531,0.44822288,0.52732456,-0.056355152,0.5574842,0.29724982,-0.084812716,0.6265986,0.15267587,-0.10654846,0.6782001,0.028158879,-0.12312784,0.28259823,0.5115355,-0.06617177,0.3350256,0.28477797,-0.094545566,0.37745348,0.13303424,-0.11517243,0.4231793,0.0,-0.12948756,0.11382203,0.5470728,-0.079105124,0.050470237,0.35879412,-0.1072791,0.01510974,0.2287813,-0.12137168,0.0,0.10410774,-0.1302512,key_2
182,0.16399685,0.93786293,5.3104867e-07,0.40292066,0.94608676,-0.032627247,0.6278544,0.92735636,-0.05781481,0.8174807,0.95655084,-0.0831348,0.97254306,1.0,-0.110690095,0.6110676,0.60740805,-0.04953911,0.7912049,0.4566263,-0.081604615,0.9037528,0.36037746,-0.10559385,1.0,0.2700125,-0.123541564,0.47536677,0.5306725,-0.057451695,0.57871366,0.30229238,-0.086141504,0.63473415,0.15409812,-0.10822986,0.673725,0.024751516,-0.12522165,0.31816223,0.5165924,-0.06850619,0.36382192,0.28917643,-0.09720173,0.39299425,0.13690391,-0.11881668,0.427148,0.0,-0.13416591,0.15526022,0.5529356,-0.08242026,0.08098806,0.36627394,-0.11186144,0.029323183,0.2409332,-0.1271827,0.0,0.11794965,-0.13703874,key_2
183,0.18878905,0.91106564,5.4052043e-07,0.41835514,0.92696524,-0.03520871,0.6382364,0.9206136,-0.06218898,0.82061595,0.95719665,-0.08886037,0.97041875,1.0,-0.117993906,0.6244746,0.6050268,-0.055389795,0.7981918,0.4545594,-0.088312075,0.90707326,0.3563906,-0.1125261,1.0,0.26340532,-0.13075753,0.48764464,0.52688175,-0.062532924,0.57515687,0.2957717,-0.09231948,0.6268165,0.14437811,-0.11453676,0.65817845,0.011985823,-0.13151918,0.3333648,0.5130973,-0.07263597,0.3651228,0.2829834,-0.10228813,0.38813502,0.13446933,-0.12331986,0.41572273,0.0,-0.13828774,0.1785143,0.55162865,-0.08578998,0.0936911,0.3712445,-0.11632288,0.03653451,0.24959584,-0.13165224,0.0,0.13147248,-0.14131838,key_2
184,0.20519927,0.8946706,5.354072e-07,0.42726487,0.91775626,-0.03687506,0.63881475,0.9204303,-0.06449593,0.8174727,0.9634152,-0.0914221,0.9611943,1.0,-0.120766014,0.6255866,0.6046374,-0.058596786,0.8002352,0.4578414,-0.091320604,0.9091288,0.35763425,-0.115174055,1.0,0.26170087,-0.133274,0.49077842,0.52293456,-0.06484021,0.5803398,0.29294583,-0.09405108,0.63513494,0.14157307,-0.11554139,0.66579086,0.008616372,-0.13241683,0.33814895,0.5064835,-0.07400712,0.3714575,0.2799321,-0.103144586,0.3959949,0.13375917,-0.12378811,0.42284995,0.0,-0.13900773,0.18568952,0.5452199,-0.08640197,0.098593935,0.36859316,-0.11629399,0.040036228,0.25005668,-0.13126265,0.0,0.13613969,-0.14117107,key_2
185,0.19976427,0.88608307,4.953484e-07,0.41922614,0.9120029,-0.03507236,0.62575513,0.9166952,-0.06202515,0.8022921,0.9602938,-0.08858909,0.947628,1.0,-0.11772565,0.61947334,0.6070113,-0.057489607,0.7945207,0.4641356,-0.08981089,0.9060761,0.36920807,-0.11331095,1.0,0.2763998,-0.13123973,0.49119824,0.5250967,-0.06441923,0.5855769,0.29236302,-0.092910536,0.63994765,0.14174737,-0.11374121,0.6686667,0.00955687,-0.13033187,0.3430033,0.50786716,-0.07413251,0.37411767,0.28014904,-0.10266255,0.3992758,0.13398911,-0.12288528,0.42829588,0.0,-0.13802457,0.19270794,0.5444901,-0.086965576,0.10273137,0.3662441,-0.1165698,0.041168787,0.24719445,-0.13150279,0.0,0.13347755,-0.14157672,key_2
186,0.18646684,0.84812623,5.416412e-07,0.3954069,0.8824294,-0.037129357,0.5946894,0.8949243,-0.06573438,0.767375,0.94864124,-0.09358436,0.91120535,1.0,-0.12399866,0.59802836,0.5995406,-0.062400546,0.782135,0.46863326,-0.09642556,0.9001794,0.37824404,-0.12048973,1.0,0.28943044,-0.13851748,0.4748927,0.5144901,-0.06862443,0.58039826,0.2907126,-0.09869253,0.6411373,0.14237629,-0.11985862,0.67574555,0.012505867,-0.13645084,0.32896328,0.491417,-0.07755143,0.36498895,0.27182874,-0.10726673,0.39189622,0.12873949,-0.12767445,0.42082092,0.0,-0.14255072,0.17912371,0.52035445,-0.08967077,0.09607594,0.34353474,-0.11963054,0.03802745,0.22569199,-0.13443986,0.0,0.11505957,-0.14426583,key_2
187,0.14679562,0.807525,5.7740993e-07,0.34945276,0.8475308,-0.03679401,0.54168695,0.8666312,-0.06666457,0.7020983,0.9356357,-0.09603001,0.8412305,1.0,-0.12812379,0.5687844,0.59699875,-0.06556309,0.7670083,0.48068678,-0.10129425,0.89256215,0.39891997,-0.12577005,1.0,0.32126367,-0.14368837,0.45296496,0.5114016,-0.07235029,0.57673585,0.30215055,-0.10398366,0.645703,0.16117974,-0.12543413,0.68920416,0.037321962,-0.14179142,0.31002447,0.48338354,-0.08168256,0.35287783,0.26820374,-0.112403244,0.3793193,0.12654996,-0.13272668,0.4119549,0.0,-0.14717777,0.15871261,0.50487614,-0.09412512,0.079826124,0.32915318,-0.12500559,0.02714409,0.2104217,-0.14011657,0.0,0.09899331,-0.14985976,key_2
188,0.08596496,0.76687187,6.057801e-07,0.28650868,0.8158416,-0.03799312,0.4827951,0.84596515,-0.06814572,0.64173454,0.9267183,-0.09745723,0.77815706,1.0,-0.12942226,0.5288214,0.58231235,-0.0660488,0.744568,0.47856417,-0.10222401,0.8814095,0.40332547,-0.12716764,1.0,0.33234957,-0.14545727,0.41510224,0.4942316,-0.07204236,0.552943,0.29293215,-0.10422916,0.6367493,0.15776303,-0.12649919,0.69627833,0.03735244,-0.14357387,0.2700306,0.4610677,-0.080710314,0.32908794,0.25690475,-0.11176453,0.37215212,0.12244987,-0.13270561,0.41991404,0.0,-0.14761186,0.11531405,0.4746162,-0.092621915,0.057040915,0.3018994,-0.12342841,0.017666876,0.1877653,-0.13854863,0.0,0.07880095,-0.14839485,key_2
189,0.08495143,0.74484545,6.2781095e-07,0.28160426,0.799861,-0.039159924,0.46503755,0.8402844,-0.06920252,0.61905897,0.92567044,-0.09797617,0.7496968,1.0,-0.12943907,0.5238247,0.57425445,-0.06746116,0.74414873,0.47033188,-0.101608634,0.88268906,0.3932364,-0.124954276,1.0,0.3214706,-0.14232473,0.40647882,0.48138195,-0.07231597,0.54803425,0.28449863,-0.102896444,0.64022154,0.15237054,-0.12455487,0.704657,0.037795547,-0.14174129,0.25967106,0.44245166,-0.07969955,0.3288938,0.24402757,-0.10989935,0.37990594,0.1138692,-0.13109422,0.43000346,0.0,-0.14666739,0.10410673,0.44912523,-0.090298176,0.05348464,0.2796943,-0.12082502,0.017593179,0.16510905,-0.13634881,0.0,0.058889277,-0.1467645,key_2
190,0.039180357,0.7429806,6.572285e-07,0.24451795,0.79533494,-0.037350878,0.43326452,0.8317342,-0.0666977,0.58599377,0.9216163,-0.09525603,0.7194172,1.0,-0.12620707,0.49663413,0.57034796,-0.06338931,0.7277494,0.47397903,-0.09737534,0.8745581,0.40387002,-0.12088731,1.0,0.33691752,-0.13807921,0.38021046,0.47792223,-0.06869581,0.548431,0.29336646,-0.098567456,0.65715975,0.16806175,-0.1196166,0.73590785,0.055625062,-0.13621645,0.23257022,0.4365729,-0.07675311,0.31605524,0.2429211,-0.10584878,0.37684193,0.114679106,-0.12613386,0.43511078,0.0,-0.14072788,0.07380553,0.43997735,-0.0880332,0.034664985,0.2666564,-0.116541676,0.008236314,0.1510668,-0.13049881,0.0,0.041389186,-0.13982937,key_2
191,0.059666093,0.7372457,6.925784e-07,0.2515608,0.7906172,-0.036302164,0.42490342,0.8261265,-0.063970044,0.5585829,0.9146882,-0.09090432,0.67422205,1.0,-0.119911805,0.5097528,0.56147593,-0.058240287,0.72850716,0.4787554,-0.08859102,0.8742273,0.41792953,-0.10937532,1.0,0.35967454,-0.1246542,0.40252882,0.46429902,-0.062462244,0.5709475,0.2939727,-0.088196926,0.68501246,0.17740352,-0.10562192,0.77311903,0.072054654,-0.1195499,0.26259264,0.4211189,-0.069754645,0.3448133,0.23394963,-0.09592765,0.40748242,0.10991193,-0.11536902,0.46976784,0.0,-0.129423,0.111225046,0.42503542,-0.08035373,0.060162958,0.2543761,-0.10693715,0.020681275,0.14079034,-0.121174455,0.0,0.03413354,-0.13090764,key_2
192,0.12460591,0.7026924,6.748656e-07,0.3035155,0.76818204,-0.03709705,0.4583984,0.81640214,-0.06579285,0.5815013,0.9112579,-0.09305115,0.6897578,1.0,-0.122782096,0.53914285,0.54519373,-0.063258484,0.74296004,0.47231877,-0.09379983,0.88029385,0.4160702,-0.11437635,1.0,0.36154857,-0.12970461,0.4374613,0.44824463,-0.06695432,0.5913653,0.28813744,-0.093021534,0.7019252,0.17742968,-0.11057414,0.7880366,0.07659095,-0.12491228,0.2986631,0.40662742,-0.07327582,0.37566224,0.22710058,-0.10035849,0.4336802,0.108025424,-0.12143028,0.49233136,0.0,-0.13705973,0.14785668,0.41447252,-0.082524605,0.08598402,0.2584577,-0.11043522,0.033868827,0.15264255,-0.12594062,0.0,0.051864892,-0.13686822,key_2
193,0.13786057,0.69407076,7.7223905e-07,0.30369174,0.7555396,-0.04230665,0.4558019,0.80846876,-0.07601291,0.5715266,0.9054481,-0.10609345,0.6710033,1.0,-0.13772075,0.54677707,0.53031623,-0.07483996,0.75021243,0.45342913,-0.10877464,0.88655084,0.3997632,-0.13068052,1.0,0.3503134,-0.14637488,0.44676298,0.4341336,-0.07612992,0.598649,0.27438325,-0.10574589,0.7042724,0.16663468,-0.12446119,0.7837037,0.07096126,-0.13868256,0.3057069,0.3949659,-0.08004179,0.38066638,0.21377753,-0.11102644,0.43934718,0.098226026,-0.13403827,0.4916631,0.0,-0.14954577,0.15277332,0.40693644,-0.08655175,0.08734285,0.24796978,-0.117178924,0.03243398,0.14808568,-0.13413447,0.0,0.054462295,-0.1450891,key_2
194,0.117964394,0.7314423,5.48741e-07,0.30330107,0.79134375,-0.032787878,0.46933517,0.8339135,-0.05816767,0.59151673,0.9161962,-0.08278012,0.69190323,1.0,-0.10900506,0.5497431,0.54251903,-0.05069956,0.7499519,0.4601002,-0.07764833,0.88426065,0.40494266,-0.096316755,1.0,0.35157862,-0.11028484,0.45058724,0.44445145,-0.05399256,0.6031786,0.2838787,-0.07674494,0.7048275,0.17975949,-0.09166572,0.7803936,0.086867124,-0.10353251,0.31788564,0.40309948,-0.060255468,0.39500204,0.2211406,-0.08426311,0.45202148,0.10519879,-0.10305595,0.50817716,0.0,-0.11673254,0.17153382,0.41321772,-0.06928842,0.103183195,0.2581272,-0.094334766,0.041757327,0.15563256,-0.10832123,0.0,0.05838516,-0.117874324,key_2
195,0.07971955,0.7605133,6.466715e-07,0.26933905,0.8103453,-0.034665406,0.4440222,0.847116,-0.061765864,0.57594454,0.91703886,-0.086264975,0.6880247,1.0,-0.11169617,0.5419468,0.54425806,-0.055683445,0.748466,0.45415217,-0.084142536,0.8858994,0.3979594,-0.10356417,1.0,0.34827158,-0.11726921,0.43300584,0.45228207,-0.05773969,0.5961933,0.28719962,-0.08280984,0.7049735,0.18041827,-0.099014364,0.78663695,0.08641838,-0.11078797,0.28386363,0.41662243,-0.062608615,0.37773603,0.23060621,-0.089487635,0.44422203,0.1058151,-0.10927316,0.5021805,0.0,-0.12188194,0.12004488,0.4291759,-0.069656625,0.06841746,0.26049444,-0.096370324,0.024444433,0.15127158,-0.11059492,0.0,0.047240634,-0.119113505,key_2
196,0.04448215,0.8072669,5.1724516e-07,0.2508943,0.8565042,-0.02980518,0.44246483,0.8782549,-0.05103592,0.5911016,0.9290256,-0.07137738,0.7080845,1.0,-0.09238511,0.5380664,0.55681396,-0.039280586,0.74388653,0.45840728,-0.06274498,0.8798586,0.40116447,-0.080088526,1.0,0.34571335,-0.09284946,0.4323719,0.4571852,-0.04175378,0.6004701,0.28935313,-0.061130296,0.71169007,0.1848319,-0.07487817,0.80287015,0.08913498,-0.085560374,0.2879521,0.4162269,-0.047417346,0.38179126,0.23067248,-0.068450846,0.4510614,0.10844546,-0.08526984,0.51631594,0.0,-0.09694935,0.12296004,0.42554855,-0.055674292,0.07590259,0.25786874,-0.077643685,0.030161772,0.14608072,-0.08979234,0.0,0.03961688,-0.09756933,key_2
197,0.024637053,0.8552326,4.845515e-07,0.24647002,0.90172964,-0.026423814,0.4538549,0.9119223,-0.04406348,0.6234796,0.93993765,-0.060910765,0.7529867,1.0,-0.07833661,0.5400376,0.5724618,-0.03214765,0.74928427,0.4671019,-0.05215485,0.88394016,0.40151176,-0.06735578,1.0,0.33759013,-0.07885711,0.42753628,0.47199553,-0.034867235,0.5943435,0.2981737,-0.051934745,0.70000285,0.18845999,-0.064578466,0.7855505,0.08829739,-0.074352555,0.2775493,0.43007228,-0.040579196,0.37406105,0.24007165,-0.059653617,0.44552493,0.113024674,-0.07510531,0.51300997,0.0,-0.08592086,0.10594278,0.43661883,-0.048576374,0.060512584,0.2624921,-0.068708435,0.021705719,0.14709212,-0.07977428,0.0,0.03719816,-0.086813696,key_2
198,0.0,0.89726675,4.6104984e-07,0.23956409,0.93750936,-0.025335385,0.4750648,0.9383508,-0.04136616,0.67294073,0.9511471,-0.056562137,0.83305705,1.0,-0.07205822,0.53815645,0.58428,-0.02703655,0.7480836,0.46857744,-0.0455807,0.88309497,0.3964108,-0.06022763,1.0,0.32972565,-0.07124242,0.42335635,0.48397163,-0.02972458,0.59255123,0.29762748,-0.045361556,0.6990529,0.18606529,-0.0575372,0.78635633,0.08826087,-0.066889174,0.27387118,0.44096774,-0.035610497,0.3787831,0.24090214,-0.05373619,0.45229763,0.11160647,-0.06798909,0.52314585,0.0,-0.077813774,0.10220758,0.4463519,-0.043773077,0.06710695,0.2633426,-0.06279168,0.03883276,0.14060183,-0.07276825,0.026090726,0.024093859,-0.07896581,key_2
199,0.0,0.974149,3.843961e-07,0.25518113,1.0,-0.021508435,0.50774217,0.96982294,-0.033304434,0.71274245,0.94842744,-0.044732593,0.88110083,0.958681,-0.05617126,0.55332464,0.6049873,-0.016969463,0.7578901,0.47531933,-0.03241155,0.88514036,0.3991302,-0.04563323,1.0,0.33143702,-0.055848055,0.43581206,0.5025421,-0.019673882,0.598707,0.30079874,-0.032485623,0.70247114,0.18772887,-0.04366258,0.79630613,0.08987434,-0.05253142,0.28951383,0.4595872,-0.02574767,0.40848207,0.24873385,-0.041092586,0.49402377,0.11521777,-0.053758543,0.5808418,0.0,-0.06284528,0.12056546,0.46571103,-0.034033027,0.10513599,0.27615684,-0.051211394,0.09675321,0.13955401,-0.060664378,0.10333895,0.010268673,-0.06662305,key_2
200,0.0,0.99021536,3.4044865e-07,0.30145645,1.0,-0.016752187,0.5767823,0.9388726,-0.0242284,0.80128306,0.880852,-0.032169383,0.98917603,0.85183823,-0.040164907,0.5616756,0.5764431,-0.0045079254,0.7586379,0.4407968,-0.017497055,0.88557,0.36482057,-0.029999623,1.0,0.30511925,-0.039494615,0.43398923,0.4793638,-0.007928411,0.5997388,0.27114078,-0.018849595,0.71902883,0.16197407,-0.029992511,0.8271756,0.075985014,-0.03848983,0.2839617,0.43923318,-0.0149148535,0.4159721,0.22572309,-0.028140882,0.5270495,0.10028739,-0.039006583,0.640573,0.0,-0.046709377,0.115005806,0.44621226,-0.023861406,0.13704848,0.26235202,-0.03824489,0.16787754,0.1314682,-0.045692705,0.21341676,0.01036043,-0.05037027,key_2
201,0.0,1.0,3.399337e-07,0.31404316,0.97120064,-0.016884223,0.59278727,0.8857731,-0.024695853,0.8132732,0.7995029,-0.032787014,1.0,0.726004,-0.040683065,0.52400136,0.5222672,-0.0036537494,0.7109241,0.3608976,-0.018378034,0.8380382,0.29020894,-0.03253784,0.96202356,0.23600891,-0.042507816,0.3900067,0.4378378,-0.006846934,0.5336803,0.22083691,-0.019066175,0.65519977,0.110210255,-0.03169173,0.77542704,0.024729192,-0.041306704,0.2394593,0.40561765,-0.013820794,0.36348137,0.19388191,-0.027270947,0.49192393,0.08335467,-0.036758274,0.62650573,0.0,-0.04331935,0.06826781,0.41456068,-0.022908308,0.12738593,0.2301096,-0.03589547,0.20129429,0.109147705,-0.04162702,0.29230788,0.0012548143,-0.04522727,key_2
202,0.0,1.0,3.4276772e-07,0.32758534,0.94799435,-0.017256085,0.6136049,0.82685333,-0.023792397,0.82900614,0.7106252,-0.030508505,1.0,0.5978841,-0.03702675,0.5033336,0.49378675,-0.0017115275,0.66546315,0.3180723,-0.017109359,0.7837936,0.24418576,-0.031436782,0.90223384,0.19555888,-0.040962394,0.35501704,0.42219245,-0.0043191537,0.48737302,0.20645078,-0.017318888,0.6047138,0.095239386,-0.030675137,0.73102885,0.011716063,-0.0403103,0.19351667,0.4013891,-0.011000395,0.31594095,0.18922506,-0.02544189,0.44355398,0.07839027,-0.035473518,0.58645165,0.0,-0.041810993,0.011176926,0.41974136,-0.019755503,0.07395101,0.23361902,-0.03289409,0.15852958,0.11908171,-0.038924754,0.2660851,0.026598472,-0.042420752,key_2
203,0.11114781,1.0,3.9036834e-07,0.42694825,0.910305,-0.01659783,0.6874818,0.76464784,-0.021508662,0.8736846,0.62653136,-0.026970377,1.0,0.48000017,-0.03188565,0.48385328,0.4692116,0.003493645,0.6283079,0.28937957,-0.012070794,0.74917114,0.22140923,-0.026489422,0.871969,0.18191107,-0.035438877,0.33270633,0.4143724,0.0008187069,0.44855902,0.19196354,-0.011763142,0.56659704,0.08902673,-0.024808565,0.7020028,0.017627757,-0.034025274,0.17374553,0.4015116,-0.0065200017,0.27033156,0.17820066,-0.020881798,0.3952897,0.06780172,-0.030508276,0.54382986,0.0,-0.03619217,0.0,0.42424297,-0.01609351,0.031067532,0.23385412,-0.028491613,0.11005046,0.113385074,-0.03448654,0.22419706,0.02412617,-0.03800545,key_2
204,0.20012394,1.0,3.9642808e-07,0.5029014,0.89126927,-0.016643723,0.7370297,0.7345135,-0.021424707,0.903594,0.5816459,-0.026919026,1.0,0.4273672,-0.0319165,0.4821997,0.46163675,0.006159864,0.6052968,0.28532377,-0.009266138,0.7199386,0.21449658,-0.024288446,0.84097135,0.16728738,-0.033652127,0.33365905,0.41542593,0.0035214545,0.4328899,0.20364338,-0.008908543,0.5477827,0.09898071,-0.02257996,0.6857689,0.021737602,-0.032343786,0.1747945,0.40841508,-0.004104678,0.26102403,0.19609973,-0.019001206,0.38597646,0.079922214,-0.030326024,0.5386538,0.0,-0.037093315,0.0,0.4348402,-0.013884659,0.009936738,0.243471,-0.026431005,0.08141922,0.12123432,-0.03305084,0.1970163,0.0291632,-0.03711388,key_2
205,0.23170146,1.0,4.3242756e-07,0.530908,0.88722426,-0.018748015,0.75317794,0.7164561,-0.024386147,0.9040436,0.5490155,-0.030389657,1.0,0.3855459,-0.035526495,0.47944003,0.45023373,0.006131088,0.58531296,0.26359946,-0.010111784,0.69476235,0.18801709,-0.025776451,0.8176546,0.1373014,-0.03546183,0.32921726,0.40454122,0.0048274826,0.41810003,0.18518405,-0.008979212,0.53414994,0.07629583,-0.023876589,0.67940456,0.0,-0.034197684,0.17100726,0.40258572,-0.0017028124,0.24511239,0.18287267,-0.017767338,0.3659345,0.07235827,-0.030488493,0.5167278,0.00072304753,-0.037923455,0.0,0.4340344,-0.010527568,0.011565827,0.2386795,-0.024192974,0.084113024,0.10995253,-0.03236369,0.20306882,0.010213875,-0.037459996,key_2
206,0.24385962,1.0,4.4949942e-07,0.5334268,0.89034915,-0.01847339,0.752226,0.7201416,-0.024835957,0.91211766,0.55213326,-0.031611897,1.0,0.3855747,-0.037981387,0.47757822,0.44533983,0.004189916,0.5849174,0.2593051,-0.011951021,0.70114136,0.18762012,-0.028181652,0.8239097,0.14259249,-0.038128674,0.32643327,0.40286684,0.003282588,0.4129239,0.18909334,-0.009418343,0.5345527,0.08413966,-0.023550967,0.6787492,0.012415049,-0.03351048,0.16865326,0.40492916,-0.0026011842,0.23778734,0.18651263,-0.01647578,0.35572344,0.074515186,-0.02785407,0.5023711,0.0,-0.034822855,0.0,0.44141406,-0.010856552,0.010586786,0.24192756,-0.022921978,0.08417097,0.116767764,-0.029785406,0.20374249,0.02171297,-0.033961456,key_2
207,0.24975342,1.0,4.2885205e-07,0.5292391,0.8893536,-0.017940402,0.7479311,0.7013161,-0.024284812,0.9089811,0.52438945,-0.031293415,1.0,0.3491566,-0.03815347,0.48292592,0.40576002,0.0060006822,0.5865238,0.22216071,-0.009990162,0.7060662,0.15019266,-0.026611855,0.82770205,0.10984865,-0.037022345,0.33483186,0.36388162,0.004545019,0.42911342,0.14130174,-0.010291309,0.55851537,0.04753194,-0.026885172,0.7050343,0.0,-0.037947,0.17447872,0.36827362,-0.0017507465,0.25024083,0.13178197,-0.018407514,0.3847761,0.04325305,-0.032135114,0.54148453,0.0076973084,-0.039879017,0.0,0.41166773,-0.010131103,0.013749344,0.20581183,-0.025549987,0.105770394,0.08998705,-0.035092708,0.24376708,0.0149223525,-0.040612902,key_2
208,0.23642462,1.0,4.0578848e-07,0.52538013,0.8621461,-0.016319403,0.7437173,0.6631746,-0.021659467,0.8956703,0.47833058,-0.02825049,1.0,0.2997241,-0.034645375,0.4884682,0.37027022,0.010678147,0.6030439,0.19112466,-0.0042903316,0.7260389,0.12171967,-0.020940658,0.84535545,0.08090656,-0.031693142,0.33734012,0.32975224,0.009121247,0.43928695,0.10831267,-0.005403746,0.57035947,0.028476888,-0.0222297,0.7152694,0.0,-0.03335608,0.17535816,0.33640242,0.0026749005,0.26689038,0.106948696,-0.014610851,0.40313256,0.031274755,-0.02904634,0.55392236,0.022486374,-0.03673035,0.0,0.37849364,-0.005689528,0.05912723,0.17775868,-0.02258211,0.17945762,0.09707942,-0.03239882,0.33188856,0.07705544,-0.037314657,key_2
209,0.23865804,1.0,4.436756e-07,0.49749184,0.8486462,-0.01791043,0.7128921,0.6082287,-0.027671276,0.8839159,0.4027859,-0.037875563,1.0,0.21062101,-0.04726606,0.4490489,0.303038,-0.0028651624,0.58134246,0.10679267,-0.023771368,0.76349425,0.07086961,-0.042053565,0.9271137,0.063159294,-0.053532656,0.3097354,0.27765018,-0.004537865,0.4507199,0.03333639,-0.025908304,0.66107696,0.0,-0.0414688,0.84782606,0.007158521,-0.050711088,0.15746328,0.3004291,-0.010486248,0.2876987,0.043181892,-0.035450883,0.5060291,0.04175253,-0.04585089,0.69652724,0.09097912,-0.04934396,0.0,0.36713013,-0.018052189,0.17440479,0.19261087,-0.04162034,0.3723674,0.17982195,-0.05043729,0.5507078,0.2061025,-0.053304993,key_2
210,0.22985217,1.0,4.2977206e-07,0.4826901,0.80406964,-0.015455097,0.6638531,0.5185133,-0.02453659,0.84018207,0.29873276,-0.035414662,1.0,0.10715532,-0.045327745,0.43766877,0.23907585,0.0011592091,0.5719382,0.05625564,-0.021322252,0.7470695,0.021166345,-0.04079366,0.90447533,0.014583207,-0.05324576,0.2919282,0.2195746,-0.0025647536,0.46585703,0.013801311,-0.02742479,0.66503054,0.0,-0.044618495,0.8433218,0.019673156,-0.053710196,0.13988152,0.2514657,-0.010610509,0.33894226,0.061578207,-0.03755756,0.5545241,0.09495022,-0.047002275,0.7476214,0.14975603,-0.048860326,0.0,0.33552638,-0.020504607,0.25504965,0.2335315,-0.04398,0.45546648,0.24649835,-0.052367102,0.6339472,0.26332855,-0.0544316,key_2
211,0.2085735,1.0,4.0089117e-07,0.4652467,0.79243785,-0.013318121,0.64836067,0.50232476,-0.02164817,0.83215994,0.28746945,-0.032462202,1.0,0.101156116,-0.04258694,0.4497299,0.21301174,0.0027358388,0.606126,0.039920438,-0.01946444,0.7868583,0.008577173,-0.038844004,0.95029366,0.0010194284,-0.051377404,0.2997797,0.19250853,-0.001966131,0.49868014,0.0,-0.027507622,0.7055774,0.0031120244,-0.045007046,0.8932029,0.03434035,-0.053968932,0.14399782,0.22173047,-0.010791108,0.37165263,0.053814348,-0.037664507,0.58698964,0.09048937,-0.04805538,0.7847692,0.1444116,-0.050345134,0.0,0.30362108,-0.021301072,0.27219853,0.20835015,-0.044140283,0.4780447,0.22029665,-0.05312527,0.6670244,0.2329571,-0.055645067,key_2
212,0.17843275,1.0,4.233195e-07,0.44464752,0.7882879,-0.012176669,0.6398019,0.4939127,-0.020108191,0.8243162,0.2788214,-0.030349255,1.0,0.09620017,-0.039793637,0.44503176,0.209037,0.0038724933,0.62257314,0.051494073,-0.017449562,0.803037,0.01449914,-0.036323927,0.9685127,0.002894508,-0.04848334,0.2928693,0.18058434,-0.0007757026,0.5150641,0.0049361493,-0.0245862,0.71830124,0.0,-0.04085761,0.90902865,0.023879947,-0.049162008,0.13866375,0.20558305,-0.009426818,0.3862145,0.04593106,-0.034755055,0.59462523,0.07302534,-0.044205036,0.79456717,0.118811026,-0.046160936,0.0,0.2840847,-0.019677507,0.2814083,0.1957553,-0.04100464,0.4845118,0.20471679,-0.04878051,0.67442286,0.21381715,-0.050561715,key_2
213,0.15370235,1.0,4.3697935e-07,0.4284278,0.80568576,-0.013347554,0.6290632,0.50710684,-0.021166492,0.81656873,0.2887294,-0.030911068,1.0,0.10518943,-0.04000954,0.45694882,0.22134261,0.0034371153,0.63923657,0.07196157,-0.017426912,0.8191865,0.028316032,-0.036034737,0.9851727,0.0074446793,-0.048218332,0.30746323,0.18550558,-0.0005478523,0.54163283,0.0114899315,-0.0236719,0.744462,0.0,-0.03969805,0.9378727,0.012409892,-0.048181817,0.14919487,0.20386513,-0.008720736,0.40521374,0.03637754,-0.034020457,0.61515087,0.058043145,-0.043772027,0.8210127,0.09857417,-0.046274513,0.0,0.2768866,-0.018509319,0.28981143,0.18924415,-0.04030236,0.49658036,0.19758545,-0.048408758,0.6920367,0.20519781,-0.050666057,key_2
214,0.14541782,1.0,4.3787753e-07,0.41994447,0.8179955,-0.013898146,0.61997575,0.5088829,-0.02154839,0.8085236,0.28512105,-0.030843066,1.0,0.10690932,-0.039616577,0.45563745,0.21876691,0.0017594722,0.6353495,0.06967977,-0.018957708,0.808801,0.028795091,-0.037025075,0.9699354,0.012217481,-0.048820317,0.30358985,0.18201256,-0.0017988213,0.5324627,0.011370483,-0.025084812,0.7288363,0.0,-0.040518682,0.917794,0.0145837115,-0.04840014,0.14548375,0.20244561,-0.009505907,0.3979695,0.046512708,-0.034521334,0.60251313,0.06449354,-0.04376432,0.8032689,0.10442039,-0.04589028,0.0,0.27959406,-0.01889954,0.2843013,0.19324867,-0.04029539,0.4850354,0.20019859,-0.04814429,0.6743891,0.20758943,-0.050293993,key_2
215,0.14884366,1.0,4.629801e-07,0.4160705,0.82790405,-0.015063829,0.61854,0.5228829,-0.023299076,0.80624264,0.29786432,-0.03298364,1.0,0.11585767,-0.041975286,0.4397752,0.22249366,0.0015422549,0.6181788,0.06165784,-0.019687114,0.8021309,0.01905645,-0.038226075,0.9670526,0.0064520733,-0.05020037,0.29364243,0.18697734,-0.0016475882,0.52129024,0.00566522,-0.02609408,0.732772,0.0,-0.0425478,0.9258966,0.022531483,-0.050731923,0.14108685,0.2076685,-0.009089267,0.39035314,0.031213876,-0.034935895,0.6089946,0.05462349,-0.044721805,0.81432414,0.102358855,-0.046868682,0.0,0.28390956,-0.01828712,0.28500876,0.19054587,-0.04052472,0.4936167,0.1964018,-0.04897706,0.68716395,0.2048309,-0.05131339,key_2
216,0.16446128,1.0,4.6515683e-07,0.43139815,0.8364093,-0.016360672,0.62804395,0.53517795,-0.02435635,0.81183285,0.30507973,-0.033802357,1.0,0.11982226,-0.042388454,0.44146863,0.24833296,0.0032134799,0.6047172,0.0523673,-0.018098967,0.7973355,0.015843771,-0.036975507,0.96905583,0.017022623,-0.04882825,0.30257255,0.21944968,0.0010405723,0.50461715,0.0,-0.024035757,0.72079337,0.0013652276,-0.041914154,0.9121808,0.044351913,-0.050472014,0.15009925,0.23439483,-0.005545698,0.36873809,0.02867851,-0.031273555,0.5863577,0.05541614,-0.04191165,0.7820704,0.11507848,-0.04418746,0.0,0.2977404,-0.014015456,0.25870314,0.18311471,-0.03582269,0.4583305,0.18921177,-0.044559788,0.6388321,0.20668948,-0.04690468,key_2
217,0.11823124,1.0,4.696028e-07,0.39677858,0.8828107,-0.017513078,0.6239519,0.6406877,-0.023586731,0.81460816,0.45175874,-0.030214246,1.0,0.3130011,-0.036493782,0.47342253,0.38765058,0.0036392307,0.6509065,0.22651283,-0.012297182,0.8058765,0.13785401,-0.028277827,0.94605327,0.065191194,-0.03909106,0.33995312,0.3312905,0.0029697446,0.534818,0.1520364,-0.01129767,0.69190836,0.073566884,-0.024361594,0.8581625,0.0145795625,-0.032929137,0.18394437,0.3128436,-0.002427032,0.36116692,0.12224403,-0.018188024,0.5148885,0.045738816,-0.02691628,0.6820356,0.0,-0.031370506,0.0,0.32891998,-0.010211541,0.16552588,0.15839589,-0.024760533,0.31508353,0.07607311,-0.03118216,0.4764937,0.01760068,-0.034255818,key_2
218,0.118642196,1.0,5.846532e-07,0.38057128,0.9537998,-0.019991893,0.6205135,0.8001902,-0.029302325,0.81480956,0.6729425,-0.03746672,1.0,0.5934062,-0.046117973,0.48754868,0.50699747,-0.011429623,0.659818,0.3278444,-0.0271812,0.7811163,0.21666092,-0.041073453,0.89046437,0.126708,-0.050062653,0.3445328,0.44710454,-0.01244765,0.48795533,0.23801082,-0.02587621,0.60959417,0.10770677,-0.038952235,0.72302395,0.0,-0.047765534,0.18350221,0.4319572,-0.016821522,0.29494476,0.2218696,-0.031245029,0.410602,0.10106139,-0.0423503,0.52917975,0.006693097,-0.04909829,0.0,0.45320424,-0.023052871,0.045639403,0.26151168,-0.035854395,0.11493431,0.14087339,-0.04182773,0.20856641,0.038573995,-0.04511698,key_2
219,0.0867764,1.0,5.273602e-07,0.35985374,0.94477296,-0.020110076,0.6056059,0.8098231,-0.029455405,0.8116166,0.7013986,-0.038102783,1.0,0.64182734,-0.04714367,0.47716376,0.5120529,-0.009243096,0.6433682,0.34044337,-0.024336988,0.7517937,0.23502009,-0.0384481,0.84811234,0.14308785,-0.048347395,0.3381131,0.454137,-0.011126943,0.47115818,0.2463293,-0.024005318,0.5787757,0.114088096,-0.036881924,0.67568564,0.0,-0.046054702,0.17942505,0.4433065,-0.016706087,0.28100032,0.23333015,-0.030977735,0.38082725,0.11041115,-0.04210721,0.48363668,0.006211252,-0.049186796,0.0,0.46703848,-0.024350079,0.039065473,0.28897098,-0.03746478,0.087789185,0.17101848,-0.043716587,0.15449719,0.059435617,-0.04750306,key_2
220,0.07795973,1.0,4.9802196e-07,0.3599828,0.9440203,-0.019808473,0.6019302,0.81610006,-0.029444998,0.80941945,0.7127877,-0.038562067,1.0,0.65175074,-0.048022475,0.4750811,0.51571333,-0.009691631,0.62737006,0.34113827,-0.02500821,0.7290434,0.23609708,-0.03904784,0.8217056,0.14574507,-0.048982073,0.33372295,0.45838583,-0.012223487,0.45895857,0.2441527,-0.02498508,0.56156856,0.112797946,-0.03736357,0.655048,0.0,-0.046409104,0.17584273,0.4494678,-0.018516025,0.2651861,0.23820075,-0.032604743,0.35771775,0.11106297,-0.04311557,0.45439965,0.0033517152,-0.04993717,0.0,0.47412258,-0.026953138,0.032811653,0.2932506,-0.0401585,0.07913697,0.17435387,-0.046196345,0.14476985,0.06186519,-0.04986841,key_2
221,0.07406506,1.0,4.957131e-07,0.3590855,0.9460111,-0.019392733,0.60635656,0.82509595,-0.028916884,0.8122677,0.7292649,-0.038074825,1.0,0.68028957,-0.0475976,0.48084915,0.5168122,-0.00984615,0.6357027,0.3410666,-0.024780063,0.73707545,0.2367304,-0.038577892,0.82919604,0.14667074,-0.04849483,0.33435982,0.46215427,-0.012672759,0.45688054,0.24576277,-0.025174217,0.554263,0.11441731,-0.03744969,0.6415598,0.0028137737,-0.04649137,0.17499065,0.4548882,-0.019130243,0.25993338,0.24102363,-0.032915764,0.34915993,0.110515855,-0.04368847,0.44141984,0.0,-0.050800964,0.0,0.48197958,-0.027715277,0.028657602,0.30216247,-0.041041646,0.07010128,0.18283036,-0.047376644,0.12920745,0.070232764,-0.051233016,key_2
222,0.066456564,1.0,4.794074e-07,0.3532987,0.9497372,-0.020047568,0.6045389,0.82807326,-0.029385066,0.81248134,0.7366269,-0.038260043,1.0,0.6977384,-0.047494233,0.47915536,0.5205362,-0.010632973,0.6360974,0.34569547,-0.025372492,0.7349063,0.24017818,-0.03879958,0.8226497,0.14934018,-0.048585236,0.3313059,0.46589544,-0.013252038,0.44612285,0.24556716,-0.025929578,0.5363833,0.11330046,-0.038019177,0.6166953,0.0013810353,-0.046870433,0.17277339,0.45927212,-0.019483946,0.2527159,0.2437709,-0.033511825,0.34077534,0.11252709,-0.04422473,0.43069774,0.0,-0.051260926,0.0,0.4868823,-0.027933951,0.028021462,0.3076862,-0.041622505,0.06884471,0.18810086,-0.04807571,0.12588818,0.07468519,-0.05197934,key_2
223,0.062055834,1.0,4.5690615e-07,0.35839316,0.9502836,-0.018981809,0.61129016,0.8295926,-0.027748702,0.8146558,0.7350904,-0.036262758,1.0,0.69692254,-0.045054965,0.49505934,0.52446216,-0.0101185385,0.65782464,0.3505905,-0.024400134,0.7576563,0.24335036,-0.03761918,0.84270835,0.14989154,-0.047301173,0.3398623,0.4688144,-0.012960773,0.4539826,0.24587676,-0.025156451,0.541954,0.11288457,-0.036953114,0.6185956,0.00049450266,-0.045666907,0.1766855,0.4607954,-0.019167634,0.25202453,0.24680239,-0.03233919,0.33444005,0.113933854,-0.042356394,0.4179302,0.0,-0.04907333,0.0,0.48823303,-0.027549548,0.023509197,0.3106289,-0.040506884,0.05652693,0.1913406,-0.046233725,0.10249209,0.07807371,-0.04960568,key_2
224,0.054000642,1.0,4.3114056e-07,0.35336095,0.94788206,-0.018836422,0.60458666,0.821272,-0.027061542,0.8091923,0.7204811,-0.03510811,1.0,0.68435425,-0.04334671,0.49561554,0.5243262,-0.0077622025,0.65415925,0.35210487,-0.021364389,0.7498839,0.24395433,-0.03447461,0.8321724,0.1504791,-0.044254705,0.3417959,0.46815097,-0.010328243,0.45277277,0.24953417,-0.022087777,0.5342502,0.115208544,-0.034123022,0.605907,0.0,-0.043146487,0.17853022,0.45852128,-0.016363446,0.25347102,0.24962628,-0.029255264,0.32968962,0.11935249,-0.039363254,0.4075185,0.0068977415,-0.046268325,0.0,0.48334122,-0.02459835,0.024605665,0.3122093,-0.037140984,0.05676515,0.19745058,-0.042831343,0.101816535,0.08664768,-0.046339966,key_2
225,0.047023166,1.0,4.1685635e-07,0.35185525,0.94485474,-0.018423349,0.6048703,0.8227195,-0.026600605,0.80921876,0.7182071,-0.034732573,1.0,0.6665654,-0.042967465,0.4969281,0.5237455,-0.0066624186,0.65997154,0.35124314,-0.020042967,0.75643545,0.24268162,-0.03300406,0.84041584,0.14762996,-0.04267817,0.34327504,0.46677104,-0.009246617,0.4543647,0.24843211,-0.020852027,0.53491074,0.11498672,-0.03301539,0.6086894,0.0,-0.04220096,0.17914802,0.45670378,-0.015270689,0.253294,0.24970765,-0.028037377,0.3278646,0.124056675,-0.03761623,0.4063532,0.015909767,-0.04418142,0.0,0.48105365,-0.02347674,0.025095474,0.3117274,-0.03592478,0.05539944,0.1969289,-0.041275125,0.09811152,0.08643597,-0.044474695,key_2
226,0.040127926,1.0,3.8339348e-07,0.34822196,0.9426828,-0.016555604,0.6052251,0.8189298,-0.023305321,0.8127123,0.7129984,-0.030334052,1.0,0.6568318,-0.037340287,0.5010601,0.51970893,-0.0030412874,0.66666794,0.34714434,-0.014790484,0.75938344,0.23697992,-0.026709393,0.83781743,0.14080834,-0.035624288,0.34661832,0.4616156,-0.005881756,0.4581319,0.24332522,-0.01592325,0.53554916,0.11174958,-0.02703666,0.606406,0.0,-0.03543141,0.18122387,0.4481806,-0.012104456,0.2563962,0.2406347,-0.023243675,0.32961676,0.114896715,-0.031566937,0.4078671,0.009056883,-0.037321318,0.0,0.4691967,-0.020480277,0.022944149,0.29759204,-0.031476058,0.05004273,0.18144056,-0.035748586,0.089924455,0.07208431,-0.03815628,key_2
227,0.034975473,1.0,3.614065e-07,0.34324595,0.9452965,-0.01605919,0.6015749,0.8181563,-0.022541443,0.8083398,0.7097434,-0.029340215,1.0,0.65712726,-0.03628405,0.49869943,0.5205334,-0.003968735,0.66418165,0.34342197,-0.01599047,0.76019293,0.23030078,-0.027795412,0.84148777,0.13182233,-0.036602516,0.34367257,0.46069598,-0.0068453136,0.45849833,0.24098696,-0.016991448,0.53813094,0.10992316,-0.02770569,0.60888016,0.0,-0.03572283,0.17887375,0.4459619,-0.01293908,0.25771955,0.23486346,-0.02391179,0.3291023,0.10712427,-0.03172519,0.40445015,0.00046412635,-0.03716551,0.0,0.46744555,-0.021147443,0.021601273,0.2951745,-0.031881124,0.0467917,0.18001534,-0.03579586,0.08322695,0.072919495,-0.03794722,key_2
228,0.027669216,1.0,3.5473815e-07,0.33427754,0.9438741,-0.016118826,0.5934074,0.8153489,-0.022738146,0.8045076,0.70893383,-0.029661467,1.0,0.6682819,-0.036710255,0.49699482,0.5253625,-0.004597089,0.6611584,0.347985,-0.016340552,0.75628453,0.2345029,-0.027823407,0.8377386,0.13500148,-0.03644791,0.34342453,0.4635565,-0.007374731,0.45508343,0.24640794,-0.01738718,0.53134,0.11361238,-0.02802393,0.60065687,0.0,-0.036023766,0.17920308,0.44661513,-0.013264985,0.25372306,0.23972599,-0.024136273,0.32227305,0.117931075,-0.03166358,0.39566585,0.016254656,-0.036849186,0.0,0.4656638,-0.021301866,0.015257131,0.29375172,-0.031542353,0.035581555,0.17693666,-0.03513965,0.069356784,0.06803934,-0.037148144,key_2
229,0.03132158,1.0,3.4166217e-07,0.3437801,0.94728905,-0.015901905,0.6017536,0.8197592,-0.022303324,0.8082748,0.7084962,-0.028895237,1.0,0.6686561,-0.03559661,0.50470823,0.52206933,-0.0049065626,0.6696569,0.34288043,-0.015865132,0.76433975,0.22796093,-0.026794845,0.84484935,0.12611906,-0.0352169,0.34875757,0.45674112,-0.007185199,0.4622062,0.24196899,-0.016314844,0.53545195,0.11192913,-0.02639264,0.6025847,0.0,-0.034157477,0.18197107,0.4368359,-0.0124041075,0.25827727,0.22870666,-0.022485979,0.3232312,0.105632454,-0.029822262,0.39277497,0.0043905573,-0.0351805,0.001326484,0.45572862,-0.019693341,0.0,0.2840574,-0.029346934,0.010779222,0.16829115,-0.032867376,0.037876077,0.061216794,-0.034971986,key_2
230,0.028497871,1.0,3.3377995e-07,0.34015775,0.94992834,-0.015751477,0.5979458,0.8192625,-0.02218588,0.8069586,0.7084258,-0.028793262,1.0,0.6686122,-0.035523925,0.5052876,0.52042437,-0.0054988354,0.671756,0.34126753,-0.01635031,0.7680787,0.22580624,-0.027089305,0.8511864,0.12265283,-0.03547118,0.34903616,0.4537162,-0.0077144634,0.4609545,0.23975538,-0.016643872,0.53240496,0.11103252,-0.026516985,0.59709793,0.0,-0.034196984,0.18200794,0.43384203,-0.012762158,0.25815222,0.22601739,-0.02261594,0.31900862,0.10343091,-0.02977072,0.38450506,0.002013376,-0.03511227,0.0020845623,0.45531735,-0.019846894,0.0,0.28446707,-0.0292093,0.010603971,0.17031664,-0.032525476,0.037590533,0.06590579,-0.03458208,key_2
231,0.021202844,1.0,3.302653e-07,0.33085182,0.9567981,-0.015915362,0.59346765,0.82540894,-0.022233205,0.8051428,0.714386,-0.028597819,1.0,0.67747575,-0.035110768,0.50406545,0.52492696,-0.006585207,0.6743653,0.3464684,-0.017274743,0.7738413,0.2319308,-0.027659893,0.8597014,0.12910743,-0.035767466,0.35029224,0.4568783,-0.008553909,0.46512073,0.24626866,-0.017404024,0.53808796,0.11846861,-0.027012015,0.60324556,0.00654701,-0.03449879,0.1839072,0.43478978,-0.0132916495,0.26218873,0.22797173,-0.023276195,0.32082126,0.104428165,-0.030719357,0.38316995,0.0,-0.036238696,0.003471556,0.45417887,-0.020004781,0.0,0.28277713,-0.029574564,0.00537828,0.16861089,-0.03318119,0.025426125,0.06331213,-0.035443537,key_2
232,0.025223657,1.0,3.4799618e-07,0.3364461,0.95945907,-0.015544977,0.59678817,0.827977,-0.021541467,0.8060786,0.7172065,-0.027551325,1.0,0.6856589,-0.033623688,0.5021106,0.5218931,-0.0058160285,0.67259896,0.34447998,-0.015732866,0.7728521,0.22918393,-0.025532318,0.85790604,0.12771884,-0.033175353,0.3507279,0.45388204,-0.007516673,0.47131038,0.24437776,-0.015452408,0.54755056,0.11686756,-0.024377147,0.6138821,0.008328552,-0.031334396,0.18596686,0.43196788,-0.011942932,0.26200977,0.22384281,-0.020991059,0.3192153,0.10121407,-0.028000161,0.38040864,0.0,-0.033225264,0.0069823624,0.4523466,-0.018326309,0.0,0.2803648,-0.027037714,0.0054365085,0.1667397,-0.030338993,0.025512064,0.06229754,-0.0324073,key_2
233,0.017284678,1.0,3.504069e-07,0.32255808,0.9626586,-0.01568949,0.5866769,0.8306352,-0.02190505,0.80386597,0.72462577,-0.02804872,1.0,0.70135736,-0.034248833,0.5007915,0.52135265,-0.006154903,0.6723123,0.34376714,-0.015801027,0.7708278,0.2294792,-0.025422394,0.85322195,0.1294321,-0.032972943,0.3511762,0.45392448,-0.007819058,0.47348943,0.24450108,-0.015519119,0.5487461,0.116131194,-0.024336545,0.61312425,0.005927427,-0.031239416,0.18716805,0.43222645,-0.012181638,0.26483423,0.22640052,-0.020942666,0.31954134,0.10314792,-0.028102914,0.37679887,0.0,-0.033504043,0.0070938645,0.45250583,-0.018496467,0.0,0.28236434,-0.026989955,0.0031625764,0.16876692,-0.03035989,0.020815458,0.062752515,-0.03253637,key_2
234,0.010113257,1.0,3.5595318e-07,0.31599224,0.9671561,-0.015886867,0.58394545,0.8365771,-0.022155665,0.803427,0.73621535,-0.028354144,1.0,0.72228026,-0.03462096,0.51111,0.5207441,-0.005978023,0.68143946,0.34200734,-0.015222152,0.77645785,0.22553326,-0.024624828,0.8533007,0.12427189,-0.032150906,0.36181858,0.45189035,-0.007575009,0.48371014,0.24394447,-0.015069933,0.55454797,0.11342281,-0.023920443,0.61369914,0.0006569989,-0.030834218,0.19631776,0.4293428,-0.011891612,0.26887646,0.22442622,-0.020654915,0.32239228,0.10234441,-0.028107356,0.37818035,0.0,-0.033616107,0.012218302,0.4493513,-0.018170206,0.0,0.27961904,-0.026802754,0.0012848917,0.1658638,-0.03057111,0.017693648,0.058983136,-0.032972123,key_2
235,0.056047823,1.0,4.01851e-07,0.34568885,0.9721087,-0.01738488,0.60174817,0.855734,-0.02481037,0.8151051,0.77989423,-0.032149483,1.0,0.78458524,-0.039459653,0.52666026,0.5181716,-0.008308082,0.6875939,0.3413429,-0.018360604,0.7813449,0.22744468,-0.028375287,0.8549127,0.12778692,-0.03633653,0.37650043,0.44935948,-0.009725482,0.4855416,0.24104938,-0.017411767,0.5551313,0.11424215,-0.025918102,0.60761267,0.007918795,-0.032458466,0.21453518,0.4323058,-0.013993218,0.26732275,0.22781704,-0.022552885,0.30413783,0.10405099,-0.029820584,0.3441783,0.0,-0.03514134,0.041982226,0.4621192,-0.020495107,0.009344507,0.29686326,-0.029340079,0.0,0.18655922,-0.033474594,0.0081034545,0.08370632,-0.03588217,key_2
236,0.1129083,1.0,4.32671e-07,0.38172522,0.9862843,-0.01919513,0.63088775,0.90489364,-0.028090702,0.8385133,0.862728,-0.03674308,1.0,0.8819838,-0.0454941,0.56793,0.53280777,-0.012445597,0.73089486,0.36160234,-0.023562314,0.8201273,0.24958408,-0.034441676,0.8847436,0.1499332,-0.043137863,0.41314387,0.46409538,-0.014300316,0.51341784,0.25251502,-0.02310084,0.57033163,0.119398154,-0.032885935,0.60612637,0.010956001,-0.04043789,0.2494918,0.4532122,-0.018873975,0.29730657,0.24416132,-0.028649772,0.32599926,0.1111737,-0.038211536,0.35395288,0.0,-0.045077898,0.0785202,0.49409738,-0.025711613,0.031158041,0.33386144,-0.0364464,0.0068695806,0.22458622,-0.042134315,0.0,0.121859826,-0.045362286,key_2
237,0.14493382,1.0,5.2214193e-07,0.40560502,0.99532,-0.02582194,0.64435464,0.94809574,-0.041387774,0.84295917,0.9477207,-0.056148905,1.0,0.99144906,-0.07112784,0.60255516,0.5530794,-0.023816612,0.7635835,0.3817189,-0.039962225,0.8517252,0.27019557,-0.053923793,0.91666085,0.16711505,-0.06477844,0.44649017,0.47991285,-0.02568005,0.55950314,0.26693693,-0.039355934,0.6228049,0.12518054,-0.051894,0.6620669,0.0060716704,-0.0612721,0.27557796,0.472578,-0.030628126,0.3281015,0.25657713,-0.045144573,0.35704485,0.117977455,-0.057749406,0.38146403,0.0,-0.06611626,0.098117724,0.5190236,-0.038170673,0.051769454,0.35012287,-0.053235583,0.018765574,0.2357272,-0.061155606,0.0,0.12685397,-0.06554685,key_2
238,0.15516718,0.9033275,5.5991205e-07,0.40648293,0.9161533,-0.031795524,0.6342316,0.90097684,-0.055327937,0.82936215,0.9414071,-0.077478826,1.0,1.0,-0.100641266,0.61348003,0.5450749,-0.043406833,0.7778248,0.37328544,-0.06801008,0.8688376,0.2612429,-0.08582435,0.9409626,0.16199507,-0.0988396,0.45429072,0.47632527,-0.045846008,0.5668222,0.26093805,-0.06765909,0.6344806,0.12344809,-0.08357887,0.68179184,0.010982935,-0.095063165,0.27686146,0.4689807,-0.05116107,0.3245308,0.24773484,-0.0723629,0.35703593,0.113048814,-0.0873166,0.39149052,0.0,-0.09701145,0.09520929,0.5098526,-0.059159614,0.04283123,0.34121147,-0.079806104,0.0112801455,0.23007192,-0.08981128,0.0,0.1256076,-0.095481,key_2
239,0.20499936,0.88288426,5.3993006e-07,0.43086988,0.90753466,-0.036095656,0.64506155,0.9048537,-0.06293078,0.83522165,0.9529785,-0.08769694,1.0,1.0,-0.114427015,0.61378956,0.58697915,-0.058620445,0.76281923,0.39847338,-0.08823831,0.8478938,0.27388838,-0.10804375,0.914663,0.16456561,-0.12232522,0.46579674,0.5123314,-0.061463855,0.56661993,0.27776244,-0.087473586,0.6233558,0.12805986,-0.105442,0.6582382,0.0056812973,-0.118858844,0.30008715,0.4997288,-0.06682885,0.33831745,0.26794586,-0.09166955,0.36161307,0.12247462,-0.10839097,0.38754684,0.0,-0.119905815,0.13112919,0.535548,-0.0750883,0.06553799,0.35943693,-0.09967986,0.021615412,0.2431302,-0.1112783,0.0,0.13426702,-0.11836917,key_2
240,0.23185553,0.9650555,4.9454155e-07,0.4548521,0.9747939,-0.03399109,0.66208494,0.9567478,-0.06006441,0.8469337,0.9885709,-0.08456565,1.0,1.0,-0.1116878,0.596848,0.6586521,-0.0627179,0.7417164,0.4406511,-0.093810886,0.8253413,0.30065405,-0.11387333,0.89131486,0.17881854,-0.12829532,0.453172,0.5880638,-0.06787897,0.5514412,0.3234051,-0.09595787,0.60670495,0.14783292,-0.11514322,0.63964176,0.0,-0.12987451,0.29714227,0.5763939,-0.0750985,0.3251359,0.31359696,-0.10204557,0.34448117,0.14303978,-0.11928977,0.36954835,0.00062894885,-0.13167849,0.1401444,0.6132546,-0.08491587,0.061779596,0.41503447,-0.111895025,0.018538736,0.27786866,-0.12441606,0.0,0.1521793,-0.13244675,key_2
241,0.2925799,0.9725484,6.4365946e-07,0.4901283,0.996118,-0.044678904,0.6768436,0.9705853,-0.07678471,0.8521555,0.9868923,-0.10324586,1.0,1.0,-0.13219184,0.6201626,0.6879926,-0.09008702,0.75996876,0.4682481,-0.12550773,0.84449464,0.32577264,-0.14600033,0.90827805,0.19579954,-0.16111888,0.47596386,0.6053119,-0.09074236,0.5590579,0.33791134,-0.12464846,0.61319983,0.15787268,-0.14582738,0.64433,0.0,-0.16166389,0.32271022,0.5954593,-0.09269305,0.3331664,0.33856896,-0.12680371,0.348218,0.15598053,-0.15003361,0.3592145,0.0011582905,-0.16598687,0.18210624,0.64388907,-0.09681718,0.10040567,0.4376353,-0.13103868,0.041024443,0.30322292,-0.14867122,0.0,0.17876117,-0.15992214,key_2
242,0.27444264,0.94620335,7.412684e-07,0.4585155,0.98455155,-0.048487633,0.6508221,0.97560793,-0.080652855,0.8356664,0.9960484,-0.1065665,1.0,1.0,-0.1360015,0.58268595,0.7056447,-0.094836295,0.73719436,0.48425364,-0.1314787,0.82650656,0.34015962,-0.15253218,0.89809185,0.20649633,-0.16832449,0.4296257,0.61956584,-0.094577335,0.5052745,0.34427977,-0.12931141,0.5515215,0.16059719,-0.15350555,0.57890064,0.0,-0.17158705,0.27200288,0.6208626,-0.09529538,0.2571222,0.36055142,-0.13406417,0.24427962,0.17094034,-0.16245508,0.24088034,0.006117954,-0.18207419,0.13329035,0.67989486,-0.09760557,0.058376573,0.5442553,-0.13461888,0.021220809,0.48220962,-0.15232648,0.0,0.43491435,-0.16392629,key_2
243,0.28107005,0.9753621,7.238165e-07,0.4749493,0.98051,-0.046152495,0.6642233,0.95521307,-0.07746612,0.845834,0.99315333,-0.10449919,1.0,1.0,-0.13550907,0.57290125,0.71927917,-0.093425855,0.71609277,0.49538776,-0.13140897,0.8004286,0.34790823,-0.15443003,0.86825716,0.21340527,-0.17104425,0.42630216,0.6420681,-0.094452985,0.48547813,0.35366777,-0.129386,0.5303263,0.16140231,-0.15421484,0.550659,0.0,-0.17309791,0.28208956,0.64265263,-0.096447706,0.24394313,0.36594215,-0.13410178,0.21961278,0.17965123,-0.15970322,0.19867569,0.022300476,-0.17702329,0.16299658,0.6997936,-0.100610666,0.09228878,0.52908003,-0.13641869,0.043346383,0.42473724,-0.15309778,0.0,0.33777198,-0.16379511,key_2
244,0.34382406,0.8777691,5.4048706e-07,0.536876,0.94320196,-0.04929297,0.7274693,0.9622499,-0.0830827,0.8820058,1.0,-0.10811595,1.0,0.99114674,-0.13704088,0.62869614,0.7070336,-0.11791904,0.7580804,0.52421445,-0.15840475,0.8282591,0.38469654,-0.18615694,0.8779538,0.25757924,-0.20806521,0.4923235,0.65461195,-0.11640351,0.488181,0.3577022,-0.16961142,0.48377928,0.1587816,-0.2091909,0.46088606,0.0,-0.23963398,0.36163715,0.6762166,-0.110609576,0.27428406,0.49281046,-0.16538948,0.2248632,0.37003955,-0.19099331,0.17492071,0.27562648,-0.20701039,0.26014596,0.7338398,-0.10607424,0.16680676,0.72676635,-0.15422493,0.07940439,0.7364868,-0.16524221,0.0,0.73579425,-0.17084889,key_2
245,0.29213697,0.90058637,6.213496e-07,0.47607794,0.94162095,-0.049701206,0.67801136,0.9453665,-0.083540134,0.85187626,0.9857857,-0.108913295,1.0,1.0,-0.13835047,0.5687469,0.67515683,-0.10114263,0.716742,0.4715853,-0.13460238,0.7923084,0.33512852,-0.15813242,0.8483263,0.22075199,-0.17752896,0.42896184,0.61926335,-0.09872834,0.43704438,0.32130846,-0.13084307,0.41785443,0.14144643,-0.15709509,0.3955107,0.0,-0.17963688,0.29049477,0.6379357,-0.09529548,0.28489795,0.38487107,-0.13506143,0.2886467,0.2101896,-0.16379683,0.28091794,0.07462296,-0.18655445,0.17392698,0.6984376,-0.093076035,0.10641898,0.65181017,-0.13290158,0.051660378,0.6721505,-0.14649586,0.0,0.6977365,-0.15655376,key_2
246,0.33597425,0.82154894,6.609776e-07,0.5134627,0.8926767,-0.06162978,0.6941084,0.92478573,-0.10447608,0.85805917,0.97541004,-0.13581666,1.0,1.0,-0.17140967,0.6056979,0.6378528,-0.12571427,0.7481349,0.4537916,-0.16652301,0.8292575,0.3267149,-0.19629757,0.89680445,0.21811327,-0.22029601,0.46908578,0.5800927,-0.11695423,0.46708873,0.30519477,-0.15898786,0.43756327,0.13689366,-0.1922839,0.408152,0.0,-0.21985662,0.34100333,0.58827895,-0.10582516,0.30690533,0.36415094,-0.14919885,0.28924718,0.19755015,-0.17798965,0.2716884,0.06514829,-0.20091109,0.23497532,0.62858266,-0.096827865,0.15380163,0.58029604,-0.13821328,0.0699575,0.57452315,-0.15162662,0.0,0.56861997,-0.16155766,key_2
247,0.2871327,0.83789957,5.6710684e-07,0.47688863,0.9065864,-0.05397877,0.6821027,0.94905716,-0.08994311,0.8544816,0.99833715,-0.117484234,1.0,1.0,-0.14809757,0.61385286,0.6473882,-0.111473456,0.7813863,0.45012483,-0.15069313,0.8833165,0.32951993,-0.17550357,0.9637477,0.22796354,-0.19435382,0.46489626,0.58566475,-0.10838968,0.50695425,0.2999649,-0.15406603,0.5287859,0.13403764,-0.18729357,0.5370409,0.0,-0.21190812,0.3220248,0.592739,-0.10365406,0.2619025,0.39963242,-0.15222166,0.21123336,0.26191157,-0.1773159,0.16618004,0.14681326,-0.1918106,0.20274608,0.6408702,-0.100937754,0.13066675,0.5737609,-0.14322692,0.06633817,0.55038446,-0.1545363,0.0,0.52230304,-0.15910648,key_2
248,0.16256091,0.86312145,8.84659e-07,0.3985763,0.90696186,-0.05014829,0.6173851,0.92865604,-0.083426215,0.8178876,0.98104787,-0.10990367,0.98775095,1.0,-0.13847385,0.5732402,0.6055323,-0.09287361,0.77167404,0.42860243,-0.12907302,0.89632154,0.31603497,-0.15154563,1.0,0.2205924,-0.16835098,0.41239482,0.52887255,-0.09160973,0.49295643,0.2740353,-0.13409561,0.55490386,0.12266831,-0.16517419,0.60189974,0.0,-0.18686801,0.24434778,0.5328316,-0.089838654,0.17730471,0.32328355,-0.13652888,0.1501074,0.20385167,-0.1608246,0.13860685,0.10969263,-0.17451571,0.091708966,0.5849835,-0.090116434,0.016341047,0.54138786,-0.13299613,0.008424901,0.6086519,-0.14413352,0.0,0.6672973,-0.1478367,key_2
249,0.19523795,0.9245001,8.3718e-07,0.4202474,0.93393344,-0.039111767,0.6273985,0.92056805,-0.06864206,0.81039125,0.95223486,-0.09634795,0.9703624,1.0,-0.12604281,0.60747355,0.58198965,-0.061693925,0.7895052,0.42494482,-0.09577058,0.9078798,0.3198637,-0.11963052,1.0,0.22047567,-0.13634035,0.45637757,0.5060887,-0.06605646,0.5790465,0.28124624,-0.095161535,0.65928537,0.13620985,-0.11558664,0.71301204,0.007012082,-0.1310223,0.28247532,0.49425486,-0.073493935,0.31538087,0.27397564,-0.10097533,0.34829316,0.12815198,-0.119193204,0.38029218,0.0,-0.1317615,0.102721624,0.53030497,-0.084270366,0.050568465,0.34893492,-0.10980497,0.01665579,0.23110949,-0.12101585,0.0,0.11696572,-0.12799194,key_2
250,0.08925086,1.0,5.940299e-07,0.3579162,0.9918991,-0.025816483,0.6000701,0.9557912,-0.045282453,0.7911599,0.9490925,-0.06590921,0.9650324,0.9756849,-0.08781824,0.58500373,0.5952548,-0.028163916,0.77823615,0.43183544,-0.05295035,0.89717627,0.3284657,-0.0730192,1.0,0.22921501,-0.08792918,0.44378582,0.5202502,-0.03555813,0.5884781,0.29721326,-0.056341857,0.68010765,0.15886173,-0.073645554,0.75239235,0.033761118,-0.08743535,0.2745545,0.5022134,-0.046737935,0.3485528,0.27481803,-0.068748675,0.40748933,0.1288419,-0.08602674,0.46797064,0.0,-0.09832484,0.086771466,0.53011054,-0.06070875,0.04821157,0.3411133,-0.082208276,0.018029079,0.21578398,-0.092943124,0.0,0.095348775,-0.10018014,key_2
251,0.0,1.0,4.5917457e-07,0.29954314,0.972481,-0.020225722,0.5685878,0.89431024,-0.032780334,0.78157955,0.8410159,-0.045904826,0.97944134,0.8356995,-0.05953526,0.5555193,0.5579772,-0.016763126,0.7574975,0.38910556,-0.03514059,0.8838776,0.28812143,-0.050643217,1.0,0.19740322,-0.062253144,0.4067956,0.48315075,-0.022281406,0.56185275,0.26735476,-0.03765034,0.6672157,0.1428613,-0.050999735,0.762668,0.034354314,-0.061518833,0.23545347,0.46060112,-0.03128443,0.34454593,0.24941187,-0.04809196,0.43870437,0.11450009,-0.060753286,0.5358245,0.0,-0.06994569,0.042140953,0.48022565,-0.042632908,0.024312807,0.28840882,-0.05987423,0.026587281,0.15825856,-0.06810136,0.049431633,0.03458835,-0.07341537,key_2
252,0.0,1.0,3.5095883e-07,0.32873076,0.9569221,-0.016216971,0.60283136,0.8455153,-0.021294616,0.8105279,0.72505563,-0.027527735,1.0,0.64835954,-0.033646792,0.5725252,0.5139405,0.005054401,0.75013125,0.3457316,-0.0071910657,0.8572012,0.2487899,-0.020691982,0.96146786,0.15918744,-0.030955862,0.4275779,0.43915004,0.0012488415,0.5827866,0.23413312,-0.009312224,0.6869605,0.11368985,-0.022389583,0.7907212,0.009193326,-0.032601804,0.26026502,0.4115526,-0.0068670968,0.3813868,0.21630356,-0.019607022,0.48710945,0.09752165,-0.029622272,0.6037919,0.0,-0.036754068,0.06309516,0.41684768,-0.01740686,0.11644406,0.23868789,-0.029398926,0.17683312,0.118963085,-0.034641102,0.25792834,0.0072696004,-0.03820834,key_2
253,0.0,1.0,2.0537243e-07,0.35390714,0.9108939,-0.012263606,0.62130827,0.7416103,-0.014870799,0.8215476,0.5698795,-0.019649943,1.0,0.43765476,-0.02462215,0.56486136,0.44249445,0.01287824,0.70505744,0.27148107,-0.0011199681,0.79195374,0.19937333,-0.016136307,0.87285835,0.15527199,-0.02650578,0.43291834,0.3601882,0.008836421,0.57987595,0.14467597,-0.0051789805,0.66833526,0.05303125,-0.019981796,0.75745773,0.0074237115,-0.03041003,0.27786857,0.32252842,0.00027187867,0.40959004,0.10488288,-0.016683614,0.50364107,0.023963947,-0.026843151,0.60601056,0.005129697,-0.032497015,0.0913433,0.31606016,-0.010143434,0.1935848,0.13127272,-0.025351841,0.30494535,0.04297288,-0.031925637,0.4327028,0.0,-0.035513174,key_2
254,0.0,1.0,2.0978852e-07,0.34124044,0.90629256,-0.014424598,0.618689,0.7076733,-0.019892236,0.8241511,0.49830696,-0.026936712,1.0,0.3301354,-0.033667088,0.5427889,0.38476297,0.003956549,0.68561316,0.13810913,-0.016806621,0.7732325,0.12721846,-0.035256516,0.81153786,0.21627647,-0.04448452,0.40494683,0.30709213,0.0020245998,0.5612363,0.010892206,-0.018986316,0.6380492,0.029845186,-0.0361367,0.66808164,0.16301188,-0.04476133,0.24332038,0.26996124,-0.0039784913,0.37544236,0.0,-0.023995578,0.45237663,0.0126114115,-0.03383278,0.4921525,0.14231758,-0.036769625,0.045704793,0.2607117,-0.011681143,0.17626922,0.061994985,-0.027124882,0.29959935,0.016323691,-0.033711355,0.40271947,0.04931119,-0.03595193,key_2
255,0.0,1.0,2.991939e-08,0.36577776,0.8739857,-0.0102534825,0.6414805,0.6707071,-0.0153467655,0.84469664,0.4507222,-0.023728285,1.0,0.24492827,-0.030982358,0.5399395,0.3782272,0.008214973,0.70544034,0.11153858,-0.015534353,0.74418014,0.25544694,-0.033918202,0.7300654,0.42115662,-0.04205708,0.40874156,0.31532323,0.0041149906,0.58463967,0.046272766,-0.02078212,0.6289002,0.2433855,-0.03610432,0.62092215,0.43967202,-0.041615054,0.24806283,0.2719974,-0.0043319543,0.40666997,0.0,-0.02644569,0.47409895,0.17582645,-0.031195104,0.48768234,0.36497268,-0.028797269,0.050799225,0.24885005,-0.014288721,0.19798394,0.0763878,-0.0291876,0.30568615,0.17560215,-0.03146274,0.3617482,0.30183476,-0.029504728,key_2
256,0.0,1.0,-1.172979e-09,0.38824707,0.87410164,-0.007498855,0.66908294,0.66969645,-0.010574559,0.85765225,0.44437554,-0.017360514,1.0,0.23519564,-0.023101559,0.5475239,0.38310316,0.011003705,0.69769996,0.12280889,-0.010871333,0.7219658,0.3049077,-0.028054236,0.7011674,0.48929757,-0.035488643,0.41321176,0.3218519,0.006323018,0.5745398,0.05762056,-0.016715854,0.60383147,0.28309616,-0.031214213,0.58250016,0.49151933,-0.036377866,0.25325406,0.27689263,-0.0024031517,0.40643778,0.0,-0.023594342,0.46308044,0.21134357,-0.028110806,0.458557,0.4224215,-0.025378201,0.05998466,0.2500365,-0.012304507,0.21397711,0.062986426,-0.026406787,0.30856833,0.18931727,-0.027889654,0.33871052,0.3380647,-0.025267012,key_2
257,0.0,1.0,-1.1027727e-08,0.390446,0.8924963,-0.009472261,0.6774306,0.6939259,-0.013165837,0.864769,0.44938827,-0.019889962,1.0,0.20740154,-0.02556667,0.5519459,0.3869844,0.00913064,0.7060019,0.14770848,-0.012115898,0.7146697,0.34420568,-0.028847035,0.6849123,0.5221839,-0.03620316,0.4179773,0.32167506,0.005847694,0.5890478,0.069762066,-0.017133001,0.6046657,0.31144086,-0.031466115,0.5731738,0.52500534,-0.036342714,0.25873217,0.2710504,-0.0013605385,0.4225802,0.0,-0.022579428,0.46741107,0.22738455,-0.026718337,0.45145267,0.4476153,-0.023442158,0.06444231,0.24048811,-0.0098090805,0.22192861,0.0586666,-0.024262788,0.32396325,0.19091271,-0.025864197,0.36076576,0.34473032,-0.023088872,key_2
258,0.0,1.0,-2.9625054e-08,0.38351765,0.9166768,-0.009964459,0.6802574,0.71912116,-0.013496106,0.86885715,0.4744566,-0.019671055,1.0,0.22745433,-0.024727754,0.5611603,0.40172583,0.0062097115,0.7290127,0.16153829,-0.0142856445,0.7379782,0.3620922,-0.029757753,0.6977881,0.53997,-0.03630804,0.42817912,0.33306384,0.0033072159,0.6145739,0.08092128,-0.018901473,0.62697285,0.33590165,-0.031944983,0.5788225,0.55136937,-0.03603039,0.26747575,0.27693382,-0.0033506579,0.44570202,0.0,-0.024494695,0.48643616,0.2417182,-0.028232077,0.45428416,0.46269786,-0.024800722,0.06936855,0.233915,-0.011136891,0.23496929,0.040291417,-0.026062386,0.32800493,0.18556657,-0.027394213,0.3459584,0.3455288,-0.024476433,key_2
259,0.0,1.0,-4.087164e-08,0.3885302,0.9279077,-0.00958136,0.68466187,0.7337064,-0.01273393,0.87096673,0.48656836,-0.018497841,1.0,0.23004149,-0.023158865,0.5778067,0.41689372,0.0076558087,0.75587136,0.1908993,-0.012345084,0.74992657,0.38412142,-0.027428042,0.6979811,0.56349844,-0.033604495,0.44293055,0.3370361,0.0050049853,0.64163697,0.085712954,-0.01673076,0.63916063,0.33021542,-0.029595286,0.5826007,0.5503126,-0.033272117,0.28040114,0.26977804,-0.0013910227,0.47187114,0.0,-0.021772508,0.50340986,0.23682077,-0.025375536,0.46721417,0.46339548,-0.021788893,0.08136996,0.2218364,-0.008859431,0.25402105,0.036343038,-0.023022972,0.34697592,0.17998256,-0.024208518,0.36902866,0.3401602,-0.021179551,key_2
260,0.0,1.0,2.980256e-10,0.38325936,0.9255835,-0.01031703,0.6837093,0.73045236,-0.013613989,0.8771557,0.4879556,-0.019444294,1.0,0.21701208,-0.024292069,0.5715125,0.40371868,0.008053097,0.74369544,0.18104795,-0.011998137,0.7522631,0.3787481,-0.027726648,0.7106969,0.5573213,-0.034460947,0.43790507,0.32843643,0.0055256765,0.63373387,0.0800079,-0.016583733,0.6402832,0.33062962,-0.03037451,0.58463764,0.55118656,-0.034676842,0.27682298,0.26658276,-0.0008392347,0.46803293,0.0,-0.021936592,0.5015606,0.24279378,-0.026285274,0.46000785,0.46807918,-0.02298079,0.080733605,0.22063972,-0.008359398,0.26006514,0.034763094,-0.023372956,0.35369995,0.18505453,-0.025084037,0.3706441,0.3485496,-0.022240119,key_2
261,0.0,1.0,-1.0064851e-08,0.39262968,0.92151475,-0.009508839,0.69029063,0.73260593,-0.0124176005,0.88012683,0.48933733,-0.017841762,1.0,0.22138196,-0.022298316,0.574065,0.40157735,0.007789429,0.7353739,0.15908718,-0.01161082,0.7474075,0.35776082,-0.02638075,0.709978,0.54604393,-0.03245324,0.43770692,0.32783285,0.0050727697,0.61919045,0.07210083,-0.016657364,0.62109554,0.3249272,-0.02932789,0.5679975,0.54580075,-0.032762952,0.27476817,0.27034128,-0.0013497005,0.45805755,0.0,-0.022464119,0.48833725,0.24980879,-0.026019666,0.44954014,0.4795273,-0.021995217,0.076443836,0.233048,-0.008859071,0.25243565,0.041342095,-0.024236443,0.34441245,0.19985642,-0.025620915,0.36111563,0.37376636,-0.022221275,key_2
262,0.0,1.0,-3.085778e-08,0.3929938,0.917848,-0.009334969,0.689481,0.7186773,-0.012135074,0.8790973,0.4743481,-0.017344013,1.0,0.21070959,-0.021515215,0.568875,0.40502965,0.0054093986,0.7310966,0.16211219,-0.013576479,0.7321615,0.36416867,-0.026996521,0.68673414,0.54839706,-0.03211497,0.42504287,0.3360253,0.0026052694,0.6054015,0.07923774,-0.01842243,0.60101676,0.33332133,-0.029538378,0.543046,0.54575646,-0.032100704,0.25339428,0.28473115,-0.0036707073,0.43512645,0.0,-0.023960691,0.46203268,0.25427315,-0.025818424,0.41980764,0.48186478,-0.020982876,0.047037136,0.25452495,-0.011028512,0.21877342,0.04840701,-0.025837384,0.31120008,0.20486087,-0.026123751,0.3249893,0.3798058,-0.022074763,key_2
263,0.008384316,1.0,-1.9340204e-08,0.37487096,0.9175348,-0.010112358,0.68587035,0.6937836,-0.0135575915,0.87385696,0.44163162,-0.019064736,1.0,0.19294474,-0.023281349,0.5617738,0.3585074,-0.00026846127,0.7372143,0.10911784,-0.021364978,0.7461482,0.33175787,-0.03452208,0.69334304,0.525712,-0.0386322,0.40091556,0.3023041,-0.0031147657,0.5939311,0.051640283,-0.025870942,0.5982236,0.33891127,-0.035625666,0.53380775,0.556232,-0.036655057,0.21699572,0.27067566,-0.009308193,0.40665603,0.0,-0.031377114,0.44478184,0.2852335,-0.031784654,0.40210965,0.516005,-0.025358962,0.0,0.26052788,-0.016455505,0.17127818,0.06065762,-0.032595415,0.28061363,0.22895458,-0.032317642,0.3060373,0.39982677,-0.027402492,key_2
264,0.07468406,1.0,6.637172e-08,0.3716788,0.9395394,-0.011639697,0.6621161,0.7006388,-0.016208109,0.86660016,0.4833821,-0.022206554,1.0,0.2654114,-0.027175538,0.51727045,0.35582587,-0.0051462073,0.69578344,0.08307194,-0.026447942,0.75937575,0.26763973,-0.039594814,0.7329293,0.42598858,-0.04399839,0.36835852,0.31329688,-0.008104401,0.54504025,0.0,-0.029820198,0.6192986,0.2574555,-0.03990341,0.58920896,0.4480327,-0.042162716,0.19588292,0.3025253,-0.014206539,0.3540149,0.0021272674,-0.035969898,0.45022455,0.25809267,-0.037237976,0.44208795,0.45320317,-0.03230949,0.0,0.31439713,-0.021214435,0.1518015,0.08688913,-0.037895516,0.28539756,0.2371642,-0.038098633,0.3208434,0.38712752,-0.034273863,key_2
265,0.05359995,0.9966105,5.0551165e-07,0.321827,1.0,-0.026998153,0.60953367,0.83299434,-0.03635559,0.81605655,0.67359394,-0.043069594,1.0,0.54736996,-0.049582865,0.5367488,0.45828947,-0.015503668,0.68279016,0.27536428,-0.029133094,0.782493,0.15271403,-0.0418835,0.8777845,0.06365146,-0.051271856,0.37287834,0.37135693,-0.012284023,0.4684328,0.14888577,-0.024476562,0.56243706,0.0442564,-0.03726824,0.6656982,0.0,-0.04677938,0.19241995,0.3548687,-0.012707987,0.2779245,0.1364646,-0.028469233,0.35310328,0.07842163,-0.0387041,0.43860504,0.08416281,-0.04474518,0.0,0.3927373,-0.015587361,0.046531983,0.20108658,-0.03188924,0.1090194,0.13033876,-0.039416883,0.18298052,0.118910335,-0.043138538,key_2
266,0.026963092,0.99275476,5.6017694e-07,0.30979523,1.0,-0.026722766,0.59794366,0.89017546,-0.037631564,0.8033005,0.7741298,-0.045828912,1.0,0.70736074,-0.05396468,0.5290982,0.5426032,-0.020685822,0.70423645,0.3638933,-0.037318904,0.81375295,0.24429537,-0.051290855,0.9137507,0.14473188,-0.06134936,0.36869362,0.46924666,-0.019365605,0.5003015,0.25309056,-0.034724146,0.606426,0.11301808,-0.04915569,0.7094705,0.0,-0.059507806,0.1941836,0.4509212,-0.021405961,0.29044056,0.24672833,-0.039116837,0.38340622,0.13161574,-0.051953975,0.48645353,0.04169964,-0.059930984,0.0,0.47191173,-0.025715804,0.049706437,0.29666638,-0.042924732,0.12179719,0.1935479,-0.05182787,0.22151488,0.10798706,-0.05690542,key_2
267,0.00029338006,1.0,4.883567e-07,0.30888116,0.98689556,-0.022851069,0.5915384,0.8848453,-0.032399166,0.8075914,0.7815292,-0.040554248,1.0,0.71404225,-0.048562847,0.5246994,0.5456771,-0.01276553,0.705216,0.37157863,-0.027929436,0.81907827,0.25884795,-0.0420138,0.91726303,0.1600255,-0.05238358,0.37005153,0.47365326,-0.013645999,0.5120219,0.2591084,-0.026946286,0.6156067,0.1194933,-0.04072274,0.7074673,0.0,-0.050845005,0.19666731,0.45241502,-0.017975617,0.30203077,0.24207011,-0.032691564,0.3980572,0.11618161,-0.043502454,0.49859086,0.00879284,-0.05065204,0.0,0.4685485,-0.024630504,0.056940623,0.29744297,-0.03926965,0.118714586,0.1889807,-0.045710616,0.19895881,0.08787845,-0.04924966,key_2
268,0.002736975,1.0,4.308516e-07,0.3136914,0.96835446,-0.020903574,0.59408844,0.8689038,-0.030137196,0.8124298,0.7723424,-0.03882177,1.0,0.70339036,-0.047323897,0.5006107,0.53977334,-0.009952479,0.6803623,0.36339715,-0.02612767,0.792872,0.25460395,-0.040709965,0.89165545,0.16028902,-0.05102222,0.3475579,0.47325268,-0.012377805,0.4820123,0.25118428,-0.026387915,0.5832738,0.115564026,-0.039879557,0.6741282,0.0,-0.04952341,0.18163072,0.45581272,-0.018484887,0.2703288,0.24032883,-0.033392534,0.3631714,0.11096864,-0.043437053,0.45987213,0.001548172,-0.04988771,0.0,0.47376132,-0.026968228,0.048626434,0.29989064,-0.040991414,0.10669358,0.18487778,-0.046560798,0.17808269,0.07847672,-0.049515747,key_2
269,0.0,1.0,3.9147156e-07,0.31587076,0.9633144,-0.017948378,0.5926816,0.86029345,-0.025876693,0.8121843,0.7654072,-0.033917226,1.0,0.70876145,-0.04194025,0.4998623,0.54076236,-0.006486684,0.6800969,0.3627253,-0.020672359,0.7850302,0.25187963,-0.03415015,0.8734551,0.15671733,-0.04380206,0.34861368,0.4756992,-0.009592886,0.4817056,0.25195104,-0.02149187,0.5737075,0.1154715,-0.03387021,0.6501551,0.0019349243,-0.042943563,0.18628207,0.45700327,-0.016069535,0.27060154,0.2382864,-0.028491573,0.35157242,0.10786303,-0.03746623,0.43280023,0.0,-0.04350678,0.00859497,0.47441587,-0.024803927,0.049268406,0.299001,-0.036554378,0.09596107,0.18281609,-0.040960312,0.15271476,0.07690774,-0.04328654,key_2
270,0.0,1.0,3.590395e-07,0.31669647,0.9533449,-0.016448926,0.5886805,0.8485684,-0.024201091,0.80773336,0.7552824,-0.03256866,1.0,0.7082775,-0.041152615,0.49146742,0.53279144,-0.0059668184,0.66795903,0.35360932,-0.019337045,0.76919985,0.2435894,-0.032197915,0.8561188,0.14473166,-0.041695494,0.33897758,0.4675855,-0.009037195,0.46543607,0.24968244,-0.0198667,0.5439654,0.117238395,-0.03154866,0.6067048,0.005712007,-0.040535476,0.17790282,0.4489375,-0.015209518,0.25358382,0.23443033,-0.026274588,0.3099877,0.10611022,-0.034567684,0.36818612,0.0,-0.040616024,0.007900392,0.4676649,-0.023581618,0.03291372,0.29532012,-0.03402909,0.05834975,0.1836712,-0.037908208,0.09277671,0.083379276,-0.040125437,key_2
271,0.0,1.0,3.1495304e-07,0.31852722,0.9521298,-0.015159795,0.59182703,0.8460819,-0.022168132,0.8098554,0.7560658,-0.029946145,1.0,0.7160668,-0.03793648,0.49489123,0.52265435,-0.004979701,0.66208124,0.3452866,-0.016401585,0.75224644,0.23688094,-0.027696934,0.827314,0.13917738,-0.03629357,0.33963063,0.45631838,-0.007903095,0.45510456,0.23986539,-0.016962158,0.5238359,0.11240791,-0.027402917,0.5765066,0.005161056,-0.035641648,0.17534564,0.4394146,-0.013701867,0.23512384,0.23041636,-0.023540713,0.27961248,0.104047395,-0.031567477,0.32721928,0.0,-0.03759755,0.0040272363,0.46184257,-0.021522485,0.00040360083,0.29173753,-0.031089261,0.0033426874,0.18115345,-0.034849923,0.01658636,0.08265137,-0.03707413,key_2
272,0.0008248772,1.0,3.0889964e-07,0.31796324,0.958805,-0.015424653,0.59265286,0.8438699,-0.021397302,0.8105267,0.7423886,-0.027851356,1.0,0.7054424,-0.03434715,0.49118522,0.51162636,-0.0030330115,0.6527677,0.3363944,-0.012134428,0.7389366,0.22744365,-0.021806432,0.8112406,0.1293763,-0.029454088,0.33717707,0.44071227,-0.0044137007,0.44997156,0.23256822,-0.01121462,0.51523334,0.11221581,-0.0196875,0.5672838,0.012545484,-0.026623745,0.1743443,0.4205522,-0.008744827,0.23398203,0.2159125,-0.016643545,0.27237695,0.0967382,-0.02272539,0.31583166,0.0,-0.027568614,0.003773187,0.4416186,-0.015209375,0.0,0.27428064,-0.022812279,0.0025269843,0.16789113,-0.025304303,0.017815085,0.07289524,-0.026843587,key_2
273,0.009288146,1.0,3.6975763e-07,0.31659514,0.95819014,-0.016514132,0.59060276,0.8376007,-0.02288178,0.8052035,0.73334587,-0.0291462,1.0,0.698104,-0.03512282,0.4883453,0.5133151,-0.0027252617,0.64375526,0.32955468,-0.010001478,0.7279879,0.21615608,-0.018589392,0.8005543,0.11309847,-0.025530577,0.33784592,0.4423007,-0.002742589,0.4492142,0.23687771,-0.0069620614,0.5146075,0.11638837,-0.014276696,0.5701564,0.012221422,-0.020483414,0.17793387,0.41941574,-0.0057116398,0.23733579,0.21615937,-0.010801493,0.2702443,0.09858928,-0.01580771,0.30918917,0.0,-0.020171644,0.008153389,0.4388024,-0.010964499,0.0,0.27333912,-0.016007584,0.00033959944,0.16777095,-0.017538695,0.01309239,0.07103722,-0.01853916,key_2
274,0.048476152,1.0,4.078989e-07,0.3443429,0.9652305,-0.017672403,0.6051209,0.84076846,-0.02484115,0.8123459,0.7368369,-0.03177114,1.0,0.7085951,-0.03854453,0.507114,0.5082653,-0.005359225,0.6572335,0.3237964,-0.012726661,0.74036443,0.2049075,-0.020671237,0.80618984,0.102945335,-0.027007286,0.35772172,0.43756434,-0.005090981,0.46426854,0.23162955,-0.009029067,0.5312055,0.11050903,-0.015248073,0.5856379,0.009794396,-0.02044528,0.19850032,0.4179275,-0.0077586635,0.2547625,0.21130075,-0.012736927,0.2875452,0.09391946,-0.017352633,0.3222879,0.0,-0.021307055,0.02994321,0.4443629,-0.012767899,0.00653859,0.27986535,-0.018565947,0.0,0.1718458,-0.020633822,0.0044116806,0.07537869,-0.021693654,key_2
275,0.08971345,1.0,3.9762693e-07,0.37110353,0.9710888,-0.016886054,0.62150866,0.84542644,-0.022998335,0.8228487,0.7513927,-0.029019428,1.0,0.75192815,-0.03478737,0.5310531,0.50615174,-0.005109658,0.67651504,0.32614535,-0.011851099,0.7530559,0.21126597,-0.018852226,0.8117356,0.11225508,-0.024603225,0.38620356,0.43662545,-0.005440874,0.49033904,0.23444045,-0.009139184,0.5498878,0.11270419,-0.014218165,0.5936804,0.011351359,-0.018331135,0.23242806,0.42027545,-0.008710665,0.27922255,0.21505295,-0.014176061,0.30445963,0.09609571,-0.018754814,0.3315748,0.0,-0.022306716,0.06822085,0.45228246,-0.014274789,0.026413202,0.28909996,-0.020938946,0.0061714337,0.18087973,-0.023331694,0.0,0.08355862,-0.024342485,key_2
276,0.15140294,1.0,3.9716068e-07,0.41468522,0.9742193,-0.017285956,0.6499543,0.85604095,-0.024103252,0.84147537,0.7801511,-0.03092263,1.0,0.79045945,-0.037835997,0.5682176,0.5141965,-0.008886709,0.709908,0.34114197,-0.01669365,0.7869566,0.23020968,-0.024302332,0.84330034,0.13291371,-0.03088902,0.4281013,0.44642904,-0.010491606,0.5239944,0.24730934,-0.015887005,0.5770646,0.12790103,-0.021861974,0.6125195,0.027469285,-0.02702066,0.27998236,0.4331642,-0.015004118,0.32142594,0.22741759,-0.022406917,0.34480315,0.10260342,-0.029472562,0.36716807,0.0,-0.035162937,0.1216571,0.46964106,-0.02173536,0.056828074,0.30328098,-0.031093499,0.020741718,0.1892967,-0.036104947,0.0,0.08425005,-0.039316885,key_2
277,0.19891368,1.0,4.285039e-07,0.448606,0.9711982,-0.018428065,0.669125,0.8688671,-0.027044548,0.85124606,0.81020844,-0.03578092,1.0,0.8259814,-0.04490905,0.5924572,0.5443845,-0.014454919,0.72934294,0.37719104,-0.024966985,0.80454123,0.27861616,-0.033963207,0.85967755,0.18676528,-0.041764807,0.4549071,0.47334665,-0.017572928,0.54760575,0.27281517,-0.026511231,0.59570307,0.1595771,-0.034455672,0.62195003,0.0642856,-0.04094091,0.30813116,0.461401,-0.023617152,0.3286551,0.24590112,-0.035329,0.33525184,0.112473525,-0.04626721,0.3381129,0.0,-0.054276034,0.15539685,0.50322443,-0.03166523,0.08354299,0.33039045,-0.045264285,0.034209706,0.21227886,-0.05358872,0.0,0.09997894,-0.059078835,key_2
278,0.066345006,1.0,4.723008e-07,0.35894012,0.9683898,-0.017740099,0.61188257,0.85812795,-0.024218159,0.8304574,0.8127726,-0.02999746,1.0,0.8097598,-0.037655417,0.49377823,0.5391558,-0.015306143,0.6030612,0.37236902,-0.022522548,0.65944445,0.2659257,-0.02907594,0.6961369,0.17835057,-0.03522285,0.32038856,0.48717874,-0.01846063,0.34506187,0.25615078,-0.025453864,0.35989603,0.120150484,-0.035851885,0.36653033,0.010832175,-0.043817826,0.15466298,0.5061232,-0.023504756,0.12897429,0.27926835,-0.041044097,0.12336115,0.12532662,-0.061872188,0.11104689,0.0,-0.07629125,0.0,0.5707036,-0.028937742,0.052952074,0.50580674,-0.049191754,0.120523006,0.5409337,-0.06034883,0.169383,0.58157045,-0.06715868,key_2
279,0.1163169,1.0,5.7999466e-07,0.38056907,0.96612394,-0.016932698,0.6301336,0.85548353,-0.022265272,0.8317358,0.7992089,-0.026638558,1.0,0.8134993,-0.032905277,0.4551216,0.53554237,-0.014637463,0.56650865,0.38075206,-0.020635068,0.63084185,0.27921745,-0.025859943,0.66662544,0.18764453,-0.030965747,0.28693852,0.49685034,-0.019083219,0.28573823,0.26108497,-0.024053652,0.27347386,0.12518047,-0.03574941,0.2534328,0.0,-0.044623516,0.13609748,0.53036165,-0.024642877,0.08837299,0.37074023,-0.04370832,0.063924044,0.25284865,-0.06729549,0.031391975,0.14422518,-0.08281581,0.0,0.6133646,-0.030398758,0.07422084,0.6136699,-0.05185487,0.16626658,0.70509726,-0.0628533,0.22758819,0.79015636,-0.06902371,key_2
280,0.13327184,1.0,5.817365e-07,0.38924557,0.96430504,-0.01696344,0.639746,0.8509605,-0.022497226,0.83121514,0.789786,-0.027829368,1.0,0.7923587,-0.035370745,0.45780537,0.5519624,-0.014954306,0.55487543,0.39299485,-0.024065062,0.618324,0.29975173,-0.03024424,0.64791083,0.21107118,-0.035080034,0.28449365,0.51244915,-0.020706365,0.26662782,0.2803479,-0.031080741,0.23726507,0.13788144,-0.045555104,0.19554411,0.0,-0.0547123,0.13218744,0.54269373,-0.02774831,0.09059117,0.43754327,-0.054014876,0.052332032,0.3524389,-0.07999644,0.006069147,0.26044658,-0.0944286,0.0,0.6220998,-0.034711808,0.08067522,0.6453989,-0.06058136,0.18514144,0.7523203,-0.07180884,0.26288843,0.85065216,-0.076664776,key_2
281,0.14199844,1.0,5.6944526e-07,0.39822236,0.954124,-0.020711808,0.6426,0.831362,-0.026682898,0.838193,0.76716864,-0.034166124,1.0,0.77571523,-0.040659253,0.46143353,0.5577528,-0.009154389,0.5543639,0.38453835,-0.021543767,0.6062717,0.28648734,-0.028005749,0.6357128,0.2073987,-0.031161819,0.2837952,0.52779526,-0.012793796,0.24377981,0.28929645,-0.03311754,0.21501122,0.12924899,-0.047712944,0.17719887,0.0,-0.052800592,0.130089,0.5616263,-0.018814847,0.15873963,0.5346281,-0.05518046,0.21447545,0.67206264,-0.06773591,0.23953727,0.770091,-0.0632019,0.0,0.63390136,-0.02597625,0.06741889,0.6528274,-0.055298544,0.18356302,0.7561001,-0.060687304,0.2742191,0.8406972,-0.055719905,key_2
282,0.1345916,1.0,4.7019705e-07,0.39372033,0.95491153,-0.024091175,0.6353064,0.82028365,-0.03438088,0.8343739,0.7389616,-0.046702668,1.0,0.74179983,-0.05929366,0.4695816,0.5399404,-0.020200249,0.5555395,0.33895552,-0.04077827,0.60156083,0.21730343,-0.051957738,0.6392096,0.11452358,-0.057569064,0.30265254,0.52477825,-0.023865202,0.27035934,0.30787373,-0.053135343,0.24293356,0.14176124,-0.07107836,0.21181484,0.0,-0.07815409,0.1436585,0.56322277,-0.030016413,0.1642407,0.5359178,-0.07232489,0.2416053,0.7041252,-0.081293516,0.28973868,0.8272152,-0.07328294,0.0,0.631965,-0.03754885,0.035466954,0.60806584,-0.06634271,0.11284359,0.7131602,-0.06586957,0.17161825,0.8007752,-0.056927778,key_2
283,0.15435714,1.0,1.262249e-07,0.40846884,0.947383,-0.021270081,0.64127505,0.79253995,-0.033328198,0.83599,0.6881691,-0.04668343,1.0,0.6535759,-0.061248597,0.50214076,0.4980255,-0.023879524,0.5959025,0.26315475,-0.044968314,0.6404544,0.12013528,-0.055902146,0.68169856,0.0,-0.063142605,0.32815728,0.50179553,-0.027819043,0.3619068,0.37334678,-0.070401825,0.37853888,0.5564315,-0.08158864,0.39400393,0.71463925,-0.07804661,0.16124542,0.5392256,-0.033877097,0.21572459,0.4940792,-0.07568941,0.2685312,0.68922454,-0.07348822,0.29836002,0.8286649,-0.059278812,0.0,0.5986241,-0.04132344,0.06101628,0.53461134,-0.067834646,0.1261229,0.6632147,-0.06351286,0.16569799,0.7634149,-0.05253487,key_2
284,0.16287735,1.0,-3.3277308e-07,0.45883107,0.82661986,-0.0148234945,0.6972444,0.56986177,-0.023844337,0.8615542,0.3296463,-0.03586428,1.0,0.15510714,-0.045856964,0.5521076,0.20631395,-0.0076501984,0.634264,0.0,-0.03858217,0.6129751,0.25932243,-0.056284808,0.5835302,0.47379178,-0.062142584,0.37025496,0.18733367,-0.011444145,0.45099545,0.023688607,-0.047976114,0.45287266,0.37706208,-0.057905342,0.4494986,0.64627516,-0.055204164,0.18886049,0.20737505,-0.01960404,0.27075905,0.09184386,-0.053179562,0.3049205,0.4322452,-0.050643407,0.3217924,0.6818075,-0.038303424,0.0,0.26616392,-0.029192109,0.0836337,0.16319288,-0.048882756,0.15138622,0.3636402,-0.04494819,0.1893996,0.5303923,-0.035442475,key_2
285,0.1733791,1.0,-2.3052877e-07,0.53874165,0.84509486,-0.018609995,0.82595026,0.56251943,-0.026066313,0.9261439,0.27094665,-0.03472981,1.0,0.012127355,-0.04067973,0.6847219,0.20730908,-0.0029146848,0.79181695,0.0,-0.033379022,0.74079,0.25622892,-0.05071364,0.6935335,0.49439645,-0.055557214,0.46686932,0.19384761,-0.0036162145,0.5819999,0.0022985267,-0.038995292,0.5344404,0.34065753,-0.049411695,0.51106733,0.6212083,-0.046116255,0.24247459,0.21009216,-0.00954254,0.35545278,0.064378634,-0.044981495,0.3550266,0.4099695,-0.043139286,0.36069924,0.67445135,-0.029993912,0.0,0.2646173,-0.016832052,0.12377367,0.15628569,-0.04090902,0.17554086,0.39350173,-0.038161498,0.20497529,0.58057666,-0.02789703,key_2
286,0.16523527,1.0,-1.7795571e-07,0.56744504,0.84325373,-0.018532444,0.8972274,0.5716205,-0.025292208,1.0,0.26347044,-0.03316677,0.9471916,0.0,-0.038569134,0.71351737,0.2604301,4.6664358e-05,0.8447188,0.06937419,-0.030569134,0.78674054,0.31363758,-0.0488443,0.72666657,0.5368543,-0.05447525,0.49447516,0.24432862,-0.0006568076,0.65633875,0.039065577,-0.035064075,0.60191834,0.34411407,-0.046771865,0.5672176,0.6042191,-0.044579517,0.26105213,0.25563627,-0.0065959827,0.41484824,0.10072315,-0.041805018,0.4073153,0.42591915,-0.04101688,0.4015496,0.6739508,-0.028645527,0.0,0.30041018,-0.0139095,0.16184942,0.21872054,-0.03848845,0.2181965,0.44832966,-0.036876403,0.24656883,0.62236315,-0.027516456,key_2
287,0.17565656,1.0,-1.7017369e-07,0.5632187,0.8609808,-0.0195394,0.9037579,0.57201314,-0.02634185,1.0,0.25473288,-0.03349605,0.90482336,0.0,-0.03847728,0.71465826,0.256325,-0.0032911403,0.84115607,0.07136133,-0.03353076,0.7940754,0.30829358,-0.051124953,0.7369438,0.53145367,-0.056274872,0.4954019,0.23883447,-0.003350017,0.65911865,0.029477773,-0.036998395,0.6067914,0.34302935,-0.047542673,0.5646769,0.6111814,-0.044468373,0.26087582,0.24939135,-0.008502271,0.41589224,0.10758762,-0.044215202,0.40816566,0.44437426,-0.043232143,0.396631,0.6961612,-0.030452944,0.0,0.29189324,-0.0148854,0.17222576,0.20017782,-0.039810676,0.21375822,0.445723,-0.037434477,0.22472103,0.63122785,-0.027450746,key_2
288,0.18044187,1.0,-1.8045837e-07,0.55653584,0.87309706,-0.019545853,0.8957257,0.5849103,-0.02691248,1.0,0.25899315,-0.03453582,0.8909348,0.0,-0.04005539,0.7012169,0.25986576,-0.0051007955,0.8443412,0.07780446,-0.035279136,0.803429,0.31921566,-0.052328415,0.7377894,0.5410605,-0.057095762,0.4901128,0.23227158,-0.0052577667,0.66551244,0.012845926,-0.038634397,0.6101199,0.33784896,-0.048420534,0.5590404,0.60763395,-0.044931266,0.2600289,0.23638774,-0.01035086,0.41613418,0.088734314,-0.045518015,0.40772083,0.43722436,-0.04397297,0.3904691,0.6932052,-0.030963236,0.0,0.27352145,-0.016673926,0.1654152,0.17659006,-0.040538903,0.2180941,0.4218909,-0.03773925,0.23430946,0.6061669,-0.027814167,key_2
289,0.17910297,1.0,-1.6705084e-07,0.55963075,0.8756673,-0.01997612,0.8980205,0.58805925,-0.027833216,1.0,0.2616074,-0.03562212,0.8849413,0.0,-0.0414272,0.70647776,0.25545377,-0.0060713426,0.845265,0.0852993,-0.03667654,0.8034817,0.32424054,-0.054035887,0.73414266,0.54524785,-0.058761463,0.49122432,0.22967945,-0.0061558615,0.6581778,0.007384198,-0.039829515,0.6044266,0.34040326,-0.049629744,0.5530677,0.61641055,-0.045868672,0.2592876,0.2370336,-0.011117041,0.4108877,0.09325876,-0.046170037,0.40235177,0.44213235,-0.044366013,0.38126963,0.6960655,-0.031036044,0.0,0.27682707,-0.017274035,0.16682567,0.16979764,-0.04059146,0.20676655,0.4187353,-0.036848083,0.2061046,0.60581106,-0.026143948,key_2
290,0.19642568,1.0,-1.3757483e-07,0.5651003,0.8766579,-0.019450383,0.89930695,0.5849076,-0.026765997,1.0,0.26158097,-0.034141187,0.8921117,0.0,-0.039648164,0.6993203,0.25230142,-0.0044151745,0.84747696,0.0767371,-0.0345069,0.8182852,0.30681464,-0.051938124,0.7578275,0.52340496,-0.056803353,0.4898751,0.22566089,-0.004616024,0.67065847,0.0046592546,-0.038203474,0.62108034,0.33811787,-0.048321415,0.5721192,0.6158639,-0.04445254,0.25936705,0.23216105,-0.009650874,0.42873374,0.09810014,-0.04547608,0.41639727,0.45406976,-0.044307075,0.39352494,0.710427,-0.030914176,0.0,0.2736545,-0.01574441,0.17658015,0.18604928,-0.040410902,0.22289775,0.44373372,-0.037393954,0.23065652,0.6363262,-0.026725758,key_2
291,0.17797606,1.0,-1.8924243e-07,0.53779227,0.8877602,-0.020569943,0.8870567,0.59526044,-0.028254772,1.0,0.26641083,-0.035557356,0.88980466,0.0021314493,-0.040648673,0.7026164,0.25199926,-0.0073839626,0.84318715,0.06490905,-0.03679233,0.8007968,0.30591896,-0.05284813,0.7332207,0.52618974,-0.056661244,0.4866452,0.22566792,-0.0066445475,0.65341854,0.0,-0.039237883,0.5937706,0.33209854,-0.04811931,0.5424068,0.60602045,-0.043713532,0.25470522,0.23158482,-0.010637525,0.40767717,0.09719504,-0.045166552,0.3887806,0.45875558,-0.04319835,0.36811677,0.7192355,-0.029681426,0.0,0.2697357,-0.01583697,0.16731896,0.1700308,-0.03919325,0.20206104,0.42713654,-0.03577941,0.205743,0.62019545,-0.025168322,key_2
292,0.17226776,1.0,-1.6581275e-07,0.5415841,0.8758942,-0.019657306,0.8904418,0.58635306,-0.026985966,1.0,0.25958145,-0.034397203,0.8877396,0.0,-0.039714757,0.69153976,0.2542356,-0.004051328,0.8476242,0.05895935,-0.033488367,0.81444526,0.2908192,-0.050311778,0.7524578,0.51120204,-0.054790314,0.4845526,0.22666329,-0.0039199954,0.6736032,0.004067178,-0.036524083,0.610826,0.33213583,-0.046188764,0.5511848,0.6016246,-0.042345908,0.2571493,0.22955124,-0.008697953,0.42751428,0.084512554,-0.043400947,0.40687773,0.43806618,-0.0419293,0.38099378,0.6942103,-0.028719911,0.0,0.26359132,-0.0146418065,0.1749292,0.1611079,-0.038195163,0.21614814,0.41433582,-0.034881756,0.22045116,0.6067301,-0.0243087,key_2
293,0.1650168,1.0,-1.580202e-07,0.545693,0.875223,-0.01841,0.88986754,0.5876664,-0.025224956,1.0,0.26009235,-0.032438435,0.88270116,0.0060421107,-0.037849575,0.697282,0.25731117,-0.0025626863,0.85463023,0.06188691,-0.03135561,0.8287252,0.28978476,-0.04823343,0.769896,0.50597185,-0.053048536,0.49011028,0.22823946,-0.0030260382,0.6793418,0.0,-0.035470095,0.6219213,0.33295998,-0.045348737,0.55992234,0.6044356,-0.041632622,0.26001522,0.2309068,-0.008238779,0.43210292,0.08390843,-0.042644486,0.4153334,0.43723357,-0.041190647,0.38603896,0.69059205,-0.027992407,0.0,0.26544154,-0.0145244775,0.18104792,0.16089253,-0.037627146,0.21997347,0.41268075,-0.0340662,0.21497108,0.6010785,-0.023439648,key_2
294,0.16279103,1.0,-1.5978341e-07,0.5381555,0.8779699,-0.018577917,0.88469464,0.5929803,-0.025633002,1.0,0.26390532,-0.03300122,0.88021964,0.009291427,-0.038499862,0.69752437,0.25843507,-0.0034186495,0.8538996,0.061374765,-0.03235708,0.8176842,0.28923807,-0.04902291,0.7550082,0.5042496,-0.05368083,0.489543,0.22682162,-0.0038419105,0.6762248,0.0,-0.03636819,0.6119764,0.33674377,-0.045942694,0.54971945,0.6107891,-0.0420367,0.25934348,0.22719693,-0.009013,0.42502326,0.08299032,-0.04321128,0.40844223,0.43714774,-0.041725077,0.3827558,0.69178015,-0.028682835,0.0,0.2591789,-0.015280991,0.17710732,0.1573801,-0.038030487,0.21950075,0.4094419,-0.03459645,0.22032233,0.5977771,-0.024226505,key_2
295,0.15077601,1.0,-1.5323741e-07,0.5280195,0.89944303,-0.019423127,0.8822833,0.6265451,-0.026528277,1.0,0.31092006,-0.033771336,0.9036759,0.050968517,-0.03909137,0.728902,0.26371762,-0.0049314047,0.86233145,0.046660785,-0.03327499,0.8261571,0.26644242,-0.04958177,0.7699251,0.48391712,-0.054056346,0.5093889,0.2368854,-0.004612066,0.6561492,0.0,-0.036572516,0.6048873,0.32466283,-0.04666464,0.55971694,0.60227364,-0.043421954,0.2670616,0.24435164,-0.008934371,0.4018317,0.089473784,-0.04270625,0.4008495,0.43342102,-0.04239731,0.39070582,0.6930457,-0.03041735,0.0,0.28496772,-0.0143574765,0.15747863,0.17232564,-0.038064223,0.2150461,0.4174865,-0.03607102,0.23172702,0.6146863,-0.026540838,key_2
296,0.14798315,1.0,-1.2642991e-07,0.4654658,0.955873,-0.017473126,0.7812345,0.7292239,-0.02372646,0.9576885,0.49609452,-0.029577682,1.0,0.27284172,-0.033061612,0.6671494,0.3108456,-0.0116615165,0.76111627,0.04278581,-0.03485201,0.7555844,0.23322599,-0.047310703,0.7160362,0.4220015,-0.050889667,0.45269775,0.28340584,-0.011516937,0.5394328,0.0,-0.03546482,0.54896045,0.27837765,-0.041806664,0.53189194,0.48993593,-0.039963428,0.2319757,0.30993986,-0.014903965,0.30861062,0.05030143,-0.038798645,0.35515124,0.31398934,-0.035156664,0.36217368,0.5045075,-0.025934108,0.0,0.3813917,-0.019586185,0.09128113,0.20526022,-0.03673938,0.17470191,0.35722038,-0.033564523,0.20762286,0.47854054,-0.026278555,key_2
297,0.09444478,1.0,4.3549807e-07,0.38269344,0.9921868,-0.02659851,0.6387948,0.8750772,-0.036256064,0.8259708,0.7568783,-0.043066785,1.0,0.6842818,-0.049771544,0.5137357,0.5296436,-0.02037885,0.6485411,0.34233266,-0.03370901,0.7267294,0.21779887,-0.04550524,0.7938254,0.108306795,-0.054385696,0.34088224,0.4741216,-0.017208051,0.40543467,0.25566125,-0.028416479,0.4485038,0.11489922,-0.039492384,0.48519483,0.0,-0.047736995,0.16859497,0.4759094,-0.017205527,0.20647778,0.26525536,-0.030314226,0.23737112,0.13551126,-0.039834976,0.27526253,0.025733354,-0.045937873,0.0,0.5216631,-0.01972089,0.009053856,0.35180315,-0.033612896,0.013825601,0.23638324,-0.040426414,0.028588058,0.12920591,-0.043937992,key_2
298,0.28995195,1.0,6.1419263e-07,0.49335748,0.9886064,-0.030416988,0.68775326,0.8954218,-0.045557685,0.853713,0.8078696,-0.057141997,1.0,0.7811354,-0.06854781,0.60800606,0.5740123,-0.03593242,0.7469923,0.39394864,-0.052477095,0.8221414,0.2698662,-0.064041615,0.8751315,0.15915665,-0.073244885,0.47035953,0.50704104,-0.034898434,0.55122536,0.28564003,-0.051060595,0.598944,0.13678993,-0.06275945,0.6271871,0.0069207903,-0.07080947,0.3260845,0.5046547,-0.03663547,0.32731485,0.27444392,-0.056644667,0.332089,0.124473974,-0.07195259,0.33419582,0.0,-0.08139629,0.18345323,0.5591976,-0.04044157,0.102215044,0.38775066,-0.062129367,0.043352854,0.27353543,-0.074238636,0.0,0.165059,-0.08089564,key_2
299,0.28488806,1.0,4.922355e-07,0.5111958,0.97297543,-0.027172485,0.7020318,0.8786407,-0.040774968,0.85890067,0.7973768,-0.052642956,1.0,0.78035504,-0.06463158,0.62047106,0.55904084,-0.028064292,0.76006585,0.37958455,-0.044967793,0.8339033,0.25903758,-0.057984907,0.88334614,0.15001617,-0.06826296,0.48142076,0.49618012,-0.02934399,0.5612028,0.26984435,-0.045055952,0.5989465,0.12491776,-0.05733427,0.6155614,0.0,-0.06638768,0.33622754,0.4932239,-0.03368016,0.34899333,0.27743232,-0.051560625,0.36060435,0.13598907,-0.06523945,0.36834878,0.015310096,-0.07436366,0.18953389,0.53881294,-0.04042513,0.100067854,0.37152484,-0.05950401,0.04233441,0.2597851,-0.06939403,0.0,0.15129614,-0.07517358,key_2
300,0.040809046,1.0,5.6177305e-07,0.3181699,0.9876116,-0.030437158,0.5637305,0.947948,-0.0531434,0.76257336,0.94903654,-0.074384786,0.93321073,0.97733593,-0.09609834,0.55527425,0.57410455,-0.040969796,0.764673,0.38195863,-0.06599083,0.89123607,0.26886854,-0.08479291,1.0,0.17451063,-0.09755553,0.3862617,0.50732917,-0.043887585,0.54837054,0.26570976,-0.06352584,0.64631486,0.118065596,-0.078682095,0.72227365,0.006321831,-0.08963009,0.19888356,0.4995575,-0.04986923,0.30910146,0.26021814,-0.067790836,0.37785622,0.112008505,-0.08302047,0.44453168,0.0,-0.09307794,0.0,0.54330945,-0.0586238,0.00097417773,0.35057637,-0.07547593,0.0050969976,0.22657593,-0.08332619,0.02383151,0.11672014,-0.08773518,key_3
301,0.08211119,1.0,5.434604e-07,0.3602971,0.9787925,-0.030044315,0.6120152,0.93990344,-0.05150366,0.81765074,0.939165,-0.072319314,1.0,0.96856153,-0.09419463,0.58842826,0.5711794,-0.039126262,0.77212244,0.38013268,-0.06540707,0.88155776,0.26587647,-0.08567009,0.9756378,0.16325821,-0.10032391,0.40705687,0.5086339,-0.044226915,0.5351452,0.26602662,-0.06719022,0.61509174,0.120591834,-0.08509473,0.67888796,0.0,-0.098190255,0.21374953,0.50928515,-0.05253348,0.27008235,0.2771415,-0.0735069,0.31601688,0.1275821,-0.08869796,0.36793563,0.0020435206,-0.09900283,0.009869095,0.5562924,-0.06388138,0.0,0.37573135,-0.08269916,0.0065612975,0.25522646,-0.09176885,0.034538697,0.14126842,-0.09744163,key_3
302,0.21455142,1.0,6.488852e-07,0.45801395,0.958696,-0.030069163,0.6712455,0.90258956,-0.051151622,0.84686667,0.88269114,-0.07139316,1.0,0.90757376,-0.09238452,0.6320764,0.5485367,-0.036986753,0.80079865,0.3653459,-0.06057084,0.9012378,0.24975668,-0.08006143,0.97549933,0.13901027,-0.09473137,0.45648304,0.49521726,-0.04222363,0.56194293,0.2642371,-0.062014736,0.6218077,0.12229766,-0.0797174,0.66029847,0.0,-0.0936144,0.2690937,0.49963486,-0.05055549,0.3212118,0.27684104,-0.06960453,0.3569554,0.13317214,-0.08505721,0.38961214,0.011829231,-0.096187055,0.06865078,0.5479995,-0.061876073,0.03558342,0.3691223,-0.07983309,0.010317011,0.2544651,-0.08835341,0.0,0.1455499,-0.09382791,key_3
303,0.19139908,1.0,6.320085e-07,0.4399595,0.94771254,-0.025585206,0.64804417,0.86562425,-0.043112107,0.8192805,0.8187659,-0.060529552,1.0,0.82984436,-0.07874569,0.6028934,0.5378037,-0.029724859,0.7764251,0.35564396,-0.05210725,0.87319297,0.23663913,-0.07030676,0.943288,0.12842247,-0.08337991,0.42073855,0.4898824,-0.034541216,0.534969,0.26343626,-0.05285777,0.6015134,0.12104591,-0.0681528,0.64684045,0.0,-0.079391375,0.23332064,0.499908,-0.0422237,0.28106025,0.28530613,-0.05937146,0.31140825,0.1430073,-0.072094835,0.34136018,0.01995155,-0.08082638,0.03900157,0.55573285,-0.052655026,0.0147290025,0.39198056,-0.06864649,0.0019655055,0.27975518,-0.075383194,0.0,0.17234637,-0.07908705,key_3
304,0.22183298,1.0,5.7557367e-07,0.4730209,0.94911623,-0.029209847,0.667399,0.8641335,-0.04741621,0.8243917,0.8032296,-0.06473524,1.0,0.80053693,-0.08218837,0.61734617,0.5336419,-0.028896114,0.78335595,0.35047248,-0.050571594,0.87340146,0.22703841,-0.06850061,0.9386528,0.114358686,-0.08197672,0.4367033,0.4861188,-0.03145538,0.53496796,0.26078942,-0.04985871,0.5834368,0.119121775,-0.06504363,0.613491,0.0,-0.07630896,0.25356945,0.4995072,-0.037429046,0.28699505,0.2908226,-0.055222884,0.31209716,0.15413506,-0.06722875,0.33560136,0.036729567,-0.075377986,0.060825113,0.559494,-0.046525452,0.027001308,0.39733613,-0.062733516,0.009667269,0.28919482,-0.06908041,0.0,0.18640555,-0.07268552,key_3
305,0.23015259,1.0,5.7296944e-07,0.4586927,0.947774,-0.026286388,0.65877575,0.8611576,-0.043632694,0.82568467,0.8002159,-0.060618658,1.0,0.79331285,-0.07800152,0.60396373,0.5302842,-0.028144894,0.7606383,0.34532216,-0.0499869,0.84653467,0.22513124,-0.06754603,0.91097194,0.115418114,-0.08048806,0.4309442,0.48608646,-0.032096118,0.5228163,0.26155874,-0.05066251,0.57516384,0.121433794,-0.06572834,0.6097136,0.0,-0.07685012,0.2554669,0.49973366,-0.03919995,0.27690962,0.28828242,-0.057014372,0.29585773,0.14829232,-0.069536485,0.31582633,0.026653556,-0.07813423,0.076055706,0.5582864,-0.049101572,0.035484422,0.3949723,-0.06561821,0.012170949,0.28402105,-0.0725136,0.0,0.17638366,-0.076544575,key_3
306,0.22769052,1.0,5.379925e-07,0.46189547,0.946914,-0.023262432,0.65854204,0.8613076,-0.038773566,0.8225605,0.7961339,-0.054300312,1.0,0.7904649,-0.070381,0.5996281,0.52937,-0.02451183,0.7594415,0.34406593,-0.043204095,0.8333065,0.22324103,-0.05824435,0.88140464,0.11390639,-0.069543175,0.43534955,0.48345116,-0.028840693,0.53023815,0.25745204,-0.0446663,0.5793791,0.118341126,-0.05737046,0.6063117,0.0,-0.066685185,0.26377484,0.49493688,-0.036018554,0.29474434,0.2810636,-0.051840346,0.31553683,0.1441042,-0.06363006,0.3363958,0.026698476,-0.071757086,0.08655918,0.551787,-0.045626666,0.042915285,0.39357468,-0.061002135,0.016076483,0.28832683,-0.06744304,0.0,0.18839297,-0.07098937,key_3
307,0.23633175,1.0,5.1275015e-07,0.46462077,0.94560456,-0.023236725,0.66280335,0.86050683,-0.039263166,0.82879215,0.80171245,-0.0554509,1.0,0.79837793,-0.07234937,0.5984143,0.52747995,-0.025769548,0.73952585,0.34027752,-0.04534037,0.8090948,0.22115019,-0.061130792,0.85866594,0.11037255,-0.07316586,0.442243,0.48210895,-0.030711299,0.53190094,0.2615245,-0.047410235,0.57656467,0.12142563,-0.06125135,0.6017055,0.0,-0.071802124,0.27585953,0.49376175,-0.03853105,0.29716206,0.28048366,-0.05522175,0.3134357,0.1424136,-0.06791001,0.3298067,0.024851501,-0.07693448,0.101844795,0.54959035,-0.048744187,0.04747708,0.38666338,-0.06471911,0.017683284,0.2774765,-0.07196327,0.0,0.1737709,-0.076480426,key_3
308,0.24469116,1.0,5.0421335e-07,0.46846452,0.94210804,-0.023037381,0.66575885,0.8536697,-0.03850099,0.8359685,0.7931229,-0.054001663,1.0,0.77911544,-0.07015379,0.5924519,0.5278834,-0.025542457,0.7344228,0.34137693,-0.045096256,0.80877095,0.22327538,-0.060910944,0.86466193,0.11425763,-0.07275958,0.44113296,0.48132682,-0.030135414,0.5262236,0.25863856,-0.04669714,0.5736968,0.11907389,-0.060659196,0.6031387,0.0,-0.07125337,0.2834155,0.49133947,-0.03753209,0.30542073,0.27813986,-0.053898994,0.31678325,0.13732511,-0.06687963,0.32903454,0.019863943,-0.07610986,0.12105325,0.5466446,-0.04730847,0.061812893,0.38624933,-0.063238226,0.02500037,0.2745862,-0.07095726,0.0,0.16998327,-0.07571341,key_3
309,0.26306355,1.0,4.6358372e-07,0.49108663,0.94233036,-0.0204474,0.68253464,0.8359529,-0.032560673,0.8461556,0.7603716,-0.04480231,1.0,0.7481386,-0.057649266,0.6078148,0.5253399,-0.020308157,0.7367135,0.33771324,-0.037183348,0.8064124,0.22111845,-0.05134229,0.86111766,0.114501014,-0.06235183,0.46051893,0.48079592,-0.02507931,0.5364954,0.25698265,-0.039823893,0.5788387,0.118609,-0.05255286,0.6080482,0.0,-0.062157463,0.3076986,0.49020517,-0.032659873,0.32839188,0.27773967,-0.048574686,0.3439178,0.13354717,-0.061870616,0.36181906,0.012622383,-0.07110532,0.14871727,0.5447734,-0.042381648,0.07677627,0.38520193,-0.059000336,0.031657606,0.2722453,-0.067654625,0.0,0.16415304,-0.07293984,key_3
310,0.19219407,1.0,4.008228e-07,0.46016783,0.9312017,-0.016795881,0.6735735,0.8128366,-0.026147861,0.8329668,0.72313875,-0.03632696,1.0,0.69021386,-0.047362622,0.57480055,0.50926036,-0.012980507,0.703917,0.33232746,-0.028927699,0.7775355,0.22062153,-0.04312363,0.84059995,0.117025755,-0.05416629,0.40833813,0.46949184,-0.018772988,0.47373247,0.251133,-0.032628883,0.51770693,0.11830419,-0.04547228,0.5565311,0.0,-0.05541653,0.24020904,0.4837201,-0.027400164,0.2554185,0.2820075,-0.042403042,0.28016782,0.14655846,-0.053891644,0.31518826,0.026718555,-0.06219429,0.063367404,0.53999734,-0.037969723,0.014869995,0.38215834,-0.052624058,0.0,0.27263325,-0.059186373,0.0038162558,0.16573913,-0.0634907,key_3
311,0.20358296,1.0,3.9988367e-07,0.46724167,0.93304974,-0.017520253,0.6725767,0.8074824,-0.026560722,0.8282602,0.7090655,-0.036112204,1.0,0.67125994,-0.046130594,0.5772351,0.50752276,-0.012638218,0.7137358,0.33185628,-0.027924754,0.79124975,0.21940482,-0.041251395,0.8576569,0.117694005,-0.051668804,0.40904456,0.46537676,-0.01735015,0.46861503,0.24618086,-0.031136405,0.5181304,0.11474539,-0.043162066,0.56448746,0.0,-0.052215617,0.2436445,0.47870013,-0.025064906,0.24494842,0.27505746,-0.04026825,0.27286586,0.13943066,-0.051400416,0.31425974,0.018368648,-0.05906301,0.076778695,0.53585047,-0.034828488,0.023432188,0.37352097,-0.050197408,0.0021478909,0.25846243,-0.05749937,0.0,0.14429246,-0.06201238,key_3
312,0.23978442,1.0,4.1739267e-07,0.4934122,0.9322061,-0.017401062,0.6928979,0.8064026,-0.026530946,0.8388695,0.7112619,-0.03600936,1.0,0.67658955,-0.04591012,0.60053945,0.5116545,-0.014173479,0.7349448,0.3325784,-0.029239513,0.813846,0.22068134,-0.042133756,0.8806026,0.119405426,-0.052116293,0.43843338,0.46766084,-0.018641816,0.5033059,0.24906428,-0.032130733,0.55548954,0.1165307,-0.043801717,0.6015985,0.0,-0.052496333,0.27771983,0.4785067,-0.025931591,0.27696848,0.27240145,-0.04079164,0.29911909,0.13310947,-0.052324004,0.33221394,0.010307528,-0.060172155,0.11564847,0.5339077,-0.035172027,0.051160485,0.3699165,-0.050638083,0.016935606,0.25252032,-0.05835887,0.0,0.13620782,-0.06299307,key_3
313,0.16968066,1.0,3.8759015e-07,0.4467923,0.9264053,-0.015390378,0.6564799,0.79392403,-0.02372873,0.8173627,0.68876714,-0.03274824,1.0,0.64486325,-0.04230765,0.5747418,0.5030582,-0.010674783,0.7141488,0.32647908,-0.025837913,0.8022171,0.21559,-0.03927919,0.8817717,0.11659145,-0.049371775,0.40118757,0.4599087,-0.015604145,0.4782955,0.24417426,-0.028574312,0.5422011,0.114560716,-0.039940506,0.60084176,0.0,-0.048365336,0.227745,0.47011697,-0.023374252,0.24169002,0.26310617,-0.03701029,0.2753299,0.12504175,-0.046717204,0.32329017,0.0028679415,-0.053436186,0.04979244,0.52333957,-0.033060893,0.008741204,0.35653344,-0.04636466,0.0,0.23894309,-0.052216318,0.011419323,0.1229674,-0.05579005,key_3
314,0.09475675,1.0,3.1225008e-07,0.42068678,0.88362336,-0.013373528,0.6335233,0.69331026,-0.018439049,0.7811528,0.5420232,-0.024276339,0.9642842,0.4368375,-0.029780135,0.60465246,0.45258582,-7.273936e-05,0.77495813,0.28293842,-0.01546304,0.8885008,0.18177925,-0.029482838,1.0,0.093439154,-0.039358705,0.40917864,0.412606,-0.003917184,0.5325945,0.21035707,-0.017508918,0.6180189,0.09583137,-0.028903877,0.71075547,0.0,-0.036551524,0.20922145,0.42520148,-0.011276354,0.31369168,0.24006823,-0.0267715,0.4197541,0.13691002,-0.033549167,0.53674006,0.05076017,-0.03739346,0.0,0.48197758,-0.020468233,0.12254574,0.36208385,-0.03418739,0.24280202,0.2874504,-0.037847444,0.3673591,0.21572623,-0.03939318,key_3
315,0.042862896,1.0,2.4091318e-07,0.41433147,0.7895352,-0.009230364,0.6372567,0.53270346,-0.014360306,0.7843052,0.31508,-0.022620562,0.9601699,0.14844747,-0.029987575,0.56760585,0.27978867,0.009506933,0.7113666,0.074145734,-0.009431809,0.8609458,0.031372294,-0.02626335,1.0,0.024030486,-0.03721931,0.3953546,0.2496802,0.0038748637,0.5509924,0.015974978,-0.017119683,0.7172577,0.0,-0.032582827,0.879203,0.02528561,-0.041150436,0.20274088,0.26317632,-0.005830535,0.35397482,0.049662966,-0.028591923,0.5426604,0.06343503,-0.037837088,0.72688633,0.11918914,-0.040729705,0.0,0.32017434,-0.016986337,0.20136572,0.20945694,-0.036253653,0.3966361,0.20524916,-0.044113807,0.5896667,0.21857087,-0.047200356,key_3
316,0.03616567,1.0,2.8754988e-07,0.4147504,0.8023977,-0.008650503,0.6372533,0.5203746,-0.012677915,0.80396587,0.29415306,-0.019236315,1.0,0.13783503,-0.025123805,0.5407036,0.29429895,0.006147939,0.68291557,0.09133749,-0.012364778,0.84550136,0.044793557,-0.028197754,0.99430275,0.036957867,-0.03831625,0.37264463,0.25798848,0.0014308788,0.534987,0.01883784,-0.01886478,0.7175779,0.0,-0.032617718,0.89458656,0.022993732,-0.039833665,0.19027168,0.26807323,-0.006919905,0.35912937,0.05432163,-0.028550731,0.5690926,0.052217238,-0.037188813,0.7778413,0.094589405,-0.03985751,0.0,0.3240602,-0.016557442,0.22065055,0.21649975,-0.034612652,0.42788863,0.20049164,-0.042236254,0.6328133,0.20219156,-0.045413017,key_3
317,0.0076428843,1.0,3.214144e-07,0.36698568,0.82751864,-0.011563504,0.5944521,0.54491043,-0.015716009,0.76019543,0.30981416,-0.021469858,0.9452847,0.13831125,-0.026298856,0.5339498,0.3256948,0.006476735,0.6970422,0.13728072,-0.010148691,0.85750157,0.07495687,-0.024858903,1.0,0.043662995,-0.034623265,0.37349522,0.2732037,0.003582289,0.5480342,0.039720323,-0.014746633,0.73140913,0.0,-0.027772779,0.9090131,0.0010270083,-0.03493086,0.1918192,0.270703,-0.0032678908,0.3634361,0.039763063,-0.0246885,0.57273626,0.030728294,-0.033339698,0.7782958,0.06507456,-0.03607078,0.0,0.31329975,-0.011497947,0.22745892,0.19683453,-0.030249255,0.43503532,0.17988391,-0.037860997,0.6361572,0.18007645,-0.04097425,key_3
318,0.0,1.0,3.3125465e-07,0.35412326,0.84210235,-0.012374287,0.59182626,0.5557309,-0.015819293,0.76210994,0.3167844,-0.020917745,0.9368247,0.13071346,-0.024974678,0.52787596,0.33831644,0.009915104,0.6881216,0.15971905,-0.00593327,0.8523551,0.09294101,-0.020593062,1.0,0.050665937,-0.030547211,0.37386432,0.27865914,0.0073780045,0.5262177,0.04954168,-0.010103593,0.7046086,0.00573283,-0.023139145,0.88037825,0.0,-0.030527644,0.19827208,0.27205408,0.00044857306,0.34235668,0.041441966,-0.02080503,0.5475339,0.036322687,-0.02953881,0.7486397,0.07232235,-0.032223053,0.011360324,0.30659446,-0.008044123,0.21676734,0.18188554,-0.02712113,0.42196766,0.16176994,-0.035218768,0.62680286,0.1590101,-0.038627557,key_3
319,0.0,1.0,3.3973657e-07,0.35458615,0.84036547,-0.011344909,0.59175915,0.54361945,-0.014220237,0.7636256,0.30362484,-0.01896413,0.9468574,0.12230006,-0.022733841,0.52029914,0.33574906,0.009251024,0.6791581,0.14326333,-0.0064398795,0.84799767,0.07683983,-0.020527499,1.0,0.0376167,-0.030027887,0.37023818,0.27786037,0.006308536,0.5273063,0.038583495,-0.011264639,0.71399015,0.0,-0.024061112,0.89219636,0.0017681126,-0.03110442,0.19860974,0.2727925,-0.00078440603,0.35019228,0.03603737,-0.021548638,0.5624883,0.03585048,-0.030068481,0.76637954,0.07814218,-0.0325921,0.013786308,0.30883616,-0.009370889,0.2233817,0.18387364,-0.027855206,0.43252897,0.1642375,-0.035936717,0.63744247,0.16445926,-0.039402124,key_3
320,0.0,1.0,3.3034988e-07,0.35343692,0.84978557,-0.011956362,0.5989135,0.549037,-0.014590305,0.77156824,0.30232897,-0.018883657,0.95062083,0.11588948,-0.022237176,0.52957046,0.34876385,0.0077550253,0.686842,0.14729829,-0.00796486,0.85010034,0.07534318,-0.021616286,1.0,0.033982676,-0.030697607,0.38226455,0.28880042,0.0052069784,0.53863186,0.039714992,-0.012456586,0.7232476,0.0,-0.025082478,0.90162575,0.0040529817,-0.03194332,0.21320173,0.28200972,-0.0014239,0.3589273,0.037658058,-0.022387305,0.5667655,0.045287896,-0.030636407,0.76796645,0.09771153,-0.03284482,0.033935484,0.31490147,-0.009555011,0.23748712,0.1850866,-0.027662065,0.4424853,0.16655493,-0.03522904,0.6436298,0.17082103,-0.03838789,key_3
321,0.0,1.0,3.4878914e-07,0.35461828,0.84618014,-0.012186606,0.6014616,0.55514437,-0.01540192,0.7785237,0.3153103,-0.020207657,0.959026,0.13045393,-0.023941837,0.52016723,0.34664124,0.008071182,0.6815462,0.14996254,-0.0077502932,0.8471452,0.07805592,-0.021845888,1.0,0.03447747,-0.0313285,0.37156796,0.28569585,0.0054890113,0.5385868,0.042108487,-0.01200876,0.7285031,0.0006050928,-0.024889542,0.9128805,0.0,-0.03219841,0.19875264,0.2765749,-0.001246001,0.3639231,0.03722529,-0.022402747,0.5780261,0.04330123,-0.030991796,0.78138894,0.09187385,-0.033565495,0.018169597,0.31020853,-0.0094909305,0.24336435,0.1870674,-0.027977992,0.45842192,0.17218599,-0.035838053,0.666689,0.17711838,-0.039266035,key_3
322,0.0,1.0,3.5418418e-07,0.36439085,0.8501078,-0.012819809,0.61433965,0.55917853,-0.016475694,0.7925519,0.31629685,-0.021740718,0.9725582,0.124273464,-0.025936022,0.51541305,0.34225675,0.007786132,0.67107093,0.13984273,-0.008509532,0.8429499,0.07090103,-0.022890387,1.0,0.034920607,-0.03241271,0.36344162,0.28521305,0.0053528724,0.5299597,0.036853917,-0.01310444,0.7317709,0.0,-0.026622443,0.9221938,0.009007695,-0.033963364,0.18861973,0.27885816,-0.0012581963,0.35187152,0.03341492,-0.022981556,0.58106345,0.04612179,-0.031720996,0.7948814,0.10494206,-0.034006316,0.0054889373,0.3145872,-0.00941264,0.23236303,0.18422593,-0.02817719,0.45502093,0.16717112,-0.036072005,0.6676575,0.1748586,-0.039249733,key_3
323,0.061049283,1.0,3.7059115e-07,0.40005398,0.8414223,-0.014170316,0.6347221,0.5469068,-0.019601133,0.8144536,0.30845425,-0.026458345,1.0,0.118944936,-0.03238944,0.5032621,0.29995695,0.0040937895,0.63152206,0.090102896,-0.015400153,0.81713057,0.04429235,-0.03185886,0.98615575,0.041433323,-0.04206779,0.35367206,0.2633757,0.0017213172,0.49389613,0.013159162,-0.019471966,0.70523804,0.0,-0.03450425,0.8958054,0.038165603,-0.04243403,0.18175836,0.27414078,-0.0048688045,0.32329684,0.035819672,-0.028408324,0.5496596,0.06537409,-0.037568662,0.753325,0.14229198,-0.039669678,0.0,0.32501218,-0.013094038,0.20243615,0.18714643,-0.033187225,0.41660404,0.17718986,-0.04141259,0.6160044,0.19501898,-0.0443367,key_3
324,0.097814605,1.0,3.3705933e-07,0.4055497,0.8226877,-0.012453811,0.622983,0.5330261,-0.018714566,0.8037915,0.31225932,-0.026509937,0.99777335,0.14942686,-0.03350157,0.5130757,0.27505058,-0.0002570775,0.64862746,0.05654393,-0.021149699,0.8341193,0.028269991,-0.03803372,1.0,0.04292777,-0.048315495,0.35974622,0.24292383,-0.0039077853,0.5271155,0.0,-0.02625979,0.7341867,0.0049597207,-0.040622376,0.91518253,0.050014604,-0.047740053,0.18480662,0.2601496,-0.011289053,0.3569373,0.03719915,-0.035121497,0.579129,0.075201295,-0.043373384,0.7791402,0.14676532,-0.045025215,0.0,0.3266953,-0.020189837,0.22071023,0.21927182,-0.04113606,0.42849323,0.23337086,-0.049137264,0.61959225,0.2575307,-0.051676948,key_3
325,0.08041058,1.0,2.9798443e-07,0.3810759,0.82010967,-0.010835802,0.6029333,0.53281397,-0.016542709,0.79075,0.31301758,-0.024338704,1.0,0.15570447,-0.031300113,0.48950902,0.28797346,0.002832441,0.62509686,0.07873095,-0.016865904,0.801982,0.045799352,-0.03306048,0.96194047,0.05218439,-0.043224044,0.34175333,0.25181323,-0.001797522,0.5029275,0.0018081252,-0.023661662,0.70557404,0.0,-0.037847344,0.8858575,0.041359026,-0.044790044,0.17371291,0.26382712,-0.010145908,0.34046206,0.03174287,-0.033562407,0.5624841,0.060523663,-0.041926224,0.7668864,0.1235715,-0.043651044,0.0,0.32693478,-0.01990014,0.22002208,0.22102483,-0.04016372,0.43174902,0.22359577,-0.048381917,0.62870663,0.23716365,-0.05130559,key_3
326,0.053433906,1.0,3.2684028e-07,0.3690489,0.82864696,-0.011534135,0.5958179,0.53882617,-0.01730294,0.7885083,0.31852353,-0.025003264,1.0,0.15707871,-0.03201353,0.4875176,0.28676656,0.0027022646,0.63189375,0.09291642,-0.016546464,0.8158874,0.055803902,-0.03300135,0.98161787,0.049589526,-0.043697078,0.3376262,0.25047827,-0.001522898,0.4977978,0.00493435,-0.023068134,0.7022295,0.0,-0.03766707,0.8863501,0.03246271,-0.045200307,0.17030299,0.26724786,-0.00945719,0.3270441,0.029183429,-0.03319881,0.54630286,0.063325234,-0.041954227,0.7503529,0.13199838,-0.04397459,0.0,0.33502263,-0.018757505,0.21811981,0.2156303,-0.039266724,0.42978477,0.21883088,-0.047381382,0.626651,0.23713936,-0.05029627,key_3
327,0.06823155,1.0,3.6066106e-07,0.3899948,0.8432913,-0.013351498,0.6204214,0.54887354,-0.018942242,0.8063255,0.31746975,-0.025997646,1.0,0.141824,-0.032202467,0.4983359,0.2994354,0.001322818,0.63601995,0.08124947,-0.019070022,0.8275007,0.03873428,-0.03577647,0.9951966,0.041465044,-0.045921236,0.3478008,0.26603132,-0.00170151,0.51327264,0.007984686,-0.023618642,0.7287741,0.0,-0.038249414,0.9126334,0.041044787,-0.045451652,0.17891847,0.27994904,-0.008642869,0.34295225,0.038724195,-0.0323729,0.57152575,0.06656104,-0.04062972,0.77337664,0.13865644,-0.041953277,0.0,0.33642852,-0.017134706,0.22628748,0.2021393,-0.037472837,0.44166526,0.19759656,-0.044931196,0.6354243,0.21686625,-0.047063943,key_3
328,0.09321028,1.0,3.8445853e-07,0.40904763,0.8841877,-0.014492047,0.6462738,0.64358795,-0.01860437,0.817277,0.45213678,-0.02309052,1.0,0.31633666,-0.027056057,0.54774153,0.39555869,0.0011334023,0.71478385,0.23733395,-0.0136559075,0.8565932,0.16674966,-0.027040655,0.9953954,0.113874234,-0.036380664,0.38751185,0.3461631,-0.0004998357,0.5460845,0.15316391,-0.014885063,0.6917952,0.069108136,-0.026109917,0.84861463,0.0,-0.03379664,0.2044947,0.35116768,-0.006026914,0.3282283,0.14312789,-0.02475163,0.45538163,0.11141638,-0.031942192,0.5942628,0.10798922,-0.03484496,0.0,0.400257,-0.013206424,0.1430102,0.25242516,-0.030854348,0.2868486,0.19022152,-0.037728075,0.43862236,0.14903666,-0.041072465,key_3
329,0.10090035,1.0,4.4828042e-07,0.4140999,0.9059828,-0.018661808,0.65557647,0.72488374,-0.02575615,0.8263596,0.57099706,-0.033198617,1.0,0.43828812,-0.04048994,0.5099309,0.43198723,-0.0013452139,0.6634617,0.25225478,-0.01799196,0.7881109,0.15888457,-0.033272136,0.91866547,0.090735905,-0.04377668,0.354204,0.39222142,-0.0033049085,0.4678144,0.18753868,-0.019591333,0.5816692,0.07548496,-0.035216197,0.7225784,0.0,-0.046123575,0.18583882,0.40246156,-0.009631575,0.26809153,0.1949118,-0.02876864,0.3727796,0.09706515,-0.042032164,0.5122191,0.044354647,-0.049627062,0.0,0.44916826,-0.017991303,0.057552762,0.2750792,-0.03652865,0.15152593,0.17580967,-0.046917822,0.28288564,0.10847269,-0.05282555,key_3
330,0.120938346,1.0,4.3916864e-07,0.42223927,0.90089387,-0.018829802,0.6626238,0.73296237,-0.026800593,0.8315577,0.58171165,-0.035149906,1.0,0.44945267,-0.04325043,0.503495,0.43045887,-0.0027482854,0.65882164,0.25257272,-0.020623406,0.7842239,0.17442125,-0.036534388,0.92098194,0.122391045,-0.047043394,0.3511084,0.38659194,-0.004804342,0.46993724,0.17715684,-0.02030247,0.59207773,0.07117659,-0.034334857,0.7417112,0.0,-0.044252824,0.18541297,0.3963896,-0.011357436,0.25905636,0.18469156,-0.029391568,0.36875752,0.09360868,-0.0407285,0.5157225,0.04405283,-0.047244087,0.0,0.44430825,-0.020098297,0.037745304,0.2686658,-0.037251886,0.12910181,0.17183371,-0.045884833,0.25903672,0.10919086,-0.050654985,key_3
331,0.13947487,1.0,4.458493e-07,0.42797133,0.906402,-0.017825618,0.6604094,0.7539283,-0.026838742,0.83156854,0.631555,-0.03665268,1.0,0.52588916,-0.0465474,0.502749,0.43963397,-0.005499967,0.6434714,0.26134235,-0.024502689,0.7564043,0.17851107,-0.041177697,0.8875767,0.1174078,-0.052538197,0.3447503,0.40196887,-0.00940929,0.44270486,0.19269384,-0.026799388,0.54922545,0.082330495,-0.04217903,0.68799496,0.0,-0.05302561,0.17912923,0.4182877,-0.017494619,0.24080928,0.2109507,-0.03725566,0.3494885,0.113170676,-0.049787458,0.49726894,0.047941584,-0.057025842,0.0,0.47370306,-0.027578762,0.019562602,0.30061173,-0.046019647,0.092289105,0.20078194,-0.055207483,0.20834918,0.12723613,-0.06039986,key_3
332,0.12652971,1.0,5.3916597e-07,0.40788493,0.93388987,-0.019586148,0.63578886,0.8192794,-0.031505924,0.8224262,0.7327894,-0.04351505,1.0,0.6750034,-0.055977017,0.50584406,0.49470872,-0.014189332,0.6593616,0.31585544,-0.033411346,0.77015114,0.21761072,-0.04977064,0.8829504,0.13496998,-0.060985163,0.34895095,0.45170072,-0.018122975,0.45637622,0.24282767,-0.034907535,0.55458474,0.11094656,-0.04988395,0.65747243,0.0,-0.060592365,0.18081307,0.46477568,-0.025590286,0.24439235,0.26107654,-0.043628976,0.3340379,0.13981898,-0.05640143,0.44276124,0.038761597,-0.06434629,0.0,0.5204007,-0.03497413,0.0018700147,0.3514992,-0.05144877,0.03083927,0.23695427,-0.05949111,0.08949997,0.12873374,-0.064289026,key_3
333,0.13441135,1.0,5.611217e-07,0.4000928,0.94763166,-0.020803291,0.6295741,0.8680617,-0.03620456,0.8228762,0.8181906,-0.051389962,1.0,0.793889,-0.06720817,0.51894957,0.5324899,-0.025041845,0.682754,0.3543573,-0.047229454,0.795387,0.25311327,-0.06451659,0.89811754,0.16681546,-0.076177955,0.3627159,0.48184168,-0.0301211,0.47314262,0.258974,-0.048457727,0.5670847,0.11912426,-0.06272509,0.6507539,0.0,-0.07305873,0.19287054,0.4912913,-0.038168214,0.24416777,0.2736869,-0.056408387,0.31486258,0.13389952,-0.068855904,0.39344376,0.015064153,-0.07690849,0.017042227,0.54707557,-0.048139486,0.0,0.37039033,-0.06510775,0.005718641,0.24656878,-0.07265563,0.028449776,0.125695,-0.0770242,key_3
334,0.11547278,1.0,5.7939116e-07,0.36837628,0.9779657,-0.023058085,0.6088211,0.9316085,-0.043480832,0.8130796,0.9316386,-0.06375687,1.0,0.952429,-0.08549689,0.5527074,0.5944715,-0.037155114,0.73667824,0.42181227,-0.06407857,0.8647675,0.32328722,-0.08383621,0.9790299,0.24033597,-0.09706514,0.40094084,0.5271183,-0.043535404,0.52475214,0.29304367,-0.065973744,0.6238383,0.14603336,-0.082401246,0.70210785,0.021209877,-0.09404702,0.22998239,0.5278064,-0.0523602,0.28460193,0.29137135,-0.07367524,0.33749458,0.13417107,-0.08876958,0.390837,0.0,-0.09854134,0.052870676,0.58001035,-0.06295761,0.013901369,0.3927049,-0.08253418,0.0,0.26539198,-0.091395065,0.002102091,0.14483874,-0.09650743,key_3
335,0.07974067,0.9905556,5.666128e-07,0.3416501,0.97536474,-0.023248645,0.5804604,0.94224995,-0.044800375,0.7947191,0.96423775,-0.06633989,0.98347265,1.0,-0.08960519,0.5434558,0.60022956,-0.0410811,0.75072646,0.43395603,-0.0687026,0.88525575,0.33286625,-0.08800009,1.0,0.24679801,-0.10101211,0.4076517,0.5333621,-0.04811747,0.543188,0.29197717,-0.071230866,0.6379556,0.14131948,-0.08777637,0.7075726,0.013314031,-0.0999746,0.24863867,0.5331397,-0.057387386,0.30336463,0.2921001,-0.079231955,0.34678218,0.13425796,-0.09477836,0.39075136,0.0,-0.10533729,0.080608346,0.58586526,-0.0683958,0.025942506,0.39202356,-0.08832909,0.0037789973,0.2611461,-0.09785788,0.0,0.1394321,-0.103865534,key_3
336,0.055653073,0.98288137,5.3283316e-07,0.33039474,0.9689788,-0.022392714,0.5830054,0.9398449,-0.042133745,0.79932964,0.96540976,-0.06192797,0.97964376,1.0,-0.083087385,0.5555695,0.58754724,-0.036651257,0.7673426,0.42055854,-0.061588127,0.8945894,0.31378067,-0.079423316,1.0,0.21714555,-0.09193494,0.41188678,0.52453154,-0.043829676,0.55190545,0.28316578,-0.06554858,0.6485996,0.13424097,-0.08126038,0.71895254,0.0058097816,-0.09262725,0.24706359,0.52639586,-0.053281024,0.2957422,0.29248118,-0.07406603,0.34763494,0.13583365,-0.08891909,0.40152204,0.0,-0.09888463,0.07529675,0.5789418,-0.06467024,0.024191102,0.38727325,-0.08439213,0.003342548,0.25712833,-0.093733914,0.0,0.1336479,-0.09938086,key_3
337,0.08741638,0.99354285,5.177705e-07,0.35651466,0.97649467,-0.023298262,0.6095745,0.94645196,-0.042681854,0.8274812,0.96964884,-0.062065605,1.0,1.0,-0.0827699,0.56821936,0.585241,-0.03557272,0.76817775,0.4129671,-0.05971724,0.8848594,0.3014741,-0.077201515,0.9790137,0.20293604,-0.08959339,0.4203199,0.5248076,-0.042116728,0.54757375,0.28246036,-0.06341431,0.630668,0.12748475,-0.07955231,0.6874256,0.0002698625,-0.091196015,0.25720143,0.529256,-0.05096952,0.30175608,0.28871307,-0.07117499,0.341488,0.13226447,-0.08578965,0.38434562,0.0,-0.095689,0.09271569,0.5864277,-0.06189981,0.031118149,0.40224043,-0.08141036,0.0047521917,0.27230036,-0.09100169,0.0,0.15068638,-0.09670454,key_3
338,0.1326168,1.0,5.226042e-07,0.39166704,0.97906476,-0.025531085,0.62521976,0.9447302,-0.045928422,0.8314499,0.9638135,-0.06614355,1.0,0.9951642,-0.08786632,0.5824018,0.58469117,-0.037954986,0.7636259,0.40780306,-0.063010745,0.8708687,0.29647353,-0.08149877,0.9601683,0.19295049,-0.09494148,0.4347336,0.5248882,-0.04421777,0.539555,0.28007483,-0.0663407,0.61109173,0.12817091,-0.08341483,0.663881,0.0,-0.09620008,0.2724811,0.5317958,-0.053053964,0.30300197,0.29161358,-0.074584305,0.33283746,0.13686366,-0.090362765,0.3668572,0.0012212499,-0.10134567,0.10780856,0.5905093,-0.06410335,0.047033414,0.40388858,-0.08484703,0.014389519,0.27867836,-0.09525405,0.0,0.1571133,-0.10180837,key_3
339,0.1709793,1.0,5.195682e-07,0.41669995,0.97879094,-0.027741207,0.63783526,0.9412875,-0.04885263,0.83639073,0.9638618,-0.069578834,1.0,0.99849254,-0.09186103,0.58410335,0.58160514,-0.039583057,0.7455494,0.39869317,-0.0650281,0.84373313,0.28688183,-0.084059164,0.9267677,0.18344967,-0.09796357,0.4389288,0.5230932,-0.04490665,0.5217745,0.2778875,-0.066980526,0.5785018,0.12715441,-0.08433358,0.62053496,0.0,-0.097625054,0.28164572,0.5316335,-0.053046566,0.30599642,0.29525864,-0.07469037,0.32452163,0.14273241,-0.09083134,0.34664723,0.007998709,-0.10225579,0.12141082,0.59183913,-0.06365582,0.060748693,0.41110775,-0.084808014,0.022672655,0.28961337,-0.095527425,0.0,0.1710817,-0.102395296,key_3
340,0.20616417,1.0,5.220544e-07,0.43768317,0.97826886,-0.030170774,0.6499795,0.9317819,-0.05257833,0.84016204,0.9515851,-0.07419586,1.0,0.9853306,-0.09746446,0.59464186,0.57919824,-0.043156568,0.7420182,0.39240938,-0.07008514,0.8337143,0.27636248,-0.09000768,0.91329616,0.16985556,-0.10464295,0.4486212,0.52221465,-0.04788058,0.5240253,0.27742285,-0.07152759,0.57070893,0.12689525,-0.08970617,0.6054946,0.0,-0.103439726,0.29186952,0.5346077,-0.05548862,0.30950415,0.29817474,-0.07883947,0.32264668,0.14728802,-0.09555235,0.34160045,0.014459306,-0.107131615,0.13402255,0.59976894,-0.06570844,0.06309538,0.4233131,-0.08846076,0.021809187,0.30374432,-0.09974092,0.0,0.18748806,-0.1068833,key_3
341,0.24005228,1.0,5.914515e-07,0.46344435,0.9741444,-0.030390274,0.6626857,0.9297223,-0.05365894,0.8446233,0.94811285,-0.07615968,1.0,0.9786832,-0.10028549,0.5976818,0.58168274,-0.04539469,0.7498722,0.3972855,-0.07309659,0.84004647,0.27966416,-0.093193114,0.91426617,0.16955884,-0.107763015,0.45340437,0.52812874,-0.050224587,0.5302085,0.28733113,-0.07444958,0.58301795,0.13318405,-0.09259232,0.6212648,0.0,-0.10621188,0.30092922,0.5426094,-0.057837334,0.30920714,0.3120609,-0.08140537,0.32366344,0.16140175,-0.098223366,0.3428315,0.025984326,-0.109804116,0.15095375,0.60966855,-0.06804741,0.073626295,0.43841913,-0.090944625,0.027567377,0.3214845,-0.102081604,0.0,0.20536877,-0.108980395,key_3
342,0.2589992,1.0,6.3851724e-07,0.4753144,0.97400385,-0.031775154,0.66684115,0.93440425,-0.056789473,0.84422183,0.9589583,-0.08083141,1.0,0.9941635,-0.10672376,0.60158753,0.5903557,-0.05010303,0.7539301,0.40770322,-0.07931899,0.8448843,0.2887885,-0.100125186,0.9177857,0.1776914,-0.115125656,0.45986593,0.53343797,-0.054893024,0.5361113,0.29060438,-0.080311224,0.584408,0.1346881,-0.09894072,0.6164219,0.0,-0.112894885,0.30846518,0.54621863,-0.062334012,0.31104025,0.313634,-0.08708052,0.32060176,0.16067363,-0.10475484,0.33435544,0.022466766,-0.11697673,0.15838932,0.61243767,-0.072319105,0.07825865,0.4425122,-0.09609628,0.03005007,0.32813913,-0.10759118,0.0,0.21296252,-0.11479213,key_3
343,0.30134475,0.98702896,6.1564435e-07,0.5046738,0.96557075,-0.032492425,0.6861767,0.9294636,-0.058045145,0.8506531,0.9615043,-0.082656324,1.0,1.0,-0.109411165,0.62388396,0.5925428,-0.05315024,0.7636391,0.40618452,-0.08284968,0.8472693,0.28207853,-0.103728995,0.9143618,0.16890343,-0.11889597,0.48449755,0.53511924,-0.05809249,0.55172557,0.2877606,-0.08356947,0.5938708,0.13146411,-0.10192748,0.621739,0.0,-0.11600532,0.33555427,0.5478144,-0.065593526,0.33731383,0.31079513,-0.09070873,0.34217843,0.16040535,-0.10847431,0.35306782,0.026794342,-0.12104575,0.18665566,0.61507124,-0.07565561,0.097688,0.4471471,-0.10031843,0.039050944,0.33609906,-0.11202458,0.0,0.22569114,-0.1194947,key_3
344,0.31106758,0.98869264,6.20277e-07,0.5116042,0.96278554,-0.031860918,0.68778515,0.9273889,-0.05776324,0.85079795,0.9605077,-0.08295913,1.0,1.0,-0.11019917,0.62395585,0.5962745,-0.052836563,0.7651377,0.4084979,-0.08237594,0.8453594,0.28276953,-0.10291084,0.9074967,0.1681055,-0.11791574,0.48551512,0.53996867,-0.058050975,0.55403674,0.2910754,-0.08364759,0.59593034,0.13179289,-0.101816155,0.6209907,0.0,-0.115601964,0.33875522,0.5542469,-0.065735474,0.33294317,0.31564805,-0.090809636,0.33395588,0.16282904,-0.10889707,0.3406962,0.028759785,-0.121706456,0.19599487,0.6233402,-0.07591493,0.10196786,0.4636185,-0.10054052,0.04128395,0.35342532,-0.112626806,0.0,0.24481222,-0.12040403,key_3
345,0.33923653,0.9811037,6.522272e-07,0.5270665,0.956412,-0.03131038,0.6954464,0.9239129,-0.05708422,0.8548817,0.96037257,-0.082024425,1.0,1.0,-0.109344,0.6259108,0.6040873,-0.055382494,0.7630651,0.412533,-0.084197566,0.84081066,0.28342995,-0.10369807,0.8993266,0.16554567,-0.11792668,0.49578086,0.5493073,-0.060723905,0.5656135,0.29983583,-0.08517378,0.6069292,0.1362105,-0.10222662,0.62909555,0.0,-0.11538436,0.35502523,0.5636642,-0.06825689,0.34572828,0.32344744,-0.092555024,0.34488022,0.16675217,-0.11077626,0.3486712,0.029221512,-0.12392018,0.21767169,0.6322936,-0.07810219,0.1157947,0.4754415,-0.10247003,0.048677195,0.3693372,-0.114633255,0.0,0.2637453,-0.122614905,key_3
346,0.37028214,0.962402,6.478858e-07,0.54569846,0.9429315,-0.03204228,0.70360523,0.9142537,-0.058344163,0.8583145,0.9567881,-0.083769046,1.0,1.0,-0.111505955,0.63380265,0.6011085,-0.05630859,0.76258546,0.41454554,-0.08507249,0.83579993,0.2888299,-0.104257785,0.8910085,0.17353773,-0.118358284,0.5077564,0.545577,-0.061436914,0.5800795,0.30051368,-0.08620963,0.62069917,0.13796423,-0.102848396,0.64207405,0.0,-0.11585016,0.3702496,0.5593375,-0.068886735,0.3492635,0.32835025,-0.093247496,0.34045568,0.17525922,-0.111231394,0.33930373,0.04050886,-0.12436941,0.23605533,0.6273558,-0.07883604,0.12417353,0.47484455,-0.10246122,0.051531617,0.37217638,-0.11438149,0.0,0.26943097,-0.122656725,key_3
347,0.3705078,0.9607847,6.483907e-07,0.5476808,0.94171983,-0.034483798,0.70748365,0.91420627,-0.06248198,0.8601518,0.95816535,-0.08941781,1.0,1.0,-0.11871929,0.633495,0.60014695,-0.060742702,0.7633509,0.41352195,-0.092175916,0.8371813,0.2882585,-0.11309762,0.8948219,0.172618,-0.12830837,0.5070374,0.54605955,-0.06526987,0.581331,0.30560243,-0.093185574,0.62597096,0.14264838,-0.11204391,0.65182745,0.0,-0.12663236,0.3682115,0.55976164,-0.07226826,0.34427133,0.33117527,-0.099393845,0.33558047,0.1782578,-0.11928117,0.33589932,0.03996519,-0.1335583,0.234498,0.6268916,-0.08192325,0.12489192,0.47396293,-0.107667804,0.0516919,0.37128675,-0.12118299,0.0,0.26769906,-0.13062724,key_3
348,0.39096323,0.96249396,6.5371165e-07,0.5651931,0.94152945,-0.034267455,0.7159926,0.91468203,-0.06254158,0.8627988,0.95789444,-0.08970157,1.0,1.0,-0.1192163,0.6427375,0.5995861,-0.061591063,0.7670077,0.4131627,-0.092936665,0.8401158,0.28711957,-0.1136378,0.8982778,0.17181598,-0.12880057,0.5162903,0.5421796,-0.06631993,0.58506095,0.30020708,-0.093983814,0.6270922,0.13860428,-0.11222645,0.65206623,0.0,-0.12633032,0.3795182,0.55559087,-0.07341998,0.35099265,0.3249788,-0.10034985,0.34118292,0.17238489,-0.120091856,0.34067792,0.03642059,-0.13429642,0.25002044,0.6253508,-0.08312732,0.13277987,0.4741302,-0.10904362,0.055852793,0.37209007,-0.12281642,0.0,0.2694039,-0.13233905,key_3
349,0.3821573,1.0,6.389125e-07,0.55917084,0.95165414,-0.030342199,0.71417177,0.90191287,-0.054215565,0.86114997,0.9157433,-0.078002505,1.0,0.9492768,-0.10346549,0.64555115,0.5664667,-0.04632463,0.773328,0.38133392,-0.07310734,0.8434288,0.26342574,-0.091287166,0.89990914,0.15038055,-0.104988776,0.5162708,0.52299255,-0.051957767,0.5733235,0.28759873,-0.0745795,0.6171943,0.1338129,-0.090662345,0.6482014,0.0,-0.10331791,0.3806746,0.5568516,-0.06053082,0.35135144,0.37253678,-0.08334801,0.35342917,0.24724515,-0.10181147,0.3617199,0.12722006,-0.11533728,0.25564328,0.6451122,-0.07186113,0.14208852,0.5455431,-0.09471775,0.063990854,0.46992743,-0.10740429,0.0,0.3876805,-0.11625275,key_3
350,0.18057369,1.0,6.606335e-07,0.42666683,0.9333821,-0.024017513,0.6345021,0.8584199,-0.04156718,0.82340914,0.8345275,-0.059630416,1.0,0.85794854,-0.07885744,0.54510534,0.5155998,-0.027088122,0.7107417,0.33179092,-0.04740457,0.80034876,0.21649122,-0.06328264,0.88148266,0.110938296,-0.07502298,0.3665223,0.49019524,-0.0323652,0.41450262,0.26476476,-0.04920352,0.45114258,0.11930817,-0.06459197,0.49312544,0.0,-0.07643535,0.19025289,0.5361846,-0.04022631,0.15778108,0.37670016,-0.0594554,0.2031494,0.2876611,-0.07329853,0.26550755,0.21905793,-0.08224516,0.0212936,0.6247313,-0.050597478,0.0,0.5351053,-0.06793359,0.047139958,0.5069974,-0.07375682,0.111727074,0.4919287,-0.076671004,key_3
351,0.17274441,1.0,5.7609356e-07,0.4339901,0.9135934,-0.019883588,0.62933373,0.79088,-0.033265002,0.8076362,0.7242433,-0.047456156,1.0,0.70464814,-0.062142942,0.5484993,0.48740274,-0.022059375,0.71067715,0.2970466,-0.04189838,0.7943455,0.1735266,-0.056771632,0.87290967,0.06751435,-0.067599736,0.357725,0.47550958,-0.028049069,0.38092265,0.25131637,-0.048224475,0.4329975,0.10787824,-0.063837275,0.50347185,0.0,-0.07482333,0.17180024,0.52842367,-0.03661373,0.14031962,0.35264766,-0.062866725,0.24917157,0.29478198,-0.07759809,0.37359226,0.27008447,-0.08473632,0.0,0.61972576,-0.046816114,0.044664726,0.5166943,-0.072374605,0.15570554,0.4954528,-0.08258302,0.28015032,0.49480012,-0.08688891,key_3
352,0.17139228,1.0,5.443347e-07,0.43758774,0.9030645,-0.01931223,0.63792205,0.7585053,-0.03140551,0.8052595,0.65888035,-0.04394755,1.0,0.60494286,-0.056171075,0.5365639,0.46505883,-0.01805431,0.6910646,0.26652095,-0.03675201,0.7816443,0.13951781,-0.05100306,0.86859816,0.03282954,-0.06139364,0.34499303,0.45169035,-0.023395665,0.35569197,0.2166876,-0.043610025,0.45083302,0.090084404,-0.0578439,0.56676805,0.0,-0.06719154,0.16337112,0.5018966,-0.03154445,0.1551936,0.31664658,-0.058046624,0.30561236,0.26821786,-0.07092864,0.46341994,0.25241476,-0.07638528,0.0,0.5898503,-0.041315872,0.0658334,0.47371033,-0.0669882,0.19787009,0.45223844,-0.0765719,0.33573243,0.4516014,-0.080176294,key_3
353,0.15792331,1.0,4.878605e-07,0.42564094,0.8864615,-0.014457408,0.6289378,0.69754815,-0.023307187,0.8035919,0.57267797,-0.033787712,1.0,0.5082991,-0.04410922,0.5027887,0.42943388,-0.01238437,0.6366962,0.2261813,-0.030690305,0.7362867,0.10383715,-0.0449717,0.835641,0.0,-0.055548113,0.3273622,0.41497856,-0.019008743,0.34512383,0.17061889,-0.04084283,0.47530138,0.07054855,-0.054493327,0.6224154,0.0029286903,-0.06267406,0.15871274,0.4568197,-0.028237917,0.17212589,0.25583926,-0.055297647,0.35313964,0.23266774,-0.06525622,0.5335736,0.23851967,-0.068237886,0.0,0.53387046,-0.038925838,0.09613525,0.40190518,-0.064517476,0.25050214,0.3820519,-0.073178686,0.4053642,0.3848526,-0.07605723,key_3
354,0.15666857,1.0,4.6697778e-07,0.4184896,0.8904274,-0.016192114,0.62753034,0.70294565,-0.026979007,0.8023399,0.5743342,-0.038731024,1.0,0.49502188,-0.050519977,0.50701404,0.40154648,-0.014828354,0.63244987,0.21157935,-0.035174374,0.7322682,0.09751824,-0.05120206,0.8348814,0.0,-0.06251406,0.33379057,0.3904796,-0.02111177,0.3826586,0.15566589,-0.0441653,0.5084608,0.07010025,-0.058703292,0.6517476,0.0123126665,-0.06696246,0.1634381,0.43635812,-0.03016021,0.18498519,0.23730811,-0.056900356,0.352569,0.20528999,-0.06638312,0.5318324,0.1998615,-0.06899513,0.0,0.5191487,-0.040804803,0.08305707,0.3674256,-0.06446363,0.21934377,0.32453415,-0.071778215,0.36693546,0.30420592,-0.07390456,key_3
355,0.15412422,1.0,4.314824e-07,0.423709,0.88671845,-0.015622564,0.63460267,0.700487,-0.024215825,0.8152811,0.5734411,-0.034132242,1.0,0.49344528,-0.044743218,0.49270836,0.40656596,-0.009048232,0.6208691,0.21997349,-0.027704936,0.70885366,0.109226815,-0.0433766,0.8096308,0.01226101,-0.054588936,0.33532733,0.39266396,-0.015074396,0.41527143,0.18786795,-0.034831725,0.517818,0.084212616,-0.049844757,0.6489099,0.0,-0.0600412,0.17252883,0.4303564,-0.02455069,0.21294981,0.2382434,-0.047266815,0.30792856,0.17261581,-0.058186717,0.4335284,0.13429466,-0.06363959,0.0,0.5014173,-0.035902686,0.026436336,0.33111778,-0.056204226,0.111396685,0.24013889,-0.0648056,0.23231874,0.17593126,-0.0694469,key_3
356,0.19232029,1.0,4.837526e-07,0.45011017,0.9011538,-0.02137864,0.6539977,0.7432049,-0.032930415,0.827495,0.6211218,-0.044131387,1.0,0.547281,-0.05568692,0.5042875,0.46328813,-0.016973287,0.6247143,0.2654652,-0.035626985,0.6968918,0.14276853,-0.0510075,0.77159864,0.036177475,-0.06207422,0.3465347,0.43247637,-0.020486012,0.41935524,0.22043693,-0.038192008,0.49697995,0.09860432,-0.052634865,0.58530307,0.0,-0.06292921,0.18458407,0.45052624,-0.027538016,0.22130366,0.24612747,-0.04652939,0.3087682,0.13410819,-0.05839347,0.41719866,0.045763675,-0.06575292,0.015686201,0.50533736,-0.03680913,0.0,0.33065474,-0.053361107,0.02391477,0.21283704,-0.061255734,0.07933322,0.10752824,-0.066244744,key_3
357,0.21331474,1.0,5.189776e-07,0.46279708,0.9141636,-0.019218009,0.6680932,0.77278304,-0.02926934,0.83650476,0.6698863,-0.038915604,1.0,0.62257373,-0.048990175,0.505287,0.50346017,-0.0149381,0.6108384,0.3161621,-0.030442495,0.6735865,0.19408749,-0.044219922,0.7290497,0.0889586,-0.05449148,0.34652162,0.47157976,-0.018433357,0.40461498,0.25461778,-0.031740706,0.45793855,0.11707452,-0.044320982,0.5064632,0.0,-0.053554315,0.19105384,0.48739338,-0.024834337,0.21023656,0.2797562,-0.03905519,0.24784566,0.1454996,-0.049906123,0.2941614,0.028897963,-0.057164896,0.03415012,0.54297644,-0.033273924,0.0,0.37675565,-0.0470526,0.00024084256,0.267808,-0.053207994,0.02069681,0.16418308,-0.05672255,key_3
358,0.2554899,1.0,5.037654e-07,0.49061075,0.91834575,-0.019400902,0.68585974,0.79046,-0.030271765,0.8447189,0.69772077,-0.041127272,1.0,0.6640931,-0.05225987,0.5334688,0.50888765,-0.014526715,0.6329016,0.32001248,-0.02995837,0.68464667,0.19982487,-0.043416493,0.72315055,0.096854545,-0.05344451,0.37999862,0.47716853,-0.018615196,0.43037647,0.25469673,-0.03227952,0.46353975,0.115827985,-0.044465277,0.48816767,0.0,-0.052960366,0.23025809,0.4941763,-0.025581662,0.2312962,0.28251177,-0.040143676,0.24159476,0.14592972,-0.05038613,0.2609725,0.027240593,-0.056909382,0.080214165,0.55479413,-0.03462882,0.024630064,0.39840844,-0.048349194,0.0030716367,0.29337162,-0.053484406,0.0,0.19099957,-0.055990417,key_3
359,0.31956524,1.0,4.973383e-07,0.53014624,0.91812116,-0.020966094,0.70596725,0.79999655,-0.033665165,0.8599457,0.72051597,-0.04652294,1.0,0.69597715,-0.059965678,0.5518684,0.5071815,-0.01992898,0.6394599,0.31296957,-0.03722134,0.6857292,0.19331057,-0.05156332,0.71785647,0.087615095,-0.062119685,0.4050496,0.48016575,-0.024056023,0.4369265,0.2533995,-0.038723033,0.45442435,0.113688745,-0.0510639,0.46113044,0.0,-0.059839997,0.2661887,0.50653625,-0.030947546,0.24495736,0.2982589,-0.04535682,0.23661733,0.16442132,-0.05569975,0.23589176,0.051322438,-0.06262291,0.13534546,0.57650787,-0.040145174,0.062790595,0.42923838,-0.053655997,0.023806134,0.3303156,-0.058886323,0.0,0.2361204,-0.061532203,key_3
360,0.39736798,1.0,5.5952455e-07,0.5793143,0.91783,-0.026904497,0.7323122,0.8060708,-0.043455325,0.87004703,0.7343401,-0.059282802,1.0,0.7104031,-0.07601466,0.56656307,0.5097732,-0.030869504,0.633178,0.30855954,-0.051512677,0.6701008,0.18429476,-0.06779558,0.6940885,0.07416583,-0.07970541,0.42856446,0.49010453,-0.034366652,0.43120924,0.25820023,-0.051666714,0.433972,0.11519549,-0.066183925,0.429773,0.0,-0.07704425,0.3022721,0.52868646,-0.040854584,0.26327172,0.3173954,-0.058388107,0.24357207,0.18087903,-0.07214824,0.23117304,0.06673259,-0.08172689,0.18944871,0.61335385,-0.04993294,0.09968358,0.47396773,-0.067145646,0.04321914,0.3793112,-0.07542231,0.0,0.28648695,-0.08034913,key_3
361,0.43616012,1.0,6.121529e-07,0.6000839,0.91066194,-0.030968033,0.74037,0.7960642,-0.051624622,0.8742787,0.7331934,-0.07133716,1.0,0.71288043,-0.092409514,0.5649116,0.5186517,-0.041866306,0.6081006,0.3079776,-0.06718759,0.63434696,0.17981178,-0.08552222,0.64988136,0.0658811,-0.09846616,0.43226904,0.5032764,-0.045118403,0.4102222,0.26545936,-0.06640959,0.39829874,0.117643885,-0.08211281,0.38191193,0.0,-0.09366038,0.31559753,0.55092674,-0.051457264,0.24388883,0.33968323,-0.07188659,0.20256655,0.2028198,-0.08655997,0.17229827,0.08908665,-0.09654131,0.21710747,0.6450049,-0.060650762,0.11753828,0.507098,-0.0791646,0.05266194,0.41815916,-0.087670974,0.0,0.33210015,-0.09284061,key_3
362,0.46075967,1.0,5.966198e-07,0.60996276,0.8999598,-0.034627546,0.7432128,0.77835244,-0.058265805,0.8754829,0.71233994,-0.080370344,1.0,0.68200904,-0.10452823,0.55116314,0.51396286,-0.05038923,0.5697226,0.29567608,-0.07874903,0.5806672,0.1644483,-0.09837155,0.58493525,0.04913553,-0.1125202,0.4230444,0.5137686,-0.054182775,0.3730438,0.2699387,-0.07917314,0.34609914,0.121651106,-0.098127626,0.3180111,0.0,-0.11198121,0.3189848,0.5802956,-0.060861442,0.22557357,0.3724341,-0.08557148,0.16687211,0.23826902,-0.10439735,0.12048885,0.11796146,-0.11746049,0.23767877,0.69281936,-0.070262015,0.124945566,0.5779442,-0.09307878,0.056714837,0.5080146,-0.10415495,0.0,0.438793,-0.11121347,key_3
363,0.5157396,1.0,5.621581e-07,0.6441358,0.87881845,-0.036437824,0.7642114,0.7465035,-0.063539445,0.88678503,0.65823174,-0.08887391,1.0,0.6033336,-0.115981214,0.55224586,0.507809,-0.05971285,0.5534354,0.275661,-0.09069483,0.5461914,0.13364941,-0.11225903,0.5370868,0.00902592,-0.12828846,0.42883265,0.5299893,-0.0635466,0.33404627,0.288003,-0.0924342,0.28728053,0.12990394,-0.113066554,0.24592654,0.0,-0.1287191,0.34200707,0.6144472,-0.06948855,0.22214209,0.43056768,-0.09489905,0.15811235,0.32572973,-0.10979923,0.10750789,0.23237509,-0.1206872,0.2904364,0.7403482,-0.07876612,0.15088223,0.6684543,-0.10161458,0.06789865,0.6133814,-0.11149497,0.0,0.559381,-0.11779105,key_3
364,0.54798234,1.0,4.1433614e-07,0.67432725,0.8618614,-0.035953544,0.78228533,0.7180541,-0.063109964,0.89692056,0.6093362,-0.08854103,1.0,0.531139,-0.117000446,0.5605298,0.5206246,-0.064550765,0.52341384,0.28336415,-0.095926635,0.502914,0.13584675,-0.11856685,0.48261666,0.0,-0.13570157,0.44121376,0.5731603,-0.06776332,0.31997263,0.37622216,-0.095308036,0.24666446,0.25720993,-0.115186095,0.17594543,0.15785341,-0.13159586,0.36504468,0.6753572,-0.07272684,0.22084048,0.5624704,-0.095870614,0.12489604,0.47895625,-0.11099971,0.039827153,0.40005612,-0.12381427,0.3278,0.81182957,-0.081212536,0.18367739,0.77820534,-0.1018683,0.08562951,0.7438204,-0.11199701,0.0,0.702107,-0.11997044,key_3
365,0.5405786,1.0,4.0899553e-07,0.6733093,0.85063124,-0.03692949,0.7713961,0.7027115,-0.06576313,0.9020813,0.6050255,-0.092291094,1.0,0.51530993,-0.1219852,0.50875324,0.5310614,-0.077297546,0.44035318,0.28803423,-0.11553552,0.41048357,0.13546164,-0.14087272,0.38842833,0.0,-0.15955843,0.39091873,0.6009938,-0.08295983,0.20970674,0.410386,-0.119638376,0.12815166,0.29049265,-0.14530435,0.06258588,0.18873137,-0.16490278,0.33274162,0.72720695,-0.08954896,0.16064425,0.6237957,-0.12325653,0.07305266,0.5461175,-0.1430078,0.0,0.46925804,-0.15764083,0.32673314,0.87660277,-0.098857746,0.1871198,0.8733363,-0.12867069,0.11199855,0.85848093,-0.14180951,0.04866776,0.8369961,-0.15081066,key_3
366,0.53704214,1.0,5.091555e-07,0.66969067,0.8554883,-0.036602616,0.7701988,0.70388526,-0.067142144,0.89308107,0.59560007,-0.09554771,1.0,0.50597197,-0.12758657,0.53725225,0.5222832,-0.07468701,0.4772863,0.29155323,-0.11151113,0.44887424,0.14173558,-0.13720159,0.42598492,0.0,-0.15608606,0.43325368,0.58707464,-0.079713926,0.28271022,0.41139475,-0.11252713,0.19710086,0.2835199,-0.1363983,0.11787118,0.16679157,-0.15559898,0.37381244,0.70374244,-0.08606539,0.21031226,0.6070107,-0.11482863,0.10256406,0.5276199,-0.13380113,0.0063640648,0.44767213,-0.14871362,0.3561467,0.85099745,-0.09542919,0.19645199,0.8342067,-0.1226933,0.09184409,0.81333596,-0.13608469,0.0,0.7829953,-0.1456448,key_3
367,0.51378757,1.0,5.0907136e-07,0.65931153,0.8494335,-0.03408675,0.7682747,0.69726247,-0.06275596,0.89757204,0.58587056,-0.0901431,1.0,0.49572158,-0.12089895,0.51268077,0.5050949,-0.07105216,0.44147897,0.2789761,-0.107791975,0.41139108,0.1343565,-0.13218336,0.39233184,0.0,-0.1498633,0.40299043,0.56459266,-0.07841683,0.23306929,0.3733533,-0.11188976,0.1550556,0.22856417,-0.13665769,0.09019598,0.096386574,-0.15604159,0.3414175,0.6813027,-0.08709138,0.16301508,0.57626754,-0.11847259,0.074019134,0.4988869,-0.13934322,0.0,0.41844988,-0.15480246,0.3303681,0.82767874,-0.09841704,0.16352631,0.81779605,-0.12819992,0.076254435,0.8045661,-0.14267369,0.0051760934,0.7885662,-0.1525671,key_3
368,0.5299209,1.0,5.29982e-07,0.6663178,0.8536759,-0.033400528,0.7758408,0.7019387,-0.060431413,0.89742804,0.59326583,-0.08618693,1.0,0.5086726,-0.114734605,0.5286306,0.503866,-0.06494103,0.46922037,0.27470407,-0.09912604,0.4412533,0.13104996,-0.12153037,0.42412353,0.0,-0.13786528,0.4150932,0.5574985,-0.07217099,0.25799495,0.34761536,-0.10350083,0.18398322,0.19535118,-0.12726474,0.121572115,0.06178671,-0.14560279,0.34859967,0.6723773,-0.08094546,0.18356974,0.5493323,-0.11119232,0.10046134,0.46059757,-0.13197066,0.030744627,0.37479374,-0.1469001,0.32961613,0.8191022,-0.09225122,0.16625065,0.80148745,-0.12115362,0.07697654,0.7817318,-0.13545276,0.0,0.7615301,-0.14495876,key_3
369,0.5386639,1.0,5.8463763e-07,0.67136836,0.8642682,-0.036310457,0.7772969,0.71746904,-0.06563689,0.89280903,0.62147015,-0.0927595,1.0,0.55239576,-0.12255215,0.5575172,0.5026511,-0.07009974,0.5284801,0.27849647,-0.10525515,0.51268995,0.13457072,-0.12901321,0.49887925,0.0,-0.14653498,0.44279006,0.5434321,-0.075814076,0.3155697,0.3250224,-0.10781745,0.25526246,0.16931227,-0.13095008,0.20130643,0.029896287,-0.1487922,0.3687466,0.64798254,-0.08305386,0.2236352,0.49889264,-0.1130984,0.13760751,0.39254475,-0.13364075,0.06393123,0.28878573,-0.14874344,0.33977932,0.7907194,-0.09298933,0.18082677,0.75254273,-0.122283034,0.08337149,0.7267257,-0.13654993,0.0,0.69409484,-0.1460629,key_3
370,0.53781784,1.0,5.530171e-07,0.6681752,0.8734748,-0.034808014,0.780279,0.7312421,-0.06116795,0.893545,0.64145744,-0.086082004,1.0,0.5870802,-0.11286445,0.57285595,0.4895955,-0.055130906,0.5684578,0.26350915,-0.084963284,0.5565969,0.12510073,-0.10570532,0.5412548,0.0029246106,-0.12084118,0.4530526,0.51133585,-0.05918364,0.36475715,0.27784884,-0.0851911,0.31595924,0.12451015,-0.10344136,0.26967728,0.0,-0.11724257,0.36727318,0.59538335,-0.065959685,0.25259382,0.41899073,-0.09026229,0.19073752,0.2881813,-0.108797066,0.14054146,0.17126238,-0.12212642,0.31617534,0.720316,-0.07567352,0.17084797,0.65192515,-0.09918577,0.07805156,0.6026324,-0.11180779,0.0,0.55071616,-0.120041646,key_3
371,0.4872685,1.0,4.859232e-07,0.6380879,0.88475204,-0.028978346,0.7632378,0.73816776,-0.050324008,0.8812695,0.651281,-0.071588345,1.0,0.6091507,-0.0944343,0.56003946,0.49314645,-0.039074503,0.58744174,0.28468454,-0.06529016,0.5971626,0.15760152,-0.08462035,0.6006309,0.047245327,-0.09870002,0.43633243,0.49339354,-0.044145662,0.3871409,0.25797987,-0.06638359,0.3620462,0.11510539,-0.08286788,0.3369406,0.0,-0.09537046,0.3397215,0.5541157,-0.0523502,0.24937463,0.35194102,-0.0743391,0.19653846,0.22044998,-0.09157775,0.15403329,0.10386937,-0.103737354,0.27026215,0.6596502,-0.06314477,0.14634164,0.55076486,-0.08410608,0.0668703,0.48388743,-0.094775334,0.0,0.41965288,-0.101678066,key_3
372,0.42902738,1.0,5.1190915e-07,0.59255016,0.8939987,-0.02640309,0.737556,0.75339717,-0.045017455,0.8669457,0.6659864,-0.06368997,1.0,0.6282222,-0.08313504,0.55479324,0.48232135,-0.029395124,0.6045396,0.28317505,-0.052114714,0.62729454,0.16333996,-0.06978451,0.6403301,0.058792252,-0.08245729,0.42179233,0.47393942,-0.033561956,0.403582,0.24518514,-0.052205116,0.3959907,0.10842224,-0.06649107,0.38528877,0.0,-0.07716798,0.30760786,0.52191305,-0.04106118,0.24360198,0.32158193,-0.058859758,0.21337141,0.19421221,-0.07178683,0.19354011,0.084799536,-0.0808497,0.21263628,0.6145635,-0.05134813,0.1100046,0.48861215,-0.067304336,0.04818628,0.40213037,-0.07428711,0.0,0.31483635,-0.07868403,key_3
373,0.352121,1.0,4.809367e-07,0.54210657,0.904583,-0.02397444,0.71258575,0.7719716,-0.039917793,0.85575765,0.68478096,-0.056040123,1.0,0.65416294,-0.07274964,0.5583979,0.47841328,-0.02302888,0.63197374,0.28567213,-0.04310522,0.6702845,0.16971682,-0.059891917,0.698732,0.06461836,-0.07211872,0.4175759,0.45907393,-0.02681684,0.42667264,0.23778564,-0.042086508,0.42925182,0.10769739,-0.055063825,0.42643547,0.0,-0.06516304,0.28702974,0.4956577,-0.033840504,0.25162706,0.29551437,-0.04834599,0.23756172,0.17198074,-0.0588831,0.23016658,0.06487469,-0.06664667,0.16609481,0.5783754,-0.043676004,0.08594844,0.44106707,-0.05639621,0.037721213,0.35089162,-0.06115856,0.0,0.26059404,-0.06422725,key_3
374,0.26953423,1.0,4.9830595e-07,0.4953757,0.9187429,-0.022681938,0.68664724,0.78846747,-0.03505979,0.8468012,0.6966437,-0.04745394,1.0,0.67163855,-0.060115695,0.5542558,0.48471203,-0.016294194,0.66266346,0.29650348,-0.032436907,0.7165565,0.17794873,-0.04682323,0.759056,0.073309414,-0.057736132,0.40389588,0.45434934,-0.018842382,0.444524,0.23702891,-0.031099377,0.46590298,0.10711459,-0.042410135,0.48300213,0.0,-0.05123136,0.25614986,0.4775734,-0.024766395,0.24709642,0.27750593,-0.0369182,0.2492504,0.1550118,-0.046261866,0.2603349,0.04963533,-0.053227108,0.10873741,0.5476284,-0.03349638,0.05172401,0.40685877,-0.044353824,0.02029366,0.3147967,-0.048351612,0.0,0.2250085,-0.050920285,key_3
375,0.22696738,1.0,5.023599e-07,0.46915114,0.92784154,-0.023275053,0.6690032,0.7997598,-0.034653664,0.8347283,0.7054954,-0.045689806,1.0,0.68481946,-0.0564791,0.55853504,0.49129957,-0.01405176,0.6847689,0.3041815,-0.028621966,0.7487166,0.1877187,-0.042271268,0.79729956,0.08325108,-0.052741066,0.40379462,0.45522076,-0.015589531,0.46480882,0.2409843,-0.026489342,0.49075395,0.109404616,-0.03751062,0.50948185,0.0,-0.046048682,0.24722792,0.47102922,-0.020588126,0.26138097,0.27931273,-0.03153774,0.2724619,0.16035593,-0.04038285,0.28924787,0.058804087,-0.04693238,0.084202446,0.532898,-0.028512012,0.042861532,0.39299893,-0.038364362,0.016404368,0.30258816,-0.04165528,0.0,0.21644664,-0.043585017,key_3
376,0.17490256,1.0,5.1486074e-07,0.4361459,0.93799084,-0.024265846,0.6483566,0.80938226,-0.03451729,0.8265229,0.7110659,-0.043910775,1.0,0.6936262,-0.052615024,0.55190766,0.49185452,-0.011808472,0.6992252,0.30453637,-0.024062693,0.77281153,0.18899933,-0.036373228,0.8303713,0.085667655,-0.045938082,0.38909817,0.45001906,-0.011260494,0.46772218,0.23671314,-0.01936716,0.50565344,0.107104056,-0.028738996,0.5371204,0.0,-0.036212247,0.22264597,0.4590497,-0.014308466,0.25030407,0.26764175,-0.022220848,0.26780915,0.15181753,-0.029251097,0.29115343,0.054031488,-0.03482186,0.049738977,0.51384467,-0.020586854,0.022271868,0.37417412,-0.027489886,0.0060563916,0.28471547,-0.029251747,0.0,0.2011366,-0.030313868,key_3
377,0.1283222,1.0,5.043364e-07,0.40474284,0.94497937,-0.022974674,0.62936413,0.8180775,-0.032043926,0.8174724,0.7202625,-0.04034722,1.0,0.70654947,-0.04800996,0.5442804,0.49383023,-0.009487233,0.70587325,0.30763632,-0.020716378,0.7882048,0.19248953,-0.032431882,0.85321665,0.09010349,-0.041513946,0.37755603,0.44743332,-0.008935223,0.47271702,0.23387286,-0.015917765,0.5227184,0.104570866,-0.024420219,0.56213146,0.0,-0.031175945,0.2058587,0.452532,-0.011945974,0.24270007,0.25755548,-0.018862551,0.26805416,0.13998158,-0.025045378,0.2979086,0.04328271,-0.029937422,0.025878498,0.50338554,-0.01811792,0.0064119617,0.35754955,-0.024324842,0.0,0.26441196,-0.025541399,0.003984396,0.17861155,-0.026111433,key_3
378,0.10025126,1.0,5.01222e-07,0.38204756,0.9459059,-0.023085775,0.6130335,0.8257692,-0.032966454,0.81220764,0.7343906,-0.04217697,1.0,0.72199184,-0.050741084,0.54016805,0.49541044,-0.009831592,0.7119367,0.3078099,-0.021711998,0.8004823,0.19225907,-0.03397793,0.8693322,0.09009798,-0.04340975,0.37480888,0.44834116,-0.009642714,0.47972786,0.23552942,-0.01730958,0.53176534,0.10525405,-0.026626552,0.57189107,0.0,-0.03399385,0.2021253,0.45236376,-0.013016123,0.25145647,0.25653133,-0.020617675,0.28342563,0.13608365,-0.027354151,0.31818467,0.036880814,-0.03263433,0.018355016,0.50146496,-0.019507458,0.00391637,0.35303557,-0.02664937,0.0,0.25629804,-0.028368277,0.006522352,0.16699578,-0.02916069,key_3
379,0.08937437,1.0,5.0064403e-07,0.37236193,0.95046705,-0.02176349,0.61124325,0.8380511,-0.03240256,0.8126434,0.75863457,-0.042818394,1.0,0.7519481,-0.053011943,0.5446985,0.5060136,-0.011860547,0.7169462,0.32146236,-0.025900418,0.8100469,0.20472379,-0.03948684,0.8803209,0.10221759,-0.049748834,0.37885547,0.45599514,-0.013754852,0.4911062,0.24103709,-0.024124552,0.54721075,0.10896262,-0.03529462,0.5873436,0.0,-0.043846093,0.2020018,0.45724612,-0.018949494,0.25720403,0.25807744,-0.02924118,0.29499072,0.13650094,-0.03739524,0.33281258,0.03529165,-0.04336501,0.0094571905,0.50291336,-0.026939085,0.00021397888,0.34645978,-0.036290944,0.0,0.24509619,-0.038860023,0.009657681,0.15059705,-0.04010734,key_3
380,0.07571263,1.0,5.076761e-07,0.36328244,0.95610124,-0.022565655,0.6046933,0.85434407,-0.03473461,0.81192815,0.7896754,-0.04679401,1.0,0.7894831,-0.058955032,0.54905486,0.5143792,-0.015564614,0.7275602,0.33438224,-0.031815153,0.826256,0.21740972,-0.046736065,0.9003148,0.11384145,-0.057999518,0.38059902,0.46329615,-0.018719647,0.50245506,0.24805325,-0.031774156,0.564722,0.11287037,-0.044500187,0.60722494,0.0,-0.05408919,0.20050612,0.46426332,-0.025194826,0.26431394,0.26223305,-0.038340826,0.30793056,0.13609105,-0.048255436,0.3491805,0.028618716,-0.055233568,0.00551434,0.5091856,-0.03439229,0.0,0.3471825,-0.046577863,0.002037486,0.23871316,-0.050865266,0.014684633,0.13450553,-0.053260904,key_3
381,0.051772974,1.0,5.832477e-07,0.3333081,0.9762741,-0.028910587,0.5833696,0.90848583,-0.047923047,0.8002081,0.87674105,-0.06598668,1.0,0.8926816,-0.0842552,0.5849002,0.54208183,-0.029268999,0.78936535,0.3647151,-0.05115874,0.9021174,0.24566267,-0.06942553,0.99056876,0.1384288,-0.082991354,0.4073109,0.4801562,-0.032120753,0.5543105,0.26409736,-0.050727505,0.633826,0.12175834,-0.06655469,0.6909656,0.0,-0.07830871,0.21270558,0.4778292,-0.03838884,0.30298352,0.26842323,-0.056357503,0.36184543,0.13243997,-0.06938564,0.41367853,0.0135905435,-0.07821325,0.0,0.5227937,-0.04759015,0.009575761,0.35213867,-0.06421392,0.018691728,0.2365088,-0.07115872,0.037385274,0.12456938,-0.075125806,key_3
382,0.05553529,1.0,6.0751387e-07,0.33343086,0.9838179,-0.030774957,0.58114,0.9296285,-0.051257905,0.7926206,0.91153526,-0.070638396,0.98509794,0.93406916,-0.09039777,0.5812833,0.5631066,-0.033376466,0.78932446,0.3863176,-0.05700011,0.9079429,0.26683253,-0.0760393,1.0,0.15839642,-0.08998989,0.40814877,0.4954597,-0.036166232,0.56486523,0.27555466,-0.056564692,0.6475911,0.12723923,-0.0733617,0.70503277,0.0,-0.08560096,0.21468885,0.48913935,-0.04237303,0.3066968,0.27633592,-0.061827134,0.37198618,0.13410541,-0.07585037,0.4299871,0.010141828,-0.08520098,0.0,0.52895117,-0.05161307,0.009862788,0.3568511,-0.06934521,0.02119557,0.23832087,-0.07685588,0.042111006,0.12512983,-0.081132434,key_3
383,0.06674165,1.0,6.465733e-07,0.3418479,0.9807223,-0.03224886,0.5865716,0.93404573,-0.054488786,0.7974435,0.9286024,-0.07555685,0.98282444,0.9511424,-0.097186245,0.5781983,0.570481,-0.037518423,0.78551704,0.39452788,-0.06314501,0.9049164,0.2761489,-0.083585106,1.0,0.16738492,-0.09836181,0.4037028,0.504164,-0.04033054,0.55321413,0.27887505,-0.062402718,0.6370799,0.12816377,-0.08047809,0.6968383,0.0,-0.09358048,0.21119456,0.49944076,-0.04649422,0.2858598,0.28405258,-0.06719124,0.3446029,0.14190406,-0.08202823,0.39743915,0.018629197,-0.091750905,0.0,0.5412655,-0.055776883,0.0068918737,0.3666432,-0.07439677,0.015942868,0.24796775,-0.08236752,0.033974845,0.13505757,-0.08680998,key_3
384,0.07702991,1.0,6.8805247e-07,0.34978592,0.9784312,-0.033723358,0.5854902,0.9395259,-0.057172358,0.78710765,0.937596,-0.07958948,0.97519314,0.9605627,-0.10254176,0.58207524,0.57100403,-0.03798058,0.7880149,0.39162123,-0.06393811,0.90548414,0.27314496,-0.08502448,1.0,0.16313003,-0.10036416,0.40290967,0.50720084,-0.04036674,0.55202377,0.28312784,-0.062917694,0.6373594,0.13047698,-0.0821571,0.7009073,0.0,-0.0961619,0.20916179,0.50351954,-0.046277314,0.28278625,0.28675103,-0.06729738,0.33740333,0.14135978,-0.0832716,0.38813797,0.016277699,-0.09379249,0.0,0.5457751,-0.055451542,0.007460641,0.3735289,-0.07482146,0.012020975,0.25434995,-0.08376494,0.02609844,0.14106902,-0.08873409,key_3
385,0.1213544,1.0,7.280111e-07,0.3793944,0.9831725,-0.037128225,0.6064852,0.94932216,-0.064102195,0.7989123,0.95013195,-0.08954597,0.9789883,0.97361404,-0.1156557,0.60096544,0.576264,-0.046818655,0.7917422,0.39057302,-0.07635199,0.90712684,0.27056247,-0.09973402,1.0,0.15840316,-0.1163682,0.41877258,0.5155691,-0.049247533,0.5566018,0.2888004,-0.07476619,0.64130795,0.13418108,-0.09583017,0.70350534,0.0,-0.11128156,0.22219226,0.51425904,-0.055186313,0.28883326,0.29213423,-0.07868272,0.33492038,0.14260405,-0.0963804,0.3740768,0.015998663,-0.108074576,0.015069274,0.55807465,-0.06449768,0.005700251,0.3793808,-0.0858761,0.0,0.25646684,-0.09612751,0.0030578952,0.14119923,-0.10200614,key_3
386,0.15708508,1.0,7.421964e-07,0.4059734,0.9856337,-0.03881274,0.6200671,0.9546187,-0.067542516,0.8053552,0.9652619,-0.09450184,0.98486483,0.99173707,-0.1222059,0.6197244,0.5829139,-0.05168094,0.8052994,0.39787558,-0.082764775,0.91404414,0.27814433,-0.1064217,1.0,0.16636582,-0.1233636,0.43700665,0.5221561,-0.053996567,0.5585197,0.29095003,-0.081515975,0.6316465,0.13616125,-0.10323338,0.68501335,0.0,-0.11908707,0.24060814,0.5228344,-0.059794925,0.28601402,0.30013654,-0.08536952,0.32352084,0.14991666,-0.10409709,0.3583471,0.019442702,-0.116376005,0.03688359,0.56926554,-0.06896033,0.014427159,0.3923767,-0.09244353,0.0010965856,0.26993483,-0.10394494,0.0,0.15194885,-0.11065737,key_3
387,0.19231613,0.9954881,7.5127133e-07,0.43497783,0.98065317,-0.03930734,0.6387548,0.9497572,-0.068847254,0.8187318,0.9642916,-0.096480235,0.9996741,1.0,-0.12475102,0.6352466,0.5833921,-0.052360304,0.8166702,0.40369406,-0.08391757,0.9204012,0.28270167,-0.10801099,1.0,0.1697348,-0.12546264,0.45449895,0.5211884,-0.055145428,0.56878513,0.29019177,-0.08341514,0.63511425,0.13503157,-0.10517865,0.6816414,0.0,-0.120882414,0.26154137,0.52168834,-0.06147292,0.3021794,0.29975075,-0.08787153,0.34019962,0.1482487,-0.10642641,0.37471083,0.017346578,-0.118326336,0.0610797,0.570123,-0.07120859,0.027148273,0.3909389,-0.09535344,0.00750804,0.267591,-0.106619574,0.0,0.14881279,-0.11299419,key_3
388,0.18513227,0.98178524,7.8372557e-07,0.42880297,0.9708963,-0.039415028,0.6380699,0.94732255,-0.069712184,0.81627834,0.9622547,-0.0980846,0.9979921,1.0,-0.12721251,0.63525534,0.5828066,-0.055138152,0.8195037,0.4009241,-0.0877957,0.9231746,0.27985078,-0.11185159,1.0,0.16963258,-0.1288355,0.45493197,0.5200195,-0.058281805,0.5720323,0.2864913,-0.087393515,0.63747245,0.13134518,-0.108876824,0.6804823,0.0,-0.12426471,0.25954425,0.5198956,-0.064943455,0.29534253,0.29778588,-0.09151803,0.32868996,0.14471613,-0.11027487,0.35879737,0.01647763,-0.12229904,0.05253344,0.5666342,-0.075038716,0.022151912,0.38408366,-0.098927885,0.0051534995,0.2580221,-0.11031057,0.0,0.13880856,-0.11684359,key_3
389,0.21723494,0.98523,7.8177635e-07,0.44964704,0.9759477,-0.04078496,0.65124446,0.95190984,-0.072619125,0.8249112,0.9630853,-0.102229185,1.0,1.0,-0.13276492,0.6393564,0.5909322,-0.060915004,0.8163272,0.40560785,-0.09579592,0.91894865,0.2826607,-0.12084552,0.9943031,0.17045264,-0.13841856,0.46323454,0.5304704,-0.06444591,0.57828367,0.29213455,-0.09565432,0.64179593,0.13432583,-0.11789253,0.6809999,0.0,-0.1337399,0.2731684,0.53266174,-0.07130507,0.30805787,0.309605,-0.0998499,0.3407268,0.15503867,-0.11930262,0.36782843,0.025500959,-0.13174976,0.07304323,0.58142275,-0.08157805,0.03553442,0.39819485,-0.10746578,0.012944713,0.27149814,-0.119634345,0.0,0.15235572,-0.12660891,key_3
390,0.21012768,0.9668819,7.861957e-07,0.4416735,0.955106,-0.038679767,0.6438916,0.93340635,-0.069746606,0.8151926,0.9569102,-0.09909165,0.9891843,1.0,-0.12940598,0.6413322,0.578034,-0.05913862,0.8226887,0.396029,-0.09368848,0.92416084,0.2756642,-0.11847276,1.0,0.1666912,-0.1357795,0.46206006,0.5181551,-0.06346543,0.5774432,0.28270507,-0.093974724,0.64274865,0.12902844,-0.115577474,0.685778,0.0,-0.1310161,0.2699363,0.5207842,-0.071047164,0.31021425,0.29949576,-0.09886087,0.34451595,0.14896269,-0.11821424,0.3730837,0.024081377,-0.1306293,0.069069155,0.57124114,-0.08188695,0.036677927,0.39054838,-0.10754923,0.0146800745,0.2680822,-0.11966568,0.0,0.15241393,-0.12656799,key_3
391,0.2078657,0.9673153,7.792112e-07,0.43623242,0.9557217,-0.03805186,0.6412323,0.9330872,-0.06843003,0.81335133,0.95422226,-0.09715305,0.9878107,1.0,-0.12670492,0.6357463,0.5784638,-0.05728973,0.8182099,0.39764848,-0.09107849,0.9215916,0.27839208,-0.11540353,1.0,0.17002706,-0.1324349,0.4595841,0.51690155,-0.061586294,0.57812047,0.28332517,-0.09128149,0.64537627,0.13008444,-0.11225568,0.6907318,0.0,-0.12726058,0.2705478,0.51703167,-0.06917012,0.31030667,0.2985976,-0.09629802,0.346582,0.14894246,-0.11505359,0.37750715,0.023762563,-0.12709956,0.07206591,0.56469035,-0.0800485,0.03708292,0.3852157,-0.10492509,0.014455562,0.26342794,-0.116470724,0.0,0.14725725,-0.12304153,key_3
392,0.17871584,0.9904933,7.696988e-07,0.4147918,0.9776257,-0.03829793,0.62683505,0.94699734,-0.06850158,0.8103273,0.9594815,-0.09697665,0.9932278,1.0,-0.12626438,0.6327989,0.58856297,-0.055543777,0.8086845,0.4083468,-0.08921542,0.914622,0.2903751,-0.11420895,1.0,0.18118975,-0.13198501,0.45610777,0.52297986,-0.059948493,0.5718627,0.28772315,-0.08923837,0.6457314,0.13412715,-0.11093002,0.7010054,0.0,-0.12680733,0.26159942,0.52279395,-0.067733094,0.31039393,0.30173337,-0.09493862,0.35479188,0.15196502,-0.11416675,0.39493486,0.0250083,-0.12667827,0.05474838,0.57154906,-0.07885717,0.027812073,0.3868796,-0.10355591,0.009618354,0.2610053,-0.11519321,0.0,0.13996467,-0.12210372,key_3
393,0.12638935,1.0,7.3437883e-07,0.3789863,0.98105097,-0.034633327,0.61404216,0.93605083,-0.060356982,0.81515455,0.9319589,-0.08506502,1.0,0.9706211,-0.11074187,0.60933673,0.57763237,-0.043630116,0.7986772,0.40034083,-0.07251194,0.9091248,0.2819611,-0.09492262,0.99667525,0.17442738,-0.11122222,0.4339322,0.51297945,-0.04783655,0.567041,0.28403202,-0.07314607,0.6533494,0.13265236,-0.09341177,0.71834373,0.0,-0.10839444,0.23805079,0.51064724,-0.055475097,0.29868153,0.2925787,-0.07909414,0.350275,0.14890926,-0.097108506,0.39958018,0.02324926,-0.10908701,0.028048487,0.5561221,-0.06636787,0.009954529,0.3777246,-0.088394396,0.0,0.25609246,-0.09924537,0.0015138722,0.13741893,-0.10578481,key_3
394,0.12792061,1.0,6.624227e-07,0.38681862,0.9768905,-0.03139327,0.62564397,0.9265013,-0.05391726,0.82033354,0.8997478,-0.0757027,1.0,0.9193101,-0.09786403,0.6172016,0.56496924,-0.03558728,0.7972659,0.3895321,-0.06127288,0.90366894,0.27244037,-0.081911,0.98722214,0.16418822,-0.09698891,0.4385824,0.50187,-0.040030442,0.5696431,0.2769506,-0.06221276,0.65255564,0.1303601,-0.08052556,0.7173743,0.0,-0.09418433,0.24031514,0.49955648,-0.047930963,0.29934672,0.28693342,-0.069031775,0.35432857,0.14721073,-0.08503667,0.4079141,0.024001708,-0.09583934,0.02702203,0.5424507,-0.058973536,0.010058516,0.36831775,-0.078522794,0.0,0.2494815,-0.08785415,0.0016292222,0.13240066,-0.09356725,key_3
395,0.10193214,1.0,6.0871315e-07,0.36943847,0.9633653,-0.027503751,0.611665,0.90103996,-0.04678344,0.80908364,0.8601188,-0.065651104,1.0,0.8574633,-0.08467314,0.60352904,0.5504218,-0.027491553,0.78478754,0.3757945,-0.050155647,0.8904897,0.26140854,-0.06913493,0.97755367,0.15701629,-0.08289303,0.4316589,0.4911613,-0.03201574,0.56764585,0.27029818,-0.0509216,0.6535565,0.1271788,-0.06739584,0.7244205,0.0,-0.07992508,0.2366808,0.48703748,-0.040048853,0.31056184,0.27658847,-0.058282014,0.37085885,0.14062217,-0.072504364,0.4325219,0.021054389,-0.082402185,0.017771594,0.5256815,-0.051017422,0.004722222,0.35125172,-0.068319134,0.0,0.2316208,-0.07647893,0.0073740524,0.114036754,-0.081506714,key_3
396,0.09779217,1.0,5.123215e-07,0.38584664,0.935622,-0.0236293,0.6220521,0.8361038,-0.038441606,0.799872,0.75141275,-0.053479224,1.0,0.72032934,-0.06840249,0.60206,0.5115822,-0.015606472,0.7763611,0.34140834,-0.035274554,0.87911934,0.23430036,-0.052798316,0.97869205,0.1364697,-0.065668225,0.42438897,0.456129,-0.01979695,0.55705047,0.24631166,-0.036125448,0.6467704,0.115839764,-0.050663747,0.7364833,0.0,-0.061735407,0.22771089,0.4540694,-0.028018303,0.2962874,0.25241897,-0.044597197,0.36536634,0.12141784,-0.05621562,0.45192653,0.0062037287,-0.06448201,0.009000524,0.4933284,-0.03908089,0.0,0.32636845,-0.054479912,0.015642097,0.20935655,-0.061290223,0.056440838,0.09252499,-0.065757155,key_3
397,0.01716302,1.0,3.326073e-07,0.3616177,0.8600047,-0.012315351,0.58761746,0.6604778,-0.016771909,0.7464373,0.5097578,-0.023648182,0.95861083,0.4209171,-0.030414559,0.5906542,0.40411794,0.009125496,0.77097046,0.23282339,-0.0064264187,0.88080925,0.12770066,-0.021746371,1.0,0.030109126,-0.03334786,0.4171471,0.35374925,0.0034431582,0.5657033,0.1708461,-0.011918173,0.6723445,0.08060091,-0.025141554,0.80665267,0.0,-0.034580663,0.22218134,0.3509816,-0.006796744,0.34473738,0.16118266,-0.02517223,0.46087757,0.07419267,-0.03325833,0.60548156,0.0074533266,-0.0376161,0.0,0.38470134,-0.019094273,0.12272728,0.22476819,-0.03508532,0.25068676,0.13551152,-0.040215563,0.400353,0.06131155,-0.04289603,key_3
398,0.0018841843,1.0,3.9213245e-07,0.3441501,0.8435172,-0.014143582,0.5898078,0.6094984,-0.02002111,0.7520783,0.41642973,-0.027671833,0.965338,0.30317515,-0.034139022,0.5577153,0.36876824,0.008937248,0.72951454,0.206225,-0.00844038,0.86305285,0.124512315,-0.024781061,1.0,0.05073475,-0.037051573,0.39400318,0.31424826,0.004466132,0.5528721,0.11262393,-0.014263346,0.6985959,0.05154716,-0.02719953,0.8653898,0.0,-0.03533575,0.20914751,0.311588,-0.0051381183,0.35204583,0.084992185,-0.029063322,0.5074319,0.033735152,-0.03754737,0.68462646,0.006767998,-0.040518273,0.0,0.3537841,-0.016696487,0.18090484,0.22277494,-0.038474098,0.34706178,0.17698732,-0.04667214,0.52304095,0.145326,-0.050416425,key_3
399,0.0,1.0,3.7984515e-07,0.33098334,0.83205914,-0.014161819,0.5635478,0.58451015,-0.019707303,0.7496313,0.38748497,-0.027343918,0.961501,0.2551547,-0.0338141,0.5520209,0.36096373,0.011921158,0.72074753,0.21005782,-0.0059607145,0.8638495,0.14750496,-0.023327395,1.0,0.09185683,-0.036119763,0.4002786,0.3064791,0.007917728,0.57946277,0.118316986,-0.010917926,0.7435178,0.06856124,-0.02477627,0.9239595,0.029053336,-0.03356441,0.21837501,0.300339,-0.0016243472,0.38640562,0.079915285,-0.024826286,0.5504492,0.028277028,-0.033812698,0.73619807,0.0,-0.037322864,0.013625007,0.3361464,-0.013221042,0.20516673,0.21127562,-0.033529915,0.36662418,0.15035783,-0.041958652,0.54392016,0.09857614,-0.046335574,key_3
400,0.0,1.0,3.266966e-07,0.33053866,0.84173095,-0.011301853,0.56174856,0.56314677,-0.013762205,0.7350102,0.33677384,-0.018432327,0.93393385,0.19805795,-0.022233332,0.542671,0.35248867,0.012410233,0.70650834,0.18661912,-0.0030605216,0.8534638,0.118121825,-0.017794969,1.0,0.067667745,-0.028060801,0.40193918,0.29391876,0.008910152,0.5624691,0.08849726,-0.0069990996,0.7176766,0.029750103,-0.018705094,0.8946973,0.0,-0.025803553,0.23661293,0.28671396,0.0005993228,0.38012668,0.061482135,-0.019118544,0.5422232,0.011550342,-0.027334359,0.7264722,0.0036431383,-0.030314226,0.048623,0.31400973,-0.009463019,0.22261499,0.15962327,-0.026275778,0.3798434,0.09936944,-0.033353057,0.550776,0.070549056,-0.036741894,key_3
401,0.0,1.0,3.2059944e-07,0.34439057,0.8479734,-0.010210731,0.58311766,0.5588271,-0.011600316,0.7467313,0.3107116,-0.015430817,0.92564946,0.1390721,-0.018556507,0.53424585,0.35008392,0.013510825,0.7055468,0.16860166,-0.0004963132,0.8561844,0.09882711,-0.013640406,1.0,0.058396604,-0.022573277,0.40360433,0.29129001,0.0101857735,0.5717131,0.07192136,-0.0046610828,0.73518884,0.015283016,-0.016242808,0.91140133,0.0,-0.023125308,0.2482701,0.2783994,0.002373521,0.40839496,0.04684795,-0.016402017,0.586614,0.01294716,-0.024614798,0.7741365,0.028459296,-0.027557857,0.07242791,0.29914707,-0.006969305,0.26529002,0.14964522,-0.023091128,0.43732223,0.106796436,-0.029715601,0.61084956,0.09882544,-0.03270044,key_3
402,0.0,1.0,3.145534e-07,0.35613358,0.8606145,-0.009488526,0.59600896,0.5890303,-0.009897302,0.75533676,0.33818015,-0.012507342,0.90291,0.14930573,-0.014456735,0.55116516,0.38735464,0.0134229185,0.7224584,0.19533978,0.0007149406,0.8663501,0.1106962,-0.011438012,1.0,0.049784243,-0.019832494,0.43062088,0.31385785,0.010401223,0.60132754,0.08645638,-0.0033208637,0.7651754,0.024218757,-0.014657897,0.9366281,0.0,-0.021678708,0.2842492,0.29015237,0.0031645026,0.4499026,0.05261761,-0.01461757,0.6263463,0.03298226,-0.023167718,0.8059404,0.06267219,-0.026546262,0.115714416,0.30192617,-0.0054741926,0.30172652,0.16646667,-0.021119185,0.472445,0.1352522,-0.02819352,0.64293164,0.13231418,-0.03166832,key_3
403,0.0,1.0,3.57849e-07,0.35682288,0.87642664,-0.009662222,0.62111145,0.5856968,-0.0093551995,0.7940505,0.31852886,-0.011556224,0.96662664,0.12553355,-0.013012366,0.56061625,0.41006246,0.019725848,0.7286139,0.20933832,0.0102593405,0.8676567,0.114126086,-9.782618e-05,1.0,0.041474484,-0.0077046016,0.4492896,0.335228,0.01722836,0.6178537,0.10311739,0.0060052266,0.78196716,0.031535767,-0.005240556,0.9595371,0.0,-0.012405096,0.31140733,0.30558476,0.010179177,0.48094445,0.060732074,-0.005524514,0.66116184,0.037824027,-0.014845841,0.84587824,0.06809765,-0.018885773,0.155023,0.3027876,0.0016846556,0.3568395,0.16077115,-0.011522515,0.528566,0.13166589,-0.018470798,0.699935,0.14061303,-0.022266025,key_3
404,0.0,1.0,3.8290796e-07,0.35522303,0.88067406,-0.008901519,0.61890876,0.5841982,-0.0073054237,0.7710925,0.30882534,-0.008139933,0.92173284,0.10208929,-0.00816436,0.54111594,0.41186324,0.022551773,0.7168264,0.2194017,0.014181525,0.86299115,0.1207407,0.0043468755,1.0,0.04962488,-0.0029480709,0.4305788,0.33066544,0.019978793,0.6214573,0.10739528,0.010162021,0.7951932,0.030085463,-0.0009427507,0.9801462,0.0,-0.008166329,0.2954688,0.292115,0.012791632,0.48686895,0.055952832,-0.0017382406,0.6801999,0.017830959,-0.011909203,0.8738964,0.033516306,-0.016877638,0.14587893,0.28170362,0.0042416696,0.3583255,0.15074328,-0.008536114,0.53592306,0.121609904,-0.016092079,0.71271455,0.12674804,-0.020485286,key_3
405,0.0,1.0,3.9554874e-07,0.36227348,0.87900305,-0.010854238,0.62177914,0.57984704,-0.010783958,0.76941675,0.30028462,-0.012612964,0.93102396,0.09627459,-0.01374809,0.53251904,0.39044482,0.01830018,0.7037709,0.19218335,0.0080712205,0.85760176,0.09728282,-0.002747383,1.0,0.034141753,-0.010365808,0.41480762,0.31352893,0.01662585,0.60203224,0.08453461,0.0054247365,0.7789182,0.017260037,-0.005991836,0.9617311,0.0,-0.013077972,0.27505922,0.28140387,0.010447391,0.46100536,0.042385913,-0.004994981,0.6529699,0.0112118395,-0.014482434,0.84438646,0.034418076,-0.018698147,0.11773884,0.27948824,0.0028072412,0.32221362,0.1476069,-0.010959232,0.4988152,0.11990744,-0.018253459,0.67199105,0.12561877,-0.022014689,key_3
406,0.0,1.0,3.8172112e-07,0.375597,0.8644188,-0.011785305,0.65704477,0.57212925,-0.012990195,0.8296021,0.3134932,-0.015782712,1.0,0.111193664,-0.017877601,0.51555884,0.36642843,0.012169809,0.67041457,0.1432051,-0.0005520398,0.836897,0.058011275,-0.0122500025,0.99693066,0.015355786,-0.019754672,0.3843819,0.31521004,0.010789229,0.5519835,0.06074798,-0.0024748158,0.74577045,0.0022239678,-0.01399295,0.94386417,0.0,-0.020862037,0.226181,0.30418056,0.005142859,0.39850786,0.048074834,-0.012079315,0.60588074,0.031159205,-0.021447435,0.80328345,0.07946495,-0.024988122,0.046164975,0.31534004,-0.001966148,0.256516,0.15437968,-0.017396983,0.4562042,0.13259868,-0.025132494,0.6439762,0.15858206,-0.028677745,key_3
407,0.047566846,1.0,3.9681336e-07,0.4170138,0.8507595,-0.014923899,0.67756677,0.5747148,-0.01663625,0.8391782,0.3278706,-0.019279512,1.0,0.13141279,-0.021476915,0.5398306,0.3821162,0.0120032495,0.67798954,0.19501257,-0.0010962508,0.81375647,0.09601935,-0.013865759,0.95570433,0.033174552,-0.02255391,0.38834435,0.33678082,0.011862607,0.53530747,0.11627049,-0.0018824366,0.6872774,0.031056091,-0.015253971,0.8579861,0.0,-0.024103291,0.2062104,0.3388853,0.006969271,0.33736947,0.10872129,-0.012107756,0.49283114,0.06204263,-0.023822958,0.6551313,0.08948938,-0.029141635,0.0,0.36597377,0.0004361931,0.16332474,0.20461047,-0.017953081,0.3322195,0.14988048,-0.028455323,0.5074493,0.1457404,-0.034060318,key_3
408,0.14285614,1.0,4.4006063e-07,0.46198672,0.85312897,-0.015527626,0.6987317,0.5961046,-0.019127892,0.8504148,0.3864549,-0.023084378,1.0,0.21001907,-0.026837246,0.5130194,0.37681025,0.0033794558,0.65102583,0.21138175,-0.01250986,0.7968538,0.11693537,-0.026735434,0.9412536,0.04931288,-0.036219083,0.36189267,0.33962613,0.0024470089,0.4971686,0.1352106,-0.013773946,0.64479154,0.0527122,-0.026929293,0.8168558,0.0,-0.03561654,0.19037211,0.34785777,-0.002806117,0.30723554,0.11867883,-0.024318289,0.46067095,0.05780102,-0.03507565,0.6309473,0.049990233,-0.039613284,0.0,0.3879985,-0.009538715,0.14581847,0.21742114,-0.030579899,0.30752525,0.15505287,-0.04074699,0.4771318,0.13739923,-0.045651883,key_3
409,0.2474129,1.0,5.193466e-07,0.49714398,0.8599505,-0.016428687,0.6909749,0.6126966,-0.02574512,0.84679985,0.42361757,-0.035630044,1.0,0.25457504,-0.045403875,0.39682105,0.33178753,-0.010799137,0.47558782,0.08577842,-0.0343739,0.6668088,0.016883608,-0.052314047,0.85074955,0.0,-0.06280617,0.2668283,0.33321434,-0.014112151,0.3710957,0.059053697,-0.037494283,0.6064534,0.013272678,-0.053619683,0.8218193,0.021940578,-0.06276997,0.13413027,0.37882912,-0.02094016,0.23876919,0.117608294,-0.04607509,0.48037314,0.08536317,-0.05733942,0.6910135,0.11004706,-0.06122573,0.0,0.46102044,-0.029149603,0.13277125,0.2525189,-0.051579203,0.33596656,0.19742581,-0.060732186,0.5227541,0.19251472,-0.06408684,key_3
410,0.115829475,1.0,3.7132284e-07,0.4986798,0.7930926,0.005371233,0.6997326,0.55695647,0.0002789677,0.87777865,0.38910806,-0.009673886,0.9911227,0.24522401,-0.019107841,0.13265665,0.29735532,0.0015411469,0.3808278,0.06936178,-0.018670183,0.72128075,0.006021901,-0.03540355,0.99650055,0.0,-0.04525564,0.021486616,0.32738975,-0.012430406,0.3629878,0.06687937,-0.03197231,0.7386319,0.042739257,-0.043378703,1.0,0.073116176,-0.049167346,0.0,0.39577284,-0.02744422,0.37243566,0.17622903,-0.044830542,0.74311435,0.15088923,-0.049706858,0.9998358,0.1822722,-0.050254375,0.056352463,0.50059617,-0.04265645,0.3736284,0.32219803,-0.05543852,0.65444326,0.27797425,-0.057304453,0.8753442,0.28159186,-0.0561863,key_3
411,0.0,1.0,3.628125e-07,0.40823594,0.7498595,0.009586112,0.523157,0.5071283,0.006371689,0.59537584,0.33910963,-0.0014284451,0.6831183,0.20399837,-0.009571126,0.08593655,0.2941393,-0.008352141,0.40182856,0.07564961,-0.027214408,0.6798039,0.015501512,-0.03961466,0.8791956,0.0,-0.047041748,0.04927802,0.34165427,-0.023532767,0.43012625,0.043340344,-0.042215716,0.75474864,0.0019215698,-0.05002808,0.9739023,0.009083338,-0.053967714,0.09131376,0.4347281,-0.038200274,0.4968415,0.18603347,-0.056048475,0.807981,0.16581678,-0.058776908,1.0,0.18895087,-0.058199644,0.20049217,0.5578857,-0.051964123,0.5369552,0.37591594,-0.06365159,0.77501804,0.32385847,-0.063673794,0.9504387,0.3070464,-0.062064428,key_3
412,0.0,1.0,4.290562e-07,0.3750679,0.7502035,0.007632431,0.4733453,0.51196796,0.002798828,0.5372431,0.3376488,-0.006570412,0.6347056,0.20518705,-0.015769543,0.046900555,0.31451917,-0.011709926,0.34815818,0.080660924,-0.032460734,0.6335357,0.014350562,-0.04578548,0.8435432,0.0,-0.05309194,0.026298359,0.3711193,-0.02589001,0.40041116,0.090705544,-0.045213666,0.7280812,0.05153795,-0.05286208,0.94364226,0.061459858,-0.05665981,0.09322133,0.47336912,-0.03976365,0.50262094,0.23373154,-0.05698835,0.8115617,0.20990337,-0.058837324,1.0,0.22901273,-0.05793718,0.22577552,0.60164267,-0.053105302,0.57551676,0.42364362,-0.063517116,0.79357433,0.3686421,-0.06285765,0.94348806,0.3457888,-0.060878675,key_3
413,0.0,1.0,2.0557553e-07,0.048009142,0.68817234,0.01786037,0.15543623,0.43526796,0.011499934,0.32089332,0.2735186,-0.0005564549,0.49326605,0.15661526,-0.0120478645,0.059571594,0.2966796,-0.020604545,0.45141178,0.0,-0.04190286,0.74381226,0.009520503,-0.048078552,0.8717002,0.09970272,-0.046304896,0.11535908,0.38161325,-0.03905501,0.6203843,0.08183789,-0.054562367,0.89789873,0.12266734,-0.049054135,0.9611718,0.21764687,-0.04100028,0.23290852,0.5114147,-0.05534355,0.725794,0.23267579,-0.06425744,0.95177114,0.26887614,-0.048434895,0.98705053,0.35325807,-0.03394265,0.38289842,0.6640042,-0.07042538,0.7886957,0.45044273,-0.07106099,0.959131,0.41888887,-0.056037482,1.0,0.44179207,-0.04180014,key_3
414,0.004874604,1.0,-1.7208635e-07,0.0,0.69327545,0.012806617,0.14056052,0.43444628,0.0068417336,0.36711913,0.27956825,-0.0037324503,0.5962599,0.19053,-0.012295624,0.079642974,0.29256505,-0.016190365,0.59599763,0.0,-0.033499293,0.7333508,0.1323677,-0.039599307,0.6476152,0.24019627,-0.0409272,0.21018268,0.37345272,-0.03254967,0.81653833,0.097003244,-0.043753214,0.8936656,0.2395212,-0.03956863,0.7450842,0.32959074,-0.036545128,0.37257186,0.49769363,-0.047590606,0.94211614,0.25524396,-0.05261964,0.9616629,0.39082235,-0.03719569,0.8060458,0.46959382,-0.027868187,0.54722637,0.65531933,-0.06215847,1.0,0.47793317,-0.05958147,0.97504455,0.5697398,-0.044059005,0.81930137,0.63514525,-0.033955164,key_3
415,0.03321247,1.0,-2.0923166e-07,0.0,0.669659,0.01338237,0.13296583,0.4004298,0.008802942,0.36139268,0.23865159,-0.00019866075,0.59865826,0.14917749,-0.007525853,0.10886095,0.2515816,-0.012959261,0.65266263,0.0,-0.027236814,0.7054352,0.122537725,-0.031791903,0.5820742,0.21616235,-0.032676723,0.27071142,0.34723353,-0.028414184,0.86286396,0.11491838,-0.035441786,0.8621261,0.24449822,-0.029932758,0.6951546,0.32533103,-0.027236689,0.44486216,0.47967404,-0.042519975,0.97499454,0.27041444,-0.043562755,0.931546,0.3938261,-0.027972315,0.76202464,0.47007594,-0.019962575,0.6100495,0.6367072,-0.05617327,1.0,0.47491583,-0.05064186,0.93632543,0.56750536,-0.034810677,0.78493875,0.63388896,-0.02534899,key_3
416,0.029187687,1.0,-1.0784364e-07,0.0,0.6415556,0.008779524,0.1493791,0.34673354,0.003047062,0.41154304,0.14711496,-0.0060254824,0.6749505,0.031499665,-0.013226097,0.12206683,0.21673638,-0.011341946,0.6655689,0.0,-0.024162496,0.7569586,0.09370436,-0.029643938,0.68797946,0.17477345,-0.03157265,0.29434308,0.32430154,-0.024031054,0.88323206,0.11061723,-0.029679174,0.92639804,0.20169596,-0.026610348,0.8030474,0.27657065,-0.025745552,0.4783148,0.4668316,-0.03577838,0.99293655,0.2587107,-0.036044933,0.97877413,0.35473564,-0.023099639,0.84064955,0.434024,-0.016572574,0.65410644,0.6273938,-0.047417227,1.0,0.45957303,-0.041680533,0.9660999,0.52792025,-0.027687633,0.85319954,0.59270215,-0.019112606,key_3
417,0.0144889075,1.0,-1.095786e-08,0.0,0.59566635,0.0062581836,0.22748457,0.29746628,0.00030660513,0.60558164,0.11860491,-0.0079472875,0.943545,0.036660306,-0.013728787,0.08287448,0.17433286,-0.007203677,0.5776872,0.0,-0.014776709,0.6881123,0.07937151,-0.017656775,0.673308,0.15467873,-0.019037765,0.27532923,0.28988558,-0.017312322,0.7954589,0.10864282,-0.01849006,0.91551065,0.16756774,-0.016755277,0.9006789,0.22723687,-0.017918019,0.48442715,0.4281116,-0.026656054,0.9532254,0.24783108,-0.023499623,1.0,0.3155501,-0.013995971,0.93850374,0.3810997,-0.010650477,0.6881121,0.5763795,-0.03614914,0.9559074,0.4355908,-0.0271413,0.9495467,0.4945869,-0.014727713,0.89280707,0.55271757,-0.008080073,key_3
418,0.036077686,1.0,-6.375731e-08,0.0,0.59731525,0.004420812,0.23698571,0.2979709,-0.0037547597,0.6424245,0.13267191,-0.013414689,0.99520063,0.08316525,-0.020292658,0.06217233,0.17510854,-0.012159316,0.5731088,0.0,-0.021052318,0.6518658,0.102791846,-0.024241095,0.5897634,0.19646777,-0.025504488,0.27238673,0.30079043,-0.021452632,0.7814762,0.12455097,-0.024933664,0.81326795,0.22632223,-0.022663407,0.69832283,0.31511828,-0.022461863,0.5022949,0.44201154,-0.0298062,0.94944495,0.27011502,-0.027209315,0.9353464,0.36462337,-0.015986413,0.81239575,0.44574404,-0.010916584,0.72084993,0.58806086,-0.038458608,1.0,0.44265196,-0.029823959,0.9647738,0.5225681,-0.01654696,0.88068885,0.59506136,-0.008850148,key_3
419,0.06828061,1.0,-1.1502006e-07,0.0,0.6287156,0.005432732,0.20810345,0.3496432,-0.0024097678,0.6050959,0.21316035,-0.011901412,0.9615028,0.1863972,-0.018700056,0.05383202,0.19147266,-0.0123191895,0.5719248,0.0,-0.02165453,0.63386095,0.11895961,-0.025118902,0.5387745,0.21603529,-0.02656309,0.27826434,0.29789564,-0.022405462,0.7896897,0.118631385,-0.02539613,0.80194473,0.23133904,-0.023086324,0.6573076,0.31219012,-0.02314931,0.52052355,0.42961484,-0.03147212,0.943913,0.262423,-0.028684821,0.90720433,0.37100574,-0.01785694,0.7592683,0.44599858,-0.013489269,0.74743986,0.5736443,-0.040717278,1.0,0.44428918,-0.03275334,0.94150525,0.5409852,-0.019988006,0.83559406,0.6110105,-0.012926824,key_3
420,0.04091126,1.0,-1.2575572e-07,0.0,0.6225112,0.0037075619,0.24579087,0.3428676,-0.0054594176,0.6617317,0.21693505,-0.016088972,1.0,0.22439146,-0.023967234,0.043881666,0.18008117,-0.013429947,0.5606144,0.0,-0.024077082,0.5932206,0.13189283,-0.029638346,0.4756758,0.22978885,-0.032843128,0.26091802,0.29239804,-0.023443721,0.75355077,0.13276069,-0.026566733,0.74692655,0.2517557,-0.025243577,0.5999662,0.32732734,-0.02653291,0.49669454,0.42451367,-0.032639783,0.8963667,0.272382,-0.029699996,0.84267133,0.3850945,-0.019093255,0.6924848,0.4564406,-0.015268402,0.71838117,0.5646182,-0.042355992,0.93987745,0.451133,-0.033888146,0.87154627,0.55582213,-0.020805562,0.77279407,0.6263295,-0.013847792,key_3
421,0.058014963,1.0,-1.655603e-07,0.0,0.6077727,0.006145041,0.18503416,0.31649694,-0.0011142568,0.5259128,0.16824347,-0.010317862,0.8296026,0.16451712,-0.017258296,0.094440974,0.15825039,-0.010283575,0.6250396,0.0,-0.019500699,0.64309907,0.13227946,-0.024186218,0.52134496,0.22993085,-0.026955802,0.31579462,0.27756566,-0.020939203,0.81703836,0.12504178,-0.023623323,0.8005825,0.24486266,-0.022070874,0.64899087,0.32863057,-0.022864018,0.5553528,0.41942155,-0.030498436,0.95577013,0.2625592,-0.02775345,0.9024961,0.37215993,-0.017527066,0.7553995,0.45046777,-0.01353123,0.77646255,0.5698695,-0.04015157,1.0,0.44268808,-0.032577224,0.93732744,0.5431003,-0.019901186,0.8414343,0.6192644,-0.012730197,key_3
422,0.075354666,1.0,-1.8212204e-07,0.0,0.63019943,0.0073021622,0.1216399,0.32427332,0.0035030781,0.3326492,0.10852623,-0.002125301,0.52988917,0.0,-0.005454996,0.11225125,0.18895349,-0.006970226,0.6239963,0.039376933,-0.015317799,0.64349806,0.16167204,-0.018231362,0.5160877,0.25158206,-0.019126786,0.3308089,0.30267957,-0.01718357,0.81498015,0.15993515,-0.019278245,0.80090743,0.27263063,-0.01663897,0.65530926,0.3448646,-0.016162626,0.55986476,0.44192553,-0.026350617,0.9473469,0.29948226,-0.024958827,0.8976477,0.41058967,-0.014158757,0.76381236,0.4813907,-0.009160061,0.76670855,0.5941361,-0.03525822,1.0,0.47205424,-0.030081624,0.9363529,0.5734533,-0.01759423,0.84393686,0.6440132,-0.009668662,key_3
423,0.062569745,1.0,-1.9269633e-07,0.0,0.6327714,0.005443804,0.120865725,0.31257674,-4.509237e-05,0.33761424,0.0942632,-0.0066632796,0.5591918,0.0,-0.010845709,0.1338056,0.19469221,-0.013805527,0.6655146,0.044957645,-0.023298802,0.65736437,0.16847593,-0.025826022,0.5143862,0.25491112,-0.026477609,0.34498715,0.32490876,-0.023452342,0.8429412,0.17357168,-0.026398608,0.8123534,0.28519303,-0.022520859,0.65972304,0.35890138,-0.021494271,0.5636667,0.47508588,-0.031847063,0.96860313,0.32316563,-0.030790627,0.9146412,0.43073523,-0.018340712,0.77444994,0.50691044,-0.012503094,0.75830466,0.6311822,-0.04006194,1.0,0.49374643,-0.034897994,0.93002856,0.588479,-0.021485284,0.8261326,0.66134405,-0.013178563,key_3
424,0.0037357032,1.0,-1.3100025e-07,0.0,0.61531293,0.0011052977,0.23053847,0.30632335,-0.010090287,0.5906786,0.17523062,-0.02247651,0.8734734,0.16767253,-0.032501753,0.13884504,0.18579152,-0.024919473,0.7234483,0.0,-0.04119302,0.72338074,0.13177545,-0.04815307,0.5849113,0.22464369,-0.05121509,0.31301537,0.36365744,-0.035296984,0.89688075,0.16315322,-0.044544425,0.86355263,0.29375762,-0.04118362,0.6984662,0.38891888,-0.04003155,0.50134677,0.55579084,-0.04502831,1.0,0.3511316,-0.04742766,0.930484,0.4639469,-0.03334567,0.76308435,0.5549621,-0.026069624,0.67971414,0.7430191,-0.055302765,0.9983486,0.558693,-0.050543915,0.912119,0.65004265,-0.0360424,0.77921796,0.73646605,-0.027694661,key_3
425,0.0,1.0,-1.3029327e-07,0.05389095,0.63156253,-0.0021628195,0.35897157,0.35251766,-0.016315654,0.7501061,0.26503024,-0.03084248,1.0,0.2972987,-0.042824306,0.17302328,0.1673188,-0.03309706,0.6866811,0.0,-0.051974162,0.66352814,0.14781529,-0.05990759,0.5290149,0.23197316,-0.06398938,0.27176008,0.35975435,-0.04395165,0.7924959,0.19378348,-0.055432364,0.7347826,0.32870814,-0.052249663,0.58489716,0.39523295,-0.051902603,0.39323232,0.5705494,-0.054275934,0.84596115,0.40875244,-0.05766139,0.75069374,0.52233326,-0.04258299,0.6019738,0.5802235,-0.03567767,0.5219829,0.7810788,-0.06555525,0.8009718,0.63078266,-0.059812848,0.69884866,0.72603023,-0.043983825,0.58934313,0.78894275,-0.035983693,key_3
426,0.0,1.0,-1.1608314e-07,0.13841511,0.63592327,-0.0017681293,0.45706978,0.36451593,-0.016604202,0.81701416,0.29221487,-0.032633573,1.0,0.38959745,-0.04615537,0.26883262,0.098166466,-0.032582708,0.77321315,0.0,-0.053103995,0.76102614,0.17039292,-0.061610185,0.64276266,0.2383291,-0.06606429,0.28988352,0.30768645,-0.04477017,0.82259643,0.24025439,-0.058949403,0.7502744,0.39333743,-0.055676688,0.5960881,0.43556282,-0.054719165,0.34431446,0.5489624,-0.056648105,0.80420226,0.48676956,-0.062075935,0.7036996,0.59303534,-0.04822921,0.56120104,0.61218417,-0.041527905,0.41793638,0.7943928,-0.069527425,0.73291034,0.70286363,-0.06375529,0.6304004,0.78074396,-0.048332844,0.5079907,0.8111441,-0.04050705,key_3
427,0.0,1.0,-1.4059546e-07,0.22781813,0.6675215,-0.0021199638,0.54776233,0.4111509,-0.017652938,0.8571964,0.37914702,-0.035812188,1.0,0.52298015,-0.051494837,0.3535218,0.0,-0.030708127,0.85780364,0.0073124217,-0.05531475,0.82185715,0.22794813,-0.06687834,0.7018202,0.2741199,-0.07382488,0.29936534,0.20925042,-0.04510479,0.84675,0.29051307,-0.06422039,0.7505259,0.4628328,-0.06317385,0.6037118,0.4513891,-0.063707255,0.28412703,0.47325587,-0.059902143,0.7758725,0.53932697,-0.07110582,0.660088,0.6599097,-0.058948696,0.52110904,0.63794297,-0.05244207,0.29780704,0.7511201,-0.07591146,0.6878204,0.7572528,-0.07501876,0.6016265,0.82574075,-0.061860748,0.47562245,0.82341176,-0.054809324,key_3
428,0.0,1.0,-1.4769094e-07,0.37385803,0.69454694,0.001061712,0.70776784,0.48071486,-0.0130362045,0.9663374,0.42847514,-0.031048112,1.0,0.54473555,-0.04631494,0.43952474,0.0,-0.022013675,0.9083579,0.08210334,-0.045851182,0.88286734,0.31804985,-0.057989016,0.747743,0.37389356,-0.06594318,0.30939117,0.15802653,-0.03864265,0.83265185,0.32689762,-0.057963192,0.7633434,0.5158401,-0.058503583,0.6214051,0.48588306,-0.060271893,0.22517669,0.394401,-0.055851385,0.72598296,0.57621175,-0.06973207,0.650652,0.699912,-0.06058572,0.5190586,0.64860135,-0.055663127,0.17911777,0.66347593,-0.07401541,0.59638375,0.79127884,-0.07754036,0.5552797,0.86030316,-0.06781149,0.43501312,0.8312952,-0.06242781,key_3
429,0.0,1.0,-1.4420465e-07,0.40533918,0.7703671,-0.0023783878,0.68391216,0.61302865,-0.0172141,0.9071477,0.5646171,-0.035153408,1.0,0.59408426,-0.050415397,0.47668713,0.0,-0.024135279,0.9480838,0.15087835,-0.047800314,0.8902321,0.37896267,-0.060307864,0.7362888,0.39789727,-0.069531746,0.27505746,0.11248867,-0.038115468,0.77685744,0.38353434,-0.060045768,0.70168275,0.57625544,-0.06465681,0.5623556,0.5260594,-0.06996196,0.12563042,0.333796,-0.05244545,0.60212725,0.6160434,-0.068923146,0.5341218,0.75418913,-0.06258534,0.39142132,0.68831223,-0.06011984,0.017055456,0.58935535,-0.06782458,0.4235201,0.8115533,-0.075946465,0.40613884,0.8970428,-0.07014817,0.29049107,0.8452244,-0.06707222,key_3
430,0.17384563,1.0,2.2829163e-08,0.5456979,0.8339897,-0.023959756,0.7741252,0.72727174,-0.049066376,0.9273934,0.6856259,-0.073143885,1.0,0.72084665,-0.09434093,0.5877049,0.0,-0.04343141,0.9657379,0.24835536,-0.073200844,0.9388901,0.4806712,-0.0891816,0.83065563,0.50467193,-0.10008108,0.3419798,0.1081778,-0.04804143,0.758838,0.4878598,-0.07431164,0.71503377,0.6738301,-0.08039336,0.60600066,0.6078106,-0.086227134,0.15017521,0.32795,-0.055159125,0.5636182,0.6989779,-0.0780418,0.5274775,0.8245832,-0.07493628,0.4114316,0.7505571,-0.07311845,0.0,0.58525586,-0.06497907,0.36237836,0.8621229,-0.08050798,0.39930326,0.93274784,-0.0793512,0.33429685,0.871333,-0.07772924,key_3
431,0.36180687,1.0,4.0426798e-08,0.6880617,0.8668646,-0.029693944,0.9015878,0.7791438,-0.058587708,1.0,0.77184176,-0.08544101,0.9343541,0.83376443,-0.11040282,0.6692241,0.0,-0.04952796,0.97338146,0.26079926,-0.083628125,0.9678787,0.50176084,-0.10586198,0.8770623,0.48727477,-0.12097903,0.39035797,0.096991695,-0.052038003,0.73948926,0.49598336,-0.07975293,0.73616743,0.7088323,-0.088783294,0.6369587,0.62484825,-0.09696544,0.16986775,0.32212272,-0.05748013,0.5311402,0.7067892,-0.08072612,0.5434714,0.8460356,-0.07800462,0.43638343,0.7488568,-0.07688017,0.0,0.59209627,-0.06614364,0.30585384,0.8654176,-0.08083225,0.35932195,0.9395184,-0.07896263,0.29264897,0.86091983,-0.07744497,key_3
432,0.5288186,1.0,-2.8789689e-08,0.78980136,0.902361,-0.034861095,1.0,0.6896187,-0.058718868,0.9314133,0.53607625,-0.07829399,0.7946366,0.42942646,-0.09469498,0.77984077,0.0,-0.042713474,0.9018164,0.20275436,-0.08004488,0.94923115,0.46948597,-0.10347229,0.9157665,0.47817048,-0.11760153,0.45706627,0.035491683,-0.041517533,0.5777411,0.34088996,-0.07250536,0.6632841,0.6230754,-0.08284473,0.6311711,0.5626685,-0.08839114,0.19894107,0.20738712,-0.04479767,0.35613352,0.5505065,-0.07289962,0.47451976,0.7629692,-0.06849152,0.46119812,0.6822204,-0.063754715,0.0,0.43702742,-0.051527157,0.16812544,0.71947443,-0.06940301,0.31962243,0.86685544,-0.0654041,0.36325723,0.8115122,-0.060339134,key_3
433,0.56832385,1.0,-1.204245e-07,0.79816955,0.9158852,-0.03816669,1.0,0.73269254,-0.06364311,0.9393359,0.5944294,-0.08482573,0.82135266,0.46853572,-0.099926226,0.87084305,0.076449,-0.04389407,0.85746706,0.0,-0.0857927,0.9111136,0.38119066,-0.10411658,0.91110706,0.54071814,-0.11124683,0.5315567,0.10394875,-0.04088619,0.50444835,0.043197397,-0.082238875,0.601898,0.46670341,-0.08676792,0.6205255,0.547997,-0.082280226,0.23923641,0.21752489,-0.04411964,0.21117899,0.23974817,-0.08073169,0.34231177,0.55568326,-0.07103188,0.3679672,0.5821779,-0.058184225,0.0,0.38836893,-0.050610468,0.026229618,0.4735106,-0.07136505,0.15449196,0.66103643,-0.06492161,0.20311604,0.6396977,-0.05620127,key_3
434,0.33846086,1.0,-3.994901e-07,0.61168236,0.8222452,-0.028407386,0.8089099,0.5607152,-0.046582725,0.923428,0.31416464,-0.06556106,1.0,0.117645435,-0.08131386,0.5825286,0.23612589,-0.026822431,0.5142726,0.0,-0.07029361,0.53718346,0.18616866,-0.09574466,0.56627375,0.37644503,-0.106113836,0.36265254,0.28401196,-0.028638044,0.2999358,0.09569032,-0.07452147,0.37811953,0.37317508,-0.08680139,0.44424996,0.56337184,-0.08544294,0.17790252,0.37749082,-0.036318257,0.12237208,0.2333358,-0.07635941,0.23656783,0.47305095,-0.069804914,0.31950426,0.61871564,-0.055737697,0.016293686,0.508748,-0.046757355,0.0,0.41790164,-0.069842264,0.108912535,0.5713024,-0.06258403,0.19026947,0.6662688,-0.051210314,key_3
435,0.49311838,1.0,-1.2748816e-08,0.77397305,0.9032619,-0.022651782,0.9808206,0.7188945,-0.034541965,1.0,0.5576895,-0.046637125,0.9443514,0.447374,-0.056555666,0.8068048,0.3555711,-0.01680693,0.8392577,0.06968932,-0.045852043,0.8388578,0.086895175,-0.06521724,0.83502823,0.20420502,-0.07139155,0.5650466,0.344482,-0.017666178,0.51297444,0.021663189,-0.04727815,0.5326215,0.09732656,-0.06401303,0.57069594,0.2442848,-0.06743156,0.3550973,0.38012117,-0.022180926,0.2892048,0.1218955,-0.044636887,0.3307531,0.1987058,-0.05022219,0.39617193,0.32289612,-0.046590894,0.16893579,0.460132,-0.029128043,0.08450899,0.22547108,-0.03866799,0.029081222,0.08800437,-0.03981431,0.0,0.0,-0.037211508,key_3
436,0.36467767,1.0,4.5783315e-07,0.6250018,0.9474173,-0.025427883,0.8234773,0.8702349,-0.042087905,0.9052243,0.7914735,-0.057923328,1.0,0.71667844,-0.073356785,0.7431538,0.5230711,-0.024194704,0.87212765,0.33883336,-0.04418583,0.9383969,0.21806985,-0.061397888,0.98039436,0.10987302,-0.07359143,0.52010846,0.47886083,-0.026819525,0.54749835,0.25945404,-0.043988906,0.5551107,0.12019237,-0.0593443,0.5527741,0.0,-0.07030315,0.30947232,0.4941393,-0.032528184,0.2866588,0.29344013,-0.049031846,0.2796534,0.163358,-0.060684904,0.2803891,0.052089248,-0.06811399,0.099092335,0.5542216,-0.0408069,0.03944097,0.38819405,-0.055534367,0.011813622,0.27770278,-0.0613132,0.0,0.17370237,-0.06408508,key_3
437,0.29566857,1.0,5.142746e-07,0.54518485,0.95171916,-0.027092924,0.7308481,0.8767025,-0.045172594,0.8482806,0.7984671,-0.06226058,1.0,0.7627909,-0.079554446,0.66453826,0.53653276,-0.029692128,0.8182566,0.34852675,-0.05064468,0.89235824,0.22682683,-0.06817767,0.93826544,0.1146654,-0.0810805,0.4682537,0.49541306,-0.032203197,0.5443361,0.26930448,-0.050356366,0.57446045,0.12557189,-0.06561754,0.5882804,0.0,-0.076739706,0.27608162,0.5108496,-0.037580095,0.29153517,0.29926816,-0.055002205,0.2949058,0.16067354,-0.067424305,0.29709473,0.042597163,-0.07564226,0.078662165,0.5718059,-0.045574628,0.03940733,0.40713194,-0.061599743,0.015384611,0.29726237,-0.06820571,0.0,0.19361515,-0.071747005,key_3
438,0.29238203,1.0,5.383459e-07,0.5275915,0.9487102,-0.025849566,0.7099708,0.8674447,-0.043549545,0.8462771,0.7993139,-0.060754467,1.0,0.7730614,-0.078423105,0.6030429,0.5387821,-0.030136554,0.7360664,0.35519785,-0.05269276,0.80586725,0.23437569,-0.07068385,0.8537307,0.12510659,-0.083618626,0.42347297,0.5027702,-0.03407115,0.48132652,0.2767985,-0.053847115,0.51357687,0.1292182,-0.06980729,0.5302384,0.0,-0.08143247,0.251014,0.52298594,-0.04082942,0.24861257,0.31511348,-0.059609614,0.2556676,0.17811616,-0.072433054,0.2606989,0.060369708,-0.08087558,0.08081757,0.58546615,-0.05009894,0.036852993,0.42381826,-0.067171596,0.014861759,0.31374112,-0.07418373,0.0,0.2083697,-0.07808148,key_3
439,0.28486383,1.0,5.571015e-07,0.5183247,0.94558996,-0.02574528,0.7058713,0.86801755,-0.043858714,0.8503671,0.8090292,-0.06149479,1.0,0.7838027,-0.07977503,0.59520125,0.5374104,-0.030164644,0.7269482,0.35333616,-0.052965965,0.79585564,0.23237993,-0.071358114,0.8451502,0.12371833,-0.08444255,0.41725746,0.50184155,-0.034312338,0.4767435,0.27428582,-0.05387258,0.5120222,0.12690648,-0.07003918,0.5332179,0.0,-0.08182145,0.246868,0.5230845,-0.041273903,0.24855313,0.31329295,-0.05962815,0.26033434,0.17389414,-0.072705,0.2718001,0.054707415,-0.081396736,0.078652725,0.58828473,-0.050735313,0.034466807,0.4260189,-0.0675134,0.012587563,0.31483656,-0.07434624,0.0,0.20831582,-0.0781077,key_3
440,0.2842156,1.0,5.5935914e-07,0.52253085,0.9455593,-0.02593948,0.7110651,0.8688625,-0.043629788,0.8553474,0.8111993,-0.06069869,1.0,0.78552294,-0.07829171,0.5931539,0.538175,-0.029718686,0.7268409,0.351948,-0.051797476,0.7963035,0.23007476,-0.06969638,0.8462198,0.12039624,-0.08239418,0.41716784,0.50130814,-0.03319727,0.47754085,0.27432582,-0.05168761,0.51088595,0.1266747,-0.0671952,0.5299806,0.0,-0.07859252,0.24920379,0.52108485,-0.039468456,0.25355482,0.31043154,-0.05673426,0.26435348,0.1713703,-0.06908933,0.27446222,0.052535027,-0.077353925,0.08264654,0.58557236,-0.048307296,0.037217397,0.42426234,-0.06431024,0.013982831,0.3140763,-0.0706172,0.0,0.2093931,-0.073940635,key_3
441,0.28162575,1.0,5.6556354e-07,0.5203363,0.94736004,-0.025719576,0.71016353,0.8682625,-0.042591315,0.8581355,0.80983424,-0.05877717,1.0,0.78492945,-0.07539815,0.5939143,0.53980786,-0.02892624,0.7249347,0.3513727,-0.050179582,0.79208386,0.22885418,-0.0672845,0.8381744,0.11954658,-0.07952847,0.4199415,0.50152534,-0.032251272,0.48278654,0.2730849,-0.050211065,0.5142164,0.12478075,-0.065511525,0.52951604,0.0,-0.076696776,0.2525428,0.5204066,-0.038316112,0.25683534,0.31141353,-0.055311088,0.26746804,0.17330872,-0.06801117,0.27684975,0.05606552,-0.076531105,0.08560344,0.58457595,-0.046897236,0.039924,0.42819834,-0.0629033,0.015241948,0.32125297,-0.069475554,0.0,0.22002181,-0.07297313,key_3
442,0.2877079,1.0,5.6724764e-07,0.52307564,0.9465828,-0.027328042,0.7115582,0.8661662,-0.045015275,0.8568169,0.806225,-0.061820008,1.0,0.7807847,-0.0788361,0.5960674,0.5391201,-0.029560784,0.7239227,0.35064977,-0.050999176,0.78878844,0.22885366,-0.0682612,0.8317083,0.11987371,-0.08065064,0.42318267,0.50123906,-0.032313056,0.4851047,0.2725923,-0.050530955,0.5148724,0.1250172,-0.06600455,0.5281137,0.0,-0.077252775,0.2569313,0.52073115,-0.03801433,0.25897527,0.31488085,-0.05522171,0.2706411,0.17752762,-0.068040155,0.28125775,0.059040673,-0.07665367,0.09098742,0.5851079,-0.046405096,0.04407841,0.43086514,-0.062295213,0.017266063,0.32645607,-0.068795376,0.0,0.22636543,-0.072342366,key_3
443,0.28758016,1.0,5.68142e-07,0.5227994,0.9464181,-0.027264668,0.70752794,0.8648353,-0.04475836,0.85275126,0.805548,-0.061305527,1.0,0.78117925,-0.07797114,0.5938852,0.53593934,-0.028788844,0.72599655,0.3479334,-0.0495556,0.7906441,0.22595422,-0.06630517,0.83262783,0.117297366,-0.078396544,0.42138916,0.4974691,-0.031172186,0.48899144,0.2703769,-0.04862016,0.51842576,0.12377557,-0.06337803,0.5308101,0.0,-0.07416954,0.2548571,0.51743054,-0.036540326,0.2577122,0.31188563,-0.053012375,0.26820707,0.17489539,-0.06527748,0.27833438,0.056093376,-0.07366591,0.08834941,0.5829633,-0.044631027,0.04124544,0.43068454,-0.059877783,0.0153140165,0.32682925,-0.066075355,0.0,0.22671597,-0.06952768,key_3
444,0.3068312,1.0,5.5538555e-07,0.5400691,0.94351625,-0.027257808,0.717006,0.8607997,-0.044597097,0.85611445,0.7978346,-0.06096005,1.0,0.7711641,-0.07743018,0.60391915,0.5363848,-0.028642386,0.7366029,0.34947997,-0.049212746,0.7990177,0.2263549,-0.06607076,0.8369176,0.11616368,-0.07842138,0.4306835,0.4988771,-0.031068416,0.4931985,0.27252316,-0.048533775,0.52003574,0.12581089,-0.063576154,0.530016,0.0,-0.07467603,0.26512292,0.51927966,-0.03643292,0.2696273,0.3156377,-0.05309338,0.28079098,0.17853051,-0.06563073,0.29019412,0.058368735,-0.07424806,0.10112922,0.58509403,-0.044506505,0.049696255,0.43497634,-0.060159016,0.020226449,0.33185184,-0.06660706,0.0,0.23270129,-0.0702064,key_3
445,0.3091652,1.0,5.5279395e-07,0.5400587,0.9443819,-0.028036248,0.7164782,0.86195093,-0.046218973,0.8543864,0.798041,-0.063283816,1.0,0.7734149,-0.08045597,0.6170001,0.537813,-0.030327005,0.74919814,0.3516402,-0.051728398,0.81107503,0.22806634,-0.06910928,0.8498429,0.1177605,-0.08174222,0.43952602,0.49928477,-0.032651417,0.49699828,0.27139324,-0.050716925,0.5236444,0.12503032,-0.06562196,0.5358196,0.0,-0.076565556,0.2701214,0.5189824,-0.037989635,0.2729916,0.31187376,-0.055012327,0.28429055,0.176338,-0.067195676,0.2950875,0.05929152,-0.07542936,0.104334146,0.5845719,-0.046154767,0.051899526,0.42937618,-0.062130567,0.021390317,0.32313225,-0.068642184,0.0,0.22058769,-0.07220239,key_3
446,0.31459758,1.0,5.5898107e-07,0.5429861,0.9437173,-0.028477453,0.7185227,0.8613573,-0.04677473,0.85509944,0.7942723,-0.063847765,1.0,0.76845247,-0.08078408,0.62276524,0.5354938,-0.030002186,0.75512516,0.3507631,-0.051250335,0.81686413,0.22784922,-0.06848771,0.85543174,0.11821694,-0.08104871,0.44644174,0.49618837,-0.032125402,0.5047836,0.26964092,-0.05005524,0.5340968,0.12464891,-0.06483228,0.5491763,0.0,-0.07563229,0.2781005,0.51586276,-0.03735958,0.27918535,0.31212813,-0.054400496,0.28955537,0.17676139,-0.06667834,0.29966986,0.060742714,-0.074946724,0.11318314,0.58223015,-0.045474123,0.05607194,0.42905158,-0.06136442,0.02298661,0.32325977,-0.06789066,0.0,0.22138907,-0.07145526,key_3
447,0.37194833,1.0,5.459919e-07,0.57888186,0.9447709,-0.028309712,0.7413477,0.8564143,-0.0460144,0.8655983,0.7850277,-0.062475555,1.0,0.7618874,-0.07871396,0.6589171,0.5349656,-0.030540725,0.7782325,0.34889638,-0.051586814,0.8380883,0.22677155,-0.06832705,0.8767604,0.118117295,-0.08073922,0.49613485,0.49337795,-0.033142652,0.550673,0.2675897,-0.051087484,0.57859355,0.1240897,-0.06544883,0.59356195,0.0,-0.07601295,0.33630776,0.5125384,-0.038954817,0.32965183,0.30844456,-0.057211652,0.3338631,0.17174977,-0.07091298,0.33993006,0.053385984,-0.0801947,0.17845786,0.5817255,-0.047494333,0.09578317,0.43447787,-0.06522813,0.042207245,0.3338799,-0.07333671,0.0,0.23501714,-0.07808615,key_3
448,0.41642,1.0,5.3422133e-07,0.61235,0.9433679,-0.024813524,0.7619585,0.8484544,-0.041296504,0.87217724,0.7709379,-0.056963902,1.0,0.7409945,-0.0729052,0.66993576,0.5421172,-0.03302548,0.7880455,0.35834962,-0.054801967,0.84781533,0.23741536,-0.07081726,0.8829331,0.12984775,-0.08266137,0.51209277,0.5017605,-0.037974365,0.55461115,0.2710992,-0.057759017,0.5786134,0.12459324,-0.07170446,0.5847168,0.0,-0.08144933,0.35817322,0.5266762,-0.045542236,0.32498473,0.31309354,-0.066338435,0.31480265,0.16773173,-0.080591284,0.30841544,0.04390287,-0.08976391,0.20736267,0.6025302,-0.055110134,0.104826994,0.4482526,-0.07489922,0.045820907,0.3519641,-0.08313541,0.0,0.26286668,-0.08758206,key_3
449,0.41387084,1.0,5.4525077e-07,0.60817516,0.94372684,-0.027921045,0.76328784,0.852339,-0.046645302,0.8721018,0.77054775,-0.064068444,1.0,0.72863865,-0.0816832,0.67937714,0.54369533,-0.03629104,0.799391,0.36300454,-0.059776835,0.8593619,0.24409468,-0.07722866,0.8983553,0.13518436,-0.09026248,0.51779926,0.50431186,-0.040569875,0.5541499,0.27902842,-0.06274032,0.5756843,0.13035241,-0.07874483,0.5826237,0.0,-0.0899245,0.3626065,0.5330789,-0.047698114,0.32159472,0.32455033,-0.071659245,0.31069425,0.17882095,-0.08778932,0.30477434,0.05268201,-0.09782871,0.21312879,0.61339974,-0.056932926,0.109946,0.46259934,-0.08020502,0.04866322,0.36167777,-0.09055786,0.0,0.2647659,-0.09614813,key_3
450,0.0,1.0,-4.7340282e-07,0.47687554,0.7882808,-0.0040425337,0.7882258,0.58281153,-0.009234538,0.9782402,0.3714452,-0.020497132,1.0,0.13491338,-0.028852625,0.6680074,0.2321471,0.016608562,0.8583691,0.0,-0.008595569,0.8615973,0.2415016,-0.02436853,0.765029,0.4156208,-0.029858356,0.48948407,0.22212067,0.0072512846,0.73584545,0.031984143,-0.02114159,0.7098659,0.34957087,-0.032744776,0.5859874,0.5033355,-0.033415705,0.29484877,0.21876256,-0.0065242746,0.5531734,0.06792635,-0.036273245,0.5188421,0.3723878,-0.03540193,0.37542483,0.50303465,-0.026243549,0.07952776,0.23471382,-0.02059751,0.33929765,0.1368957,-0.037417438,0.3369011,0.3584184,-0.030639283,0.21438809,0.46646273,-0.020658746,key_4
451,0.0,1.0,-2.3404233e-07,0.45257893,0.8202325,-0.008860244,0.7677875,0.5897475,-0.013322937,0.9658849,0.34196812,-0.020853575,1.0,0.07286998,-0.025516454,0.6526106,0.23955087,0.003677156,0.83325523,0.020583767,-0.01725009,0.797437,0.28042006,-0.026739098,0.70320237,0.43951702,-0.028519,0.477056,0.21110865,-0.0015411228,0.69749016,0.0,-0.025985552,0.63943887,0.31900477,-0.031698763,0.52892596,0.4962964,-0.028871313,0.26912996,0.19448827,-0.010438685,0.5070126,0.03191616,-0.037602924,0.44869757,0.3592165,-0.032363866,0.3384117,0.5330014,-0.020245465,0.026634155,0.20650339,-0.019953743,0.28048003,0.103012934,-0.0378846,0.28050116,0.33312133,-0.030936766,0.18865234,0.47421783,-0.020151647,key_4
452,0.020185111,1.0,-1.6648717e-07,0.43170428,0.8566558,-0.012074727,0.741738,0.6031475,-0.017525299,0.9357795,0.34963027,-0.024992574,1.0,0.06908312,-0.029542707,0.59478456,0.22393349,-0.00078078086,0.7868984,0.024050716,-0.022751166,0.7640161,0.29326215,-0.03287586,0.6656402,0.46610555,-0.03483489,0.42942318,0.19586685,-0.0044412315,0.67352444,0.0,-0.029400682,0.62202007,0.34040403,-0.03539563,0.49762377,0.5228192,-0.03254654,0.23211306,0.1886493,-0.011862295,0.48363647,0.04373224,-0.03993651,0.4285577,0.3873431,-0.03498308,0.30484384,0.55885947,-0.022854667,0.0,0.21351404,-0.02000765,0.27222607,0.11806525,-0.03989974,0.2699976,0.35993305,-0.033763807,0.16130307,0.4960204,-0.023221279,key_4
453,0.052986123,1.0,-1.7768275e-07,0.44076478,0.8656405,-0.0123748565,0.7450457,0.62041926,-0.017671486,0.940587,0.37023693,-0.024707941,1.0,0.0949021,-0.02909255,0.5945228,0.23747998,-0.001039411,0.7836143,0.026812134,-0.02228437,0.75558007,0.28551927,-0.032789335,0.6620829,0.46848983,-0.03507045,0.43215048,0.21110554,-0.0038940783,0.65288335,0.0,-0.027413256,0.6028003,0.32451662,-0.033448085,0.49440783,0.5189311,-0.030888166,0.2344763,0.21139531,-0.010425091,0.4567172,0.025758425,-0.035570916,0.42209017,0.35220462,-0.030557128,0.3265113,0.54650563,-0.01915059,0.0,0.2463695,-0.017929362,0.23032102,0.12072265,-0.03601041,0.25091198,0.3482529,-0.0304621,0.17640811,0.5029581,-0.020699935,key_4
454,0.053872254,1.0,-1.2699797e-07,0.420689,0.88767457,-0.012687729,0.7364013,0.6585791,-0.01800705,0.9401653,0.41987553,-0.024892494,1.0,0.15786228,-0.029383522,0.5977896,0.2877643,-0.00076772063,0.7777077,0.04549091,-0.021799764,0.7813744,0.26598847,-0.033735067,0.70554733,0.43809608,-0.037004635,0.43397453,0.2632738,-0.0035076272,0.6279151,0.0,-0.026449475,0.6277087,0.2908358,-0.034370832,0.547683,0.49034584,-0.0331381,0.23556611,0.26770118,-0.009789293,0.42612877,0.022487119,-0.033500273,0.4441024,0.32507887,-0.029923862,0.37809518,0.53094596,-0.019708436,0.0,0.30669254,-0.017185194,0.20719545,0.14157973,-0.03516391,0.26489952,0.3447357,-0.031039841,0.2194734,0.5074043,-0.022229416,key_4
455,0.13538787,1.0,2.6660368e-07,0.40481627,0.9348868,-0.016238064,0.7220408,0.7304349,-0.022158222,0.9185031,0.549021,-0.027827423,1.0,0.34493777,-0.03293315,0.5646039,0.3386256,-0.0035123052,0.6775539,0.07914622,-0.019411169,0.7910429,0.088490054,-0.033382826,0.837416,0.18720482,-0.04,0.39453667,0.29885337,-0.0035075513,0.5160355,0.0,-0.017313387,0.65879375,0.038642984,-0.029653616,0.7168323,0.16295674,-0.03610715,0.20735882,0.304312,-0.0066752103,0.31753105,0.006960273,-0.023733888,0.4634201,0.07825259,-0.030428719,0.52163655,0.2089326,-0.031838328,0.0,0.3524898,-0.01104322,0.13536622,0.14584805,-0.028032199,0.2680138,0.21148188,-0.031440448,0.32583496,0.32317278,-0.03064278,key_4
456,0.23985735,1.0,5.079585e-07,0.46748537,0.9567178,-0.024921482,0.6746449,0.83640474,-0.036275875,0.84596366,0.7442408,-0.04550722,1.0,0.69608593,-0.05454534,0.53099895,0.51935315,-0.021537002,0.6332708,0.33449212,-0.036157314,0.6997191,0.21979848,-0.04888254,0.7539454,0.12305017,-0.05848399,0.38042912,0.47174105,-0.021916214,0.41818672,0.25062802,-0.033933092,0.45441625,0.11190297,-0.045241974,0.48503605,0.0,-0.053716447,0.23297393,0.48204073,-0.025520198,0.23795104,0.26541954,-0.039202254,0.25298953,0.13126786,-0.050206345,0.2780173,0.020712717,-0.057520397,0.0921128,0.5429836,-0.03157786,0.03785418,0.37746602,-0.045969397,0.010382873,0.26846632,-0.0533859,0.0,0.16696653,-0.057497665,key_4
457,0.283564,1.0,4.7251783e-07,0.5074874,0.9383213,-0.020372985,0.70532113,0.8358362,-0.030518888,0.8659723,0.7754156,-0.04052866,1.0,0.7585337,-0.051047496,0.5505118,0.5021078,-0.015887804,0.6420019,0.31007692,-0.029114954,0.68905795,0.19604744,-0.04112592,0.71915627,0.09607892,-0.05051328,0.40429822,0.4711818,-0.019630142,0.43897396,0.24851973,-0.031027012,0.45938626,0.11068451,-0.043514267,0.46796343,0.0,-0.0531642,0.2604596,0.4958463,-0.026194409,0.2553035,0.2779859,-0.03916871,0.25358438,0.14796773,-0.05163993,0.2573878,0.040573817,-0.060366165,0.11779555,0.5677437,-0.03480786,0.056085356,0.41181666,-0.049110886,0.019525254,0.3110356,-0.05678576,0.0,0.21509233,-0.061316386,key_4
458,0.32694197,1.0,5.816407e-07,0.53039163,0.93604356,-0.025350632,0.7074087,0.850478,-0.042039447,0.8616383,0.812265,-0.05839555,1.0,0.81078094,-0.07565341,0.56222177,0.51846904,-0.029269721,0.66025984,0.31814027,-0.04899499,0.71158504,0.19715631,-0.06487467,0.7451607,0.089431286,-0.0764057,0.41932228,0.4883695,-0.03306176,0.4606064,0.25476596,-0.049020756,0.48397157,0.11273564,-0.06306462,0.4922158,0.0,-0.07375225,0.27930355,0.51567316,-0.03970823,0.27236685,0.29743394,-0.055342115,0.27240458,0.1616632,-0.068689816,0.27297592,0.05068767,-0.07802637,0.14293748,0.58805674,-0.04881445,0.07569272,0.43222588,-0.06467481,0.0323904,0.3301472,-0.072455,0.0,0.23346058,-0.07695202,key_4
459,0.34324208,1.0,6.142809e-07,0.5388381,0.93262595,-0.028716557,0.70945716,0.846939,-0.048225615,0.86334676,0.8176389,-0.06691902,1.0,0.8254112,-0.08655718,0.570667,0.5262965,-0.033136975,0.65927136,0.33032233,-0.054828398,0.7056999,0.20703761,-0.07217563,0.73622364,0.0967874,-0.08489936,0.42821047,0.4947511,-0.03611137,0.4652892,0.2642043,-0.05423772,0.48216495,0.119045906,-0.06951784,0.4866624,0.0,-0.08085219,0.29061484,0.5219953,-0.042127743,0.27975765,0.30598277,-0.059889644,0.27426776,0.16635123,-0.07410714,0.26908827,0.04880805,-0.08365145,0.15817875,0.59522283,-0.05080211,0.08334325,0.44039193,-0.067807436,0.03652201,0.33966428,-0.075517006,0.0,0.24458578,-0.079798646,key_4
460,0.33010337,1.0,6.087994e-07,0.5276961,0.9383547,-0.029135892,0.7028039,0.8546605,-0.049268335,0.86183435,0.8261652,-0.06861567,1.0,0.8347182,-0.088664435,0.56938773,0.52648866,-0.033542693,0.6697537,0.32930377,-0.05545413,0.71912104,0.20406498,-0.0725429,0.75259185,0.09603681,-0.084964566,0.42876524,0.4915726,-0.036137402,0.47218603,0.26011232,-0.05460298,0.48842993,0.11638051,-0.069775,0.49288377,0.0,-0.081014484,0.29175326,0.5152658,-0.041791767,0.28699636,0.29964167,-0.05926901,0.2866942,0.16074225,-0.07364787,0.2864785,0.042020556,-0.08358033,0.15765029,0.5869058,-0.050182853,0.086339556,0.43721604,-0.06661204,0.039015446,0.33748955,-0.074285634,0.0,0.24252737,-0.07877994,key_4
461,0.33148402,1.0,5.890357e-07,0.5267603,0.9359626,-0.028919572,0.7029085,0.8521279,-0.048391744,0.86221266,0.8207933,-0.067057475,1.0,0.8193478,-0.086537085,0.5706269,0.52759194,-0.03333387,0.671383,0.33143374,-0.055182952,0.7196711,0.20691243,-0.07222126,0.75119627,0.096646406,-0.084691174,0.4322118,0.4941885,-0.03615595,0.47522846,0.2630243,-0.0548075,0.4899464,0.11771146,-0.07023631,0.4917485,0.0,-0.08175984,0.29651454,0.5190661,-0.042084172,0.2888406,0.30477136,-0.060237337,0.28639716,0.16632876,-0.07497485,0.28403065,0.048021995,-0.08513466,0.16327354,0.5898946,-0.05071259,0.08953688,0.43842912,-0.06827043,0.04033732,0.3379107,-0.07673078,0.0,0.24118005,-0.08175448,key_4
462,0.33998948,1.0,5.929189e-07,0.53571564,0.935524,-0.028474564,0.7099593,0.85150903,-0.047532987,0.86488926,0.81678504,-0.06570715,1.0,0.81513715,-0.084577635,0.5783239,0.52591896,-0.032856327,0.67779243,0.32953,-0.05452293,0.7272068,0.20589192,-0.07137028,0.7588019,0.09611497,-0.08365965,0.43866783,0.49260205,-0.035775796,0.48187143,0.26069868,-0.054003462,0.49798214,0.116785854,-0.06887859,0.5007344,0.0,-0.07989767,0.3015069,0.51807714,-0.041746117,0.2915299,0.30327284,-0.05952221,0.28894255,0.16262662,-0.073620096,0.28750822,0.042050183,-0.08329667,0.16683774,0.58997107,-0.05037012,0.088922046,0.4398661,-0.06774574,0.039241962,0.33956096,-0.07575258,0.0,0.24371298,-0.08030715,key_4
463,0.35521466,1.0,6.036673e-07,0.54660416,0.93523675,-0.030173734,0.7133915,0.8547481,-0.050722577,0.8658265,0.8236597,-0.07027221,1.0,0.82284015,-0.090776816,0.5849083,0.53083956,-0.0358478,0.68144447,0.3363041,-0.058763467,0.7312499,0.21146165,-0.07701942,0.76533693,0.09853691,-0.09043673,0.4467337,0.49661738,-0.03859342,0.48548335,0.2665314,-0.057580017,0.50142044,0.12081993,-0.07358377,0.5069908,0.0,-0.08574278,0.31219134,0.52358776,-0.04440387,0.30380023,0.31033123,-0.06294684,0.2993056,0.17031837,-0.07772004,0.2966022,0.05047713,-0.0880318,0.18135005,0.5986238,-0.053018212,0.09748204,0.44998422,-0.07139602,0.04316447,0.34975377,-0.07989986,0.0,0.25439033,-0.084813096,key_4
464,0.37810254,1.0,6.291839e-07,0.5603177,0.93601155,-0.031689834,0.7187227,0.85688263,-0.0543436,0.8667175,0.83225596,-0.07572043,1.0,0.8351567,-0.09838865,0.59555864,0.54383546,-0.04221541,0.6870946,0.350995,-0.06770071,0.7371385,0.22504306,-0.08724901,0.77176154,0.11138994,-0.101519234,0.4569447,0.51093656,-0.04567053,0.4882595,0.2787579,-0.06771517,0.50426674,0.12844847,-0.08528733,0.5088226,0.0,-0.09863235,0.3218729,0.53927284,-0.052180562,0.30600074,0.32608432,-0.07397135,0.29785845,0.1771658,-0.090745494,0.28987893,0.0488797,-0.102250114,0.191753,0.61442596,-0.061394006,0.09883364,0.45502985,-0.082390144,0.043163642,0.3476188,-0.09236784,0.0,0.24499616,-0.09839361,key_4
465,0.3843199,1.0,5.5710217e-07,0.5633374,0.9292372,-0.031445254,0.7228831,0.85421187,-0.052902903,0.8668159,0.8376883,-0.07382771,1.0,0.84568775,-0.09633961,0.5992004,0.53195995,-0.037996497,0.68652856,0.3421869,-0.06341237,0.7332958,0.22115676,-0.08364492,0.7759729,0.11250931,-0.09865426,0.4560065,0.49107975,-0.041056152,0.47069225,0.26149958,-0.062471613,0.4819928,0.11844379,-0.08082885,0.49287248,0.0,-0.09446532,0.32138565,0.521932,-0.047368076,0.27506715,0.31149277,-0.06811226,0.24817587,0.16733618,-0.08626482,0.23834674,0.04046537,-0.09910957,0.199665,0.60667104,-0.056577902,0.10083371,0.47943965,-0.0761326,0.040877145,0.38965738,-0.08678293,0.0,0.30534708,-0.09354366,key_4
466,0.24907324,1.0,-2.9952545e-07,0.49577853,0.89570844,-0.027928602,0.6973066,0.76136017,-0.05385874,0.8686282,0.7385434,-0.08217483,1.0,0.7658577,-0.107626885,0.5643374,0.23803209,-0.035814777,0.6008806,0.0,-0.08554083,0.6253616,0.31270087,-0.11404207,0.6436283,0.5285906,-0.1258124,0.36772406,0.26447907,-0.04205145,0.3742823,0.0815038,-0.0929331,0.44913787,0.42941985,-0.10727281,0.5033105,0.6362751,-0.107495844,0.18375088,0.35537985,-0.053468455,0.17327702,0.17547137,-0.09851016,0.2773264,0.50869757,-0.093242005,0.34100145,0.7123017,-0.07855889,0.016889686,0.49117103,-0.067337945,0.0,0.4110651,-0.09400034,0.09737215,0.6209611,-0.0864303,0.16458139,0.7590497,-0.07345956,key_4
467,0.1355638,1.0,3.5154716e-07,0.38440022,0.9034134,-0.020230899,0.61323375,0.79462785,-0.042355422,0.81707203,0.7496715,-0.06552022,1.0,0.7021882,-0.09172813,0.51879007,0.319664,-0.043168835,0.6947409,0.0973591,-0.08030461,0.8170367,0.124419644,-0.10774758,0.9013055,0.21261498,-0.124365196,0.36286804,0.29446608,-0.053235456,0.47283858,0.055454087,-0.084299736,0.588572,0.06346246,-0.10740301,0.6675571,0.13565445,-0.12330912,0.18667518,0.363795,-0.06566158,0.20902827,0.1357516,-0.09487845,0.26527998,0.045578733,-0.11580712,0.30771202,0.0,-0.13109827,0.010801787,0.50944966,-0.07888635,0.0,0.41085106,-0.104552336,0.051161375,0.37171927,-0.11718273,0.106248304,0.34584635,-0.12603831,key_4
468,0.23865235,1.0,8.377911e-07,0.46155572,0.9750291,-0.032292694,0.6653251,0.91719013,-0.05478113,0.84515685,0.8872566,-0.07476817,1.0,0.8821816,-0.095303215,0.59357685,0.5715999,-0.044408217,0.73865706,0.3952508,-0.071474425,0.8331123,0.2814913,-0.091755465,0.90853786,0.18352959,-0.10569456,0.44283536,0.52081555,-0.048147984,0.501561,0.28673708,-0.07140729,0.5494097,0.12971333,-0.090428755,0.58733577,0.0,-0.10363147,0.2887632,0.5387974,-0.05471058,0.29743195,0.31616893,-0.07926578,0.31376472,0.16021343,-0.09844436,0.33673334,0.030593177,-0.11040988,0.14089741,0.617748,-0.063375786,0.07482069,0.4599174,-0.08699731,0.029089792,0.3548009,-0.09802668,0.0,0.2570134,-0.10345198,key_4
469,0.18760088,1.0,5.604504e-07,0.4298497,0.93891287,-0.022030175,0.6568456,0.85690755,-0.036360975,0.8417585,0.8111642,-0.05093914,1.0,0.7933308,-0.06622743,0.5556563,0.5284174,-0.021165486,0.69015914,0.34405324,-0.040532473,0.7663821,0.23431332,-0.056358323,0.82521045,0.13738605,-0.067674905,0.406286,0.48081616,-0.026095072,0.48463404,0.24727029,-0.04235255,0.53061795,0.113852166,-0.0566241,0.5625628,0.0,-0.067056604,0.25094157,0.49010375,-0.034074668,0.27027708,0.27383697,-0.05068042,0.29006737,0.13582988,-0.06318163,0.3147026,0.013502363,-0.07172728,0.09072337,0.5436487,-0.044398077,0.04175444,0.38096398,-0.06017934,0.01257659,0.274758,-0.066905476,0.0,0.16904986,-0.07068273,key_4
470,0.16142064,1.0,4.7321276e-07,0.42079803,0.9446662,-0.019618895,0.65728384,0.84602314,-0.03107881,0.84303427,0.7831984,-0.04283357,1.0,0.76465243,-0.055090334,0.5493653,0.5223656,-0.017240822,0.69431525,0.3424407,-0.033732194,0.7741638,0.22960925,-0.047869798,0.8348171,0.12838288,-0.05830102,0.39712173,0.4732857,-0.021373037,0.4883473,0.25397786,-0.034979366,0.53955775,0.116844155,-0.04718114,0.57397616,0.0,-0.05635575,0.23813428,0.47876906,-0.028325867,0.26623482,0.26853582,-0.041787785,0.29027027,0.13384698,-0.0519679,0.3191332,0.015556477,-0.05918945,0.07096159,0.52883816,-0.037560187,0.027306717,0.36773518,-0.050482295,0.006375857,0.26025507,-0.055705573,0.0,0.15826319,-0.05865877,key_4
471,0.17756717,1.0,4.6143083e-07,0.43618852,0.94721717,-0.018762657,0.6652004,0.84598154,-0.029371934,0.8421834,0.77605605,-0.040402345,1.0,0.75536007,-0.05184473,0.55429155,0.5164409,-0.014663059,0.6945453,0.3355294,-0.030056072,0.77372104,0.22489987,-0.043602906,0.83469415,0.12444138,-0.053745348,0.40104657,0.46959898,-0.018997472,0.48869655,0.25166732,-0.031754617,0.5403585,0.11645594,-0.043757673,0.57542783,0.0,-0.05278418,0.24398525,0.47679704,-0.026144117,0.26818895,0.26722154,-0.039401658,0.28732902,0.13258398,-0.049534056,0.3108987,0.014521195,-0.056591574,0.081209876,0.5287361,-0.035475224,0.0326765,0.36607146,-0.04861467,0.008925931,0.25746754,-0.05399767,0.0,0.15362982,-0.05691348,key_4
472,0.20575896,1.0,4.8038123e-07,0.45792827,0.94652313,-0.019619338,0.67844564,0.8462352,-0.030644821,0.84708494,0.77251744,-0.041816927,1.0,0.75412667,-0.053371392,0.5647747,0.5192615,-0.016488427,0.7004288,0.33769113,-0.03205531,0.7776029,0.22483002,-0.045552466,0.8366659,0.12369258,-0.055654604,0.41090965,0.47202384,-0.02037692,0.49272174,0.25334555,-0.033421084,0.54157007,0.116273,-0.045467664,0.5743685,0.0,-0.05435736,0.25567102,0.47995836,-0.026988683,0.27750194,0.26590753,-0.040617783,0.2914092,0.12885708,-0.051193133,0.3092617,0.01154797,-0.05839031,0.09819689,0.5344914,-0.035722505,0.042975105,0.3733623,-0.049352825,0.014220066,0.2656011,-0.055141605,0.0,0.16392574,-0.058113534,key_4
473,0.22282258,1.0,4.858894e-07,0.46926606,0.94436574,-0.020823332,0.67957306,0.8407103,-0.03235796,0.8455897,0.7625787,-0.043808453,1.0,0.7452087,-0.055484753,0.56929237,0.5186907,-0.016816221,0.70482886,0.33835876,-0.032229666,0.78018,0.22485964,-0.045772288,0.83581126,0.12190608,-0.056057557,0.41861576,0.47222003,-0.020322926,0.5002684,0.25348982,-0.033221573,0.54423386,0.11588647,-0.045024205,0.5713024,0.0,-0.053736076,0.26594445,0.4809154,-0.026721423,0.29029164,0.27001956,-0.0405041,0.3055274,0.13559268,-0.050956693,0.3223259,0.021795638,-0.058006346,0.11035284,0.53617764,-0.035358846,0.052233476,0.37615046,-0.04904916,0.019712867,0.2709173,-0.054686185,0.0,0.17226534,-0.057574652,key_4
474,0.2524938,1.0,4.5548626e-07,0.49181163,0.93541974,-0.018140836,0.6963302,0.8196705,-0.027695678,0.8529223,0.73799527,-0.037563026,1.0,0.7156794,-0.047942974,0.56877273,0.5075221,-0.014474906,0.69018507,0.32459357,-0.028598338,0.757634,0.2113072,-0.04114695,0.80753213,0.10992801,-0.050798353,0.4204052,0.4667199,-0.018807707,0.4864544,0.2466606,-0.030456332,0.5248103,0.11166935,-0.04158782,0.5477908,0.0,-0.050046068,0.2730086,0.48001444,-0.02581601,0.28548416,0.26663724,-0.03859055,0.2940313,0.13179022,-0.04893757,0.30573687,0.018363716,-0.05621358,0.12533878,0.53975195,-0.03483753,0.059697904,0.38014218,-0.04815169,0.023086168,0.27551338,-0.05398573,0.0,0.17774235,-0.057164896,key_4
475,0.31149155,1.0,4.3957516e-07,0.53567326,0.9245635,-0.019446032,0.722993,0.7970474,-0.029156595,0.86747164,0.709315,-0.038718946,1.0,0.67142195,-0.04886661,0.57524097,0.4972054,-0.016632121,0.674747,0.31446913,-0.030402364,0.73169726,0.20105886,-0.042624764,0.7745025,0.101455845,-0.052161094,0.43240443,0.46193957,-0.020508233,0.4713239,0.23866059,-0.03168501,0.4981927,0.105282865,-0.0425011,0.5143578,0.0,-0.05112953,0.29554328,0.48189515,-0.027207743,0.29637256,0.26555446,-0.040097386,0.2993062,0.1272765,-0.051281262,0.30670458,0.01285832,-0.059515625,0.16538838,0.5480173,-0.03597456,0.07812556,0.39023364,-0.050704375,0.030119102,0.27923462,-0.058435846,0.0,0.17313083,-0.06315362,key_4
476,0.3312728,1.0,4.230563e-07,0.54164195,0.90569764,-0.019827176,0.72181857,0.77008975,-0.031263888,0.8691996,0.68460906,-0.042973604,1.0,0.6400912,-0.0553813,0.5449691,0.50547826,-0.01815226,0.62849164,0.3247941,-0.035522837,0.6817674,0.2120532,-0.050062772,0.7243095,0.113492206,-0.060817875,0.4093777,0.47530293,-0.022936165,0.42389643,0.24732529,-0.037861902,0.44156674,0.1112456,-0.050461784,0.45330033,0.0,-0.06002067,0.28407618,0.49783453,-0.03073766,0.26809573,0.2850363,-0.04670537,0.2669358,0.14655969,-0.058031898,0.2724556,0.02681419,-0.065957814,0.16781399,0.5641369,-0.04066521,0.077049404,0.41030237,-0.056547403,0.02958465,0.30154842,-0.0637176,0.0,0.19504583,-0.06811651,key_4
477,0.3628608,1.0,4.048293e-07,0.5624763,0.89299303,-0.018963829,0.73234725,0.7564525,-0.031815335,0.87554383,0.6713556,-0.045352906,1.0,0.62045383,-0.059906792,0.53835166,0.4971297,-0.02087178,0.60404515,0.31264797,-0.04031686,0.6513875,0.19871077,-0.05609441,0.69229394,0.10129798,-0.067369156,0.40799037,0.4762067,-0.026844546,0.39815146,0.24766503,-0.042945355,0.4038652,0.11038384,-0.056485493,0.4070497,0.0,-0.0666789,0.2951954,0.5094561,-0.035547912,0.25265282,0.29973075,-0.05135611,0.2380518,0.16024138,-0.06325561,0.23490816,0.0371369,-0.07193278,0.19769445,0.5886828,-0.046330206,0.08948855,0.45009363,-0.06168153,0.034769204,0.34855318,-0.068791345,0.0,0.2499061,-0.07328759,key_4
478,0.40244293,1.0,3.9168478e-07,0.5885965,0.89244425,-0.017366188,0.7501689,0.7530412,-0.030000925,0.88361394,0.6686092,-0.043736856,1.0,0.62260115,-0.058637574,0.55909145,0.49094486,-0.020096142,0.6066053,0.303234,-0.038797677,0.64201313,0.18781656,-0.05360527,0.67263716,0.09195942,-0.06423288,0.43289927,0.47936127,-0.027183807,0.40563866,0.2490721,-0.043092947,0.40228698,0.109428935,-0.05617392,0.39810136,0.0,-0.0658512,0.32844642,0.5203497,-0.036861476,0.2691991,0.31381172,-0.05297838,0.24421915,0.1730824,-0.06543636,0.23082829,0.052590445,-0.07421427,0.24455495,0.60519326,-0.048419833,0.123041406,0.47277108,-0.06485878,0.05193651,0.37350446,-0.07294,0.0,0.27605483,-0.07783406,key_4
479,0.4025486,1.0,3.6239052e-07,0.58601516,0.8880471,-0.019147627,0.74523866,0.7516493,-0.033692554,0.8811342,0.6679144,-0.049308386,1.0,0.62038344,-0.066392474,0.55067325,0.49524665,-0.02400623,0.5874433,0.30509603,-0.044893403,0.61620253,0.18787627,-0.061486013,0.6447323,0.08868775,-0.073542796,0.4293425,0.488424,-0.031068213,0.39282653,0.25881457,-0.049019147,0.38506165,0.114093594,-0.063832276,0.3786723,0.0,-0.074811794,0.33177045,0.53642416,-0.04071595,0.26325879,0.32609543,-0.058780007,0.23504731,0.1873734,-0.07300838,0.21908465,0.06537752,-0.08308966,0.2602491,0.62950546,-0.052303385,0.13462886,0.5092363,-0.07100234,0.05903432,0.4179065,-0.08077763,0.0,0.3269976,-0.086858615,key_4
480,0.40436497,1.0,3.0985606e-07,0.5907723,0.8821755,-0.01647252,0.7467928,0.7416083,-0.030176075,0.8795359,0.6514867,-0.04541491,1.0,0.5967141,-0.061955348,0.5381891,0.48846954,-0.020383622,0.57119584,0.2946885,-0.04093381,0.5954753,0.17424153,-0.05748011,0.62209404,0.07112436,-0.06968119,0.41939804,0.4875038,-0.02854923,0.36642843,0.26176423,-0.047105838,0.35388905,0.115837604,-0.062409703,0.34463614,0.0,-0.073759176,0.32763577,0.53667945,-0.03919235,0.23623568,0.33041295,-0.057156723,0.20709711,0.18953755,-0.07063387,0.19217122,0.064617805,-0.08017936,0.2651045,0.62762713,-0.051645715,0.12573615,0.50298345,-0.06983306,0.05330838,0.40011472,-0.07955008,0.0,0.2969636,-0.08571597,key_4
481,0.37211815,1.0,2.8722118e-07,0.5702714,0.87695736,-0.012446345,0.7287901,0.7368865,-0.025817938,0.8694861,0.6497738,-0.041247535,1.0,0.5907724,-0.05847195,0.502647,0.49240926,-0.01955058,0.5167606,0.29943225,-0.041052908,0.54338795,0.17817761,-0.058223482,0.5805204,0.07282183,-0.07056694,0.39287314,0.49695975,-0.030075867,0.32422975,0.27332166,-0.048711404,0.31210268,0.12507106,-0.064176716,0.30838397,0.0,-0.07589911,0.30786702,0.549891,-0.042662,0.20704676,0.3496849,-0.06009789,0.18169983,0.20532079,-0.072738804,0.17482877,0.073013104,-0.08202837,0.25086617,0.64370483,-0.05675552,0.101735845,0.5211974,-0.0741643,0.038606584,0.41339213,-0.08287868,0.0,0.30520362,-0.088698804,key_4
482,0.23986576,1.0,2.8664584e-07,0.48554638,0.8344271,-0.00020712659,0.64634466,0.6808482,-0.009690567,0.82402426,0.59928006,-0.024091506,1.0,0.5409051,-0.039039142,0.31237683,0.4440015,-0.007482778,0.274315,0.24769758,-0.028114285,0.3628216,0.14354292,-0.044158664,0.4921966,0.062319227,-0.055304173,0.22523734,0.47183916,-0.024246939,0.046236273,0.24557193,-0.04491469,0.13543656,0.10459062,-0.06077027,0.25989035,0.0,-0.07242244,0.16629146,0.54858786,-0.042397156,0.02568084,0.35955414,-0.06390757,0.19388561,0.3030898,-0.07349526,0.36972576,0.2775627,-0.078547835,0.15291622,0.6512304,-0.06115585,0.0,0.5205905,-0.08004556,0.044121753,0.44733343,-0.08664848,0.12057074,0.3994273,-0.09032474,key_4
483,0.254273,1.0,3.0526917e-07,0.5104118,0.8598993,0.004716183,0.6554015,0.6914178,-0.00039096296,0.8165787,0.5899668,-0.010438889,1.0,0.5129835,-0.020095697,0.22275892,0.4521502,0.0016351835,0.14873655,0.22910209,-0.013978931,0.2823741,0.09124654,-0.027295573,0.4393046,0.009405717,-0.03586881,0.1286761,0.47539353,-0.01433707,0.0,0.1960619,-0.030207999,0.17795205,0.05458288,-0.04155554,0.38684806,0.0,-0.04835073,0.106052294,0.5313418,-0.03155299,0.06846935,0.28747663,-0.049603205,0.28041306,0.1629721,-0.06116543,0.48390794,0.108993925,-0.06750439,0.17695999,0.6115946,-0.048674032,0.3090405,0.46083245,-0.06541663,0.510794,0.3819262,-0.072908364,0.6943059,0.33888283,-0.076975316,key_4
484,0.028854294,1.0,3.1100117e-07,0.39260867,0.83603007,0.01079012,0.51392615,0.66381747,0.010192617,0.60655653,0.54170525,0.0039824923,0.6554358,0.430166,-0.0021820792,0.18457024,0.48851776,0.0012608792,0.12100256,0.26367417,-0.015373473,0.2509051,0.11934371,-0.028145472,0.39192948,0.02508977,-0.036119953,0.12938344,0.48800412,-0.015930666,0.0,0.21299267,-0.03336097,0.23662293,0.06754774,-0.043843664,0.49878594,0.0,-0.049121577,0.1681349,0.5288218,-0.0333544,0.20966108,0.29859453,-0.051799007,0.47474444,0.18122609,-0.062113803,0.703236,0.12299921,-0.06704989,0.31995186,0.59860307,-0.050066326,0.57749194,0.482534,-0.06570611,0.8100467,0.39726737,-0.07261299,1.0,0.3385728,-0.07594307,key_4
485,0.0,1.0,3.7239448e-07,0.10122153,0.7282389,0.010936807,0.23680674,0.5029882,0.007042224,0.37434518,0.36377233,-0.0022428392,0.51133275,0.2662984,-0.010931426,0.12572783,0.44406188,-0.011894868,0.12639174,0.16289343,-0.034817632,0.30271488,0.04342048,-0.048610467,0.484159,0.0,-0.05496064,0.15039738,0.4876011,-0.029956173,0.15475774,0.18836689,-0.05183775,0.37332845,0.04927525,-0.06179044,0.58481354,0.0027956127,-0.06606078,0.24502277,0.57038665,-0.04779174,0.378129,0.32979295,-0.06737439,0.61287355,0.20887364,-0.07597978,0.8021705,0.15002674,-0.07937775,0.3981543,0.6759858,-0.06487217,0.62607646,0.5412557,-0.078321874,0.82914585,0.44745812,-0.08289785,1.0,0.38141713,-0.084593914,key_4
486,0.023533706,1.0,2.4078986e-07,0.0,0.718541,0.015938938,0.11913768,0.478565,0.01399143,0.26726165,0.34083575,0.008135406,0.41681066,0.24702139,0.004281893,0.0832208,0.40675527,-0.014788342,0.21432254,0.07520584,-0.032750156,0.43322644,0.0,-0.037618138,0.5775146,0.041686434,-0.035003312,0.21975647,0.46820536,-0.029667543,0.5111766,0.14924094,-0.045794196,0.73210776,0.09404269,-0.043512,0.8162778,0.14384753,-0.03581413,0.37780437,0.57112944,-0.042471323,0.7424597,0.29681262,-0.049672466,0.8990976,0.2659077,-0.03381928,0.9257322,0.29601076,-0.018235276,0.5533248,0.70427036,-0.054331604,0.87297386,0.5095229,-0.05277273,0.98354465,0.4552355,-0.03671097,1.0,0.44357333,-0.02072932,key_4
487,0.06578786,1.0,-1.4520944e-07,0.0,0.68304837,0.012460836,0.10805596,0.41587302,0.008152207,0.33337963,0.26199952,0.0009374661,0.5886733,0.18618655,-0.0043326374,0.08647194,0.29359487,-0.019591013,0.4961261,0.0,-0.030880405,0.6375052,0.09215256,-0.029826432,0.58250517,0.20411582,-0.025648534,0.30242744,0.37697375,-0.03331773,0.8012602,0.11955044,-0.039075427,0.8524465,0.23130666,-0.032280773,0.7184208,0.32336524,-0.027380701,0.5228101,0.50402474,-0.044632647,0.94541335,0.28482136,-0.043797854,0.9308115,0.3955193,-0.028170608,0.7952571,0.4762047,-0.019580988,0.7151295,0.6555275,-0.055076193,1.0,0.4777342,-0.0483304,0.95507973,0.5540922,-0.031563208,0.8434638,0.6214699,-0.02069285,key_4
488,0.07983228,1.0,-1.5754698e-07,0.0015937054,0.6314535,0.010377589,0.15228117,0.35813516,0.0052939476,0.4877859,0.20020518,-0.0028039434,0.8090406,0.14211774,-0.008301138,0.0,0.24807723,-0.010138787,0.46518221,0.0,-0.0181483,0.58047616,0.092867486,-0.018389378,0.5281007,0.1837942,-0.016982328,0.24647246,0.33048633,-0.022404715,0.73334974,0.10230817,-0.023856165,0.79825306,0.20908102,-0.0185954,0.6902429,0.2974309,-0.016496865,0.5078315,0.4396109,-0.03319938,0.9310012,0.22865616,-0.029265959,0.94204205,0.33678475,-0.015570243,0.82188475,0.42849454,-0.0092559755,0.748824,0.56400347,-0.04377706,1.0,0.40447643,-0.034638077,0.973406,0.48508397,-0.019814566,0.88536125,0.5593628,-0.011247265,key_4
489,0.1064217,1.0,-1.6333067e-07,0.026207587,0.6317282,0.006195264,0.21248391,0.35003126,-0.002257781,0.5881179,0.19133171,-0.013166785,0.9175068,0.13577506,-0.020944158,0.0,0.22705267,-0.010031841,0.48423108,0.0,-0.022809936,0.54886633,0.11772913,-0.02899848,0.44161132,0.22426432,-0.031564172,0.24162854,0.3143661,-0.021793704,0.717357,0.104094654,-0.026861042,0.73983514,0.22146912,-0.025890306,0.5898737,0.31047422,-0.026748432,0.506905,0.42302224,-0.03296432,0.90575343,0.22211577,-0.03183182,0.8889568,0.33662924,-0.020201335,0.7487495,0.42050257,-0.015044056,0.75914484,0.54411685,-0.04437834,1.0,0.38605338,-0.036344107,0.95375544,0.48935,-0.021771213,0.8545044,0.5685583,-0.013522628,key_4
490,0.1371734,1.0,-1.4139017e-07,0.029434629,0.632542,0.006980824,0.19884488,0.35333216,-0.0013393248,0.57546955,0.22363393,-0.011875027,0.9239695,0.2145091,-0.019694984,0.0,0.22883588,-0.013513627,0.5018527,0.0,-0.023968585,0.5534929,0.1208727,-0.027597066,0.43633065,0.2275959,-0.0288325,0.25477767,0.31894028,-0.02490938,0.7316025,0.10520704,-0.027575094,0.7437171,0.22465932,-0.024262808,0.59755474,0.32164273,-0.023966407,0.52876383,0.4286749,-0.035134267,0.9066605,0.22662243,-0.031036232,0.880461,0.3417647,-0.018514365,0.7427527,0.43310437,-0.0134620415,0.78691936,0.5479177,-0.0455277,1.0,0.38951796,-0.035427846,0.9462584,0.49245057,-0.020484647,0.84784776,0.5753009,-0.012396463,key_4
491,0.12345154,1.0,-1.776892e-07,0.0,0.6424096,0.0059130783,0.10246304,0.3493484,-0.0012319798,0.36088607,0.189871,-0.010212708,0.6183976,0.14643672,-0.016767377,0.020704022,0.21662275,-0.014145103,0.5062889,0.0,-0.02556069,0.54942715,0.11490758,-0.030389791,0.42760772,0.22210442,-0.032179736,0.28109255,0.3167514,-0.024570351,0.7363618,0.12430026,-0.027840575,0.7407491,0.23713067,-0.02489838,0.5983239,0.3296063,-0.024620848,0.55210114,0.43821585,-0.03390674,0.9076212,0.25283372,-0.032008436,0.8800446,0.3642466,-0.020166501,0.74824786,0.45795953,-0.014931651,0.79729563,0.56854296,-0.043307237,1.0,0.42173922,-0.03677106,0.9463482,0.5245553,-0.023093091,0.84744376,0.60960335,-0.014803808,key_4
492,0.074736536,1.0,-2.6289166e-07,0.0,0.6371235,0.005924038,0.11447877,0.33538616,0.0014637972,0.29204178,0.12364773,-0.0048338557,0.4678976,0.0,-0.008958895,0.1831587,0.21556069,-0.0085358145,0.60717756,0.044633456,-0.019286862,0.64531827,0.15337092,-0.025077684,0.5309721,0.24370842,-0.02754535,0.41449103,0.33372265,-0.018011238,0.80231565,0.1819028,-0.019764435,0.8034053,0.27700898,-0.01745179,0.67330027,0.35480836,-0.017921256,0.6415036,0.4721448,-0.02683665,0.93684375,0.34125164,-0.025377395,0.9062521,0.42439854,-0.015243066,0.77908164,0.49569196,-0.011140202,0.8338066,0.6210121,-0.03561858,1.0,0.5127845,-0.030219618,0.9462434,0.5877248,-0.018017255,0.84329545,0.6505063,-0.010397381,key_4
493,0.012628555,1.0,-2.774828e-07,0.0,0.58832294,0.007014698,0.22355759,0.29704782,0.0042933607,0.4959541,0.18087387,-0.001482042,0.7106898,0.15598527,-0.0061796177,0.44919065,0.10698487,-0.00085447385,0.8202971,0.0,-0.010049159,0.80668706,0.14482413,-0.017352873,0.68261003,0.23326465,-0.021822339,0.64389455,0.2798324,-0.011016778,0.9504976,0.20985101,-0.011350706,0.8969617,0.32356864,-0.011795673,0.7599667,0.3910701,-0.014532384,0.79521465,0.4895563,-0.02092996,0.99193764,0.4565906,-0.016983561,0.90803593,0.54607844,-0.010038486,0.77179193,0.59394634,-0.009125203,0.89573854,0.7079086,-0.031282276,1.0,0.6883721,-0.024020145,0.89810514,0.75389284,-0.0140797235,0.78265333,0.7843882,-0.008971956,key_4
494,0.0,1.0,-3.9224545e-07,0.096152745,0.44857752,0.0137203885,0.36221504,0.15583658,0.021510983,0.5779041,0.07877317,0.025693882,0.70885587,0.097947985,0.030054836,0.7903424,0.0,0.023674697,0.93172693,0.065876946,0.028628193,0.81726676,0.17932436,0.026220972,0.6975178,0.22535475,0.023318652,0.88436216,0.29731792,0.014647279,1.0,0.37359828,0.027248016,0.87873393,0.43065727,0.027676066,0.748842,0.46930724,0.024180891,0.894401,0.6062872,0.0059846616,0.94906497,0.64397264,0.016365323,0.83203804,0.6788196,0.017356118,0.7130635,0.69687563,0.0140609965,0.8513748,0.8840879,-0.0022687865,0.87484735,0.8837634,0.006147479,0.7681102,0.8950164,0.011188181,0.6643811,0.9071365,0.0132091725,key_4
495,0.0,0.30346176,-5.0065563e-07,0.34839958,0.0,0.013338107,0.6731509,0.07826382,0.020273678,0.81501484,0.29131636,0.023048738,0.8376263,0.4846637,0.025683269,0.97322744,0.17224771,0.022716567,1.0,0.47381675,0.024017673,0.89839834,0.47220808,0.019229986,0.8236427,0.39276287,0.014332643,0.9053436,0.46861696,0.0130450735,0.8736795,0.7017172,0.020584464,0.774009,0.6420787,0.017802691,0.6943115,0.5425075,0.012622881,0.7738259,0.72465616,0.003804565,0.7330674,0.8684463,0.012044567,0.6376143,0.80582243,0.011473344,0.56989264,0.7051835,0.0074299984,0.6258268,0.9161632,-0.0053707385,0.58272034,1.0,0.0014836043,0.51269376,0.93971163,0.0045969863,0.4609752,0.84286165,0.0055125994,key_4
496,0.0,0.11938771,-3.0635937e-07,0.36560965,0.0,0.008577573,0.68638957,0.21099178,0.012483606,0.7920623,0.47433048,0.013204492,0.7914937,0.6750188,0.0148250945,0.99255216,0.36787763,0.016802644,1.0,0.6964529,0.015478347,0.8850197,0.6700754,0.009702551,0.8254708,0.55171347,0.004189309,0.8748498,0.6109561,0.0073929247,0.8322653,0.86112344,0.01306932,0.7363101,0.7731058,0.011286357,0.67891216,0.64073896,0.006964537,0.7031115,0.78935903,-0.002388046,0.64832306,0.94410217,0.0040814765,0.5541639,0.847423,0.0059911003,0.50888264,0.7201274,0.0037294927,0.5163341,0.90841234,-0.012791844,0.45540282,1.0,-0.006041908,0.38320172,0.89744157,-0.0015302164,0.35122013,0.7740515,4.7833095e-05,key_4
497,0.0,0.0066487533,-2.465501e-07,0.3899474,0.0,0.010146418,0.69803643,0.29385978,0.010930662,0.80292904,0.57163376,0.0078041814,0.7934822,0.7706034,0.0060932804,0.9941271,0.48246133,0.011700448,1.0,0.8602789,0.0089558745,0.86671275,0.83616394,0.004082039,0.79667294,0.72231054,-0.00033682954,0.83204335,0.64506215,0.00014797637,0.7684608,0.9845829,0.0047322754,0.67153335,0.88934386,0.004559451,0.6248705,0.75026983,0.0013495581,0.6219182,0.76303864,-0.011298407,0.5505764,1.0,-0.003553666,0.46843657,0.88358086,0.0014539054,0.4387865,0.74761003,0.0006647793,0.40084344,0.8323453,-0.023398234,0.33530518,0.98512465,-0.012327549,0.27821642,0.86222184,-0.003849621,0.26838824,0.7317167,-0.000330418,key_4
498,0.0,0.0,-2.2504392e-07,0.41133726,0.041825287,0.011287023,0.71209276,0.33823007,0.011581676,0.8170691,0.6037518,0.008376006,0.8146731,0.7994366,0.0066535748,1.0,0.5241531,0.006686702,0.9652455,0.93706954,0.0034695556,0.83420575,0.88968444,0.000110781286,0.78548807,0.77211493,-0.0029193244,0.8243388,0.64282835,-0.0045562643,0.7236344,1.0,0.00041549874,0.6283996,0.9056091,0.002978393,0.6027489,0.7859346,0.0013827566,0.6010595,0.72604597,-0.015268061,0.51098275,0.98103046,-0.006536568,0.43429983,0.8658494,0.000966134,0.42428353,0.74098736,0.0013777065,0.37663946,0.7683507,-0.026334247,0.3014894,0.9169113,-0.014162995,0.24162507,0.80414766,-0.004116978,0.24304512,0.69352376,0.0002589696,key_4
499,0.0,0.0,-1.9518127e-07,0.41003373,0.14027464,0.005775645,0.6613761,0.44800574,-0.0017397254,0.7069419,0.7652563,-0.011217614,0.67895263,1.0,-0.017802512,1.0,0.40467447,-0.015000643,0.93202406,0.8341983,-0.026663005,0.7775276,0.78033096,-0.03147695,0.74202186,0.66609836,-0.03424007,0.7928211,0.44860435,-0.026425704,0.63120353,0.83758444,-0.028791541,0.5255024,0.7513046,-0.025373751,0.535191,0.6420903,-0.026394187,0.54395914,0.49741334,-0.037038602,0.3819804,0.79819155,-0.03304402,0.31455567,0.6887788,-0.02201687,0.34720194,0.57681185,-0.019182838,0.29877764,0.53859603,-0.048196092,0.2065223,0.7290981,-0.037611272,0.15051611,0.6263055,-0.02478098,0.17666857,0.53354985,-0.018831406,key_4
500,0.0,0.0,-1.8260532e-07,0.40613917,0.12691176,0.004080054,0.66771346,0.42826992,-0.005452084,0.7325859,0.7568149,-0.016406404,0.7164177,1.0,-0.024076438,1.0,0.34547654,-0.022861365,0.9593732,0.80330217,-0.036714207,0.8217565,0.7501897,-0.040441774,0.7930858,0.6292934,-0.04211135,0.8027361,0.36742082,-0.034256455,0.6734056,0.8001804,-0.040467594,0.56837773,0.70612156,-0.03567147,0.58628625,0.58977234,-0.035463504,0.56606615,0.4025162,-0.044763237,0.43605927,0.76614153,-0.044751283,0.3668577,0.6511583,-0.032282308,0.4027619,0.5276594,-0.027955597,0.33460864,0.43966353,-0.055761423,0.2627101,0.6973882,-0.048202425,0.20868158,0.5972927,-0.035447665,0.23609902,0.49078193,-0.029412715,key_4
501,0.0,0.0,-1.4678655e-07,0.39715958,0.1520883,-0.0007299406,0.65875226,0.45464626,-0.013765598,0.721349,0.7779693,-0.027920773,0.6943608,1.0,-0.03912049,1.0,0.31905854,-0.030210152,0.91711724,0.76028824,-0.047721658,0.7707069,0.720751,-0.053530093,0.73728377,0.60351574,-0.056746893,0.78549474,0.2984591,-0.04158797,0.6266106,0.7621375,-0.05272077,0.52584386,0.6674482,-0.04923139,0.5620169,0.54192185,-0.049553446,0.53081644,0.30410218,-0.052431915,0.38186082,0.71911585,-0.058253866,0.31972513,0.6026843,-0.047003422,0.37170756,0.4709791,-0.04234859,0.28296906,0.3155896,-0.06408749,0.20518303,0.6369221,-0.061533272,0.16989315,0.5468657,-0.05040904,0.20654926,0.42549643,-0.044811763,key_4
502,0.0,0.0,-8.9310056e-08,0.40201238,0.14476776,-0.004223033,0.69097763,0.44398347,-0.019553343,0.74099386,0.77639747,-0.03530112,0.6737825,1.0,-0.04801697,1.0,0.28130773,-0.04057958,0.9160119,0.71971166,-0.058597755,0.7501249,0.7041449,-0.060985085,0.6887702,0.611201,-0.061589237,0.76576537,0.23755108,-0.051191147,0.60278624,0.7341101,-0.065610535,0.4968962,0.6268336,-0.058967937,0.5386985,0.49555755,-0.056346245,0.4993435,0.22867636,-0.061142404,0.36578354,0.6912512,-0.069884144,0.30873263,0.55918276,-0.056249656,0.3606174,0.42305335,-0.049290124,0.23967361,0.23248522,-0.07213967,0.18695621,0.6080974,-0.07192059,0.16461053,0.5133021,-0.06050414,0.19756268,0.38449845,-0.05424098,key_4
503,0.0,0.0,8.912461e-09,0.4159588,0.18029258,-0.010039284,0.7290614,0.47654912,-0.026640896,0.770695,0.80287635,-0.043109015,0.65834284,1.0,-0.0562823,1.0,0.17575921,-0.042206433,0.936996,0.6507085,-0.061166633,0.7747813,0.6435917,-0.06495453,0.7162045,0.54437876,-0.066951655,0.7528155,0.1083325,-0.05059916,0.6158602,0.68541396,-0.06888706,0.5112127,0.5806625,-0.0641856,0.53944874,0.42636192,-0.062090054,0.48380738,0.091135964,-0.05916333,0.36270645,0.6305115,-0.07111363,0.308383,0.49783537,-0.059265155,0.35838526,0.34908924,-0.052716956,0.22295329,0.09678646,-0.06949738,0.17920773,0.54421353,-0.07262728,0.1633165,0.44603568,-0.06384228,0.1957912,0.29699096,-0.059220128,key_4
504,0.0,0.16711143,3.3573036e-07,0.4967123,0.3620596,-0.013115632,0.8088738,0.56866133,-0.033443376,0.84533936,0.81161064,-0.05325786,0.7698087,1.0,-0.07116787,1.0,0.120707266,-0.051366523,0.96738046,0.54348874,-0.07312639,0.8495599,0.7351547,-0.08118186,0.7547919,0.80397195,-0.086095124,0.7022141,0.022056233,-0.05946732,0.57903385,0.61328286,-0.07928815,0.48342443,0.62770754,-0.07563366,0.5170826,0.5128726,-0.07480157,0.36357796,0.0,-0.06765256,0.25694624,0.54694295,-0.08100535,0.2245394,0.5283489,-0.06690166,0.27094162,0.40140554,-0.058813743,0.041013677,0.010306527,-0.078269884,0.017648326,0.4463803,-0.08615565,0.04342085,0.44651434,-0.07691263,0.08551817,0.3300737,-0.070900984,key_4
505,0.023802742,0.38888246,3.4190808e-07,0.33405936,0.5209988,-0.015254764,0.6349139,0.64496636,-0.036053907,0.80037093,0.82965916,-0.056618318,0.9396458,1.0,-0.07655143,0.80893785,0.18837252,-0.0522168,0.9902376,0.20791869,-0.08608345,1.0,0.39318666,-0.106722444,0.97408855,0.5871832,-0.11854821,0.585533,0.042870678,-0.06116591,0.5235253,0.44171116,-0.09821908,0.4816687,0.7035211,-0.10868857,0.4954255,0.83998096,-0.113806136,0.2905184,0.0,-0.07111171,0.23942226,0.4368132,-0.10386334,0.23720208,0.690876,-0.10287674,0.26669377,0.8307663,-0.09872236,0.0,0.03400435,-0.08228557,0.03511743,0.35934862,-0.10350313,0.048628107,0.55730313,-0.10023666,0.07088108,0.67490333,-0.0948081,key_4
506,0.03337549,0.59231985,7.570764e-07,0.16658802,0.68712974,-0.04090876,0.293062,0.7660735,-0.07272581,0.3771084,0.88903797,-0.100959755,0.4543571,1.0,-0.1315981,0.46454585,0.5432797,-0.076599784,0.7159067,0.4948532,-0.10942507,0.8652998,0.4767068,-0.13127322,1.0,0.46210682,-0.1470762,0.3686397,0.44157994,-0.07681517,0.5503267,0.28612947,-0.10772884,0.6637208,0.18702821,-0.13262658,0.7607382,0.1003591,-0.1516161,0.22958373,0.3960446,-0.07803456,0.29799116,0.22346242,-0.10798269,0.3310526,0.09901589,-0.13214144,0.36363932,0.0,-0.14896947,0.078160584,0.39799616,-0.08139077,0.052642062,0.27169016,-0.10693436,0.020246303,0.1844622,-0.1209243,0.0,0.11177619,-0.1307882,key_4
507,0.052853175,0.6327825,6.7439635e-07,0.18855602,0.70941424,-0.041000493,0.31837675,0.780283,-0.07356773,0.39744514,0.888178,-0.10269921,0.46692044,1.0,-0.13394956,0.5007459,0.55150056,-0.076845646,0.7362547,0.45927766,-0.10898562,0.87730294,0.39526385,-0.12929988,1.0,0.33304268,-0.14410427,0.38572848,0.453226,-0.07780678,0.57939523,0.29620236,-0.10901475,0.6962448,0.18795134,-0.13025221,0.7844598,0.09379855,-0.14548767,0.231374,0.40518105,-0.08017695,0.33427837,0.22991581,-0.110414915,0.38982263,0.103009105,-0.13210571,0.43222055,0.0,-0.14633682,0.06275285,0.4007076,-0.08493199,0.050206568,0.24669595,-0.11236922,0.019053683,0.14790355,-0.12612998,0.0,0.062033065,-0.13475911,key_4
508,0.08752243,0.6626195,7.6392314e-07,0.22670537,0.7276409,-0.039344743,0.356362,0.7959493,-0.07390142,0.42182288,0.8961242,-0.10468942,0.49869475,1.0,-0.13714547,0.5139134,0.5694871,-0.0810515,0.74835646,0.4621021,-0.114609905,0.8849314,0.38210982,-0.13462311,1.0,0.3058915,-0.14858861,0.39896026,0.4734028,-0.082079805,0.59903693,0.31140777,-0.1131538,0.7254276,0.1940081,-0.13138437,0.8224391,0.09135781,-0.14437968,0.24406493,0.42496,-0.0845527,0.35081825,0.23854668,-0.114464425,0.41001064,0.107471965,-0.13620624,0.45670772,0.0,-0.15015228,0.08096829,0.41895476,-0.0890965,0.057632904,0.25934926,-0.116889186,0.020036794,0.15916386,-0.1320352,0.0,0.06567712,-0.14163224,key_4
509,0.097552896,0.67570966,7.635953e-07,0.23828557,0.7346007,-0.0404794,0.3701459,0.79875326,-0.076869406,0.4395177,0.89689064,-0.10965573,0.5234615,1.0,-0.14403126,0.53003293,0.5644664,-0.082934104,0.76184916,0.4494776,-0.11821845,0.89338297,0.36153388,-0.13946967,1.0,0.27897936,-0.15424854,0.40632832,0.47036946,-0.08409745,0.6036608,0.29842725,-0.11618279,0.72485536,0.17503928,-0.13468492,0.8142148,0.06746817,-0.14793725,0.2465804,0.42584834,-0.08686684,0.3380617,0.23412482,-0.11686849,0.38646224,0.1060119,-0.13813451,0.42538643,0.0,-0.15184909,0.08467753,0.4231587,-0.091997385,0.058992215,0.26465857,-0.119651526,0.021319143,0.16475849,-0.13473392,0.0,0.06905508,-0.1444315,key_4
510,0.12638186,0.7098031,8.271565e-07,0.2530924,0.75853795,-0.043225255,0.37570098,0.81707424,-0.08210362,0.43207568,0.90796584,-0.11658906,0.49660498,1.0,-0.1529759,0.5323144,0.57573146,-0.08666506,0.7649761,0.45711413,-0.12245435,0.8973118,0.36270374,-0.144891,1.0,0.27604103,-0.16044092,0.40518543,0.48336828,-0.086150095,0.597746,0.30799064,-0.11773721,0.71886456,0.17800164,-0.13707037,0.8063303,0.063895464,-0.1512261,0.24845283,0.44051668,-0.0872085,0.33078995,0.24707384,-0.11624773,0.38519725,0.112230055,-0.13796568,0.43080965,0.0,-0.1524092,0.090641186,0.4389434,-0.090814054,0.05170146,0.27734697,-0.11674919,0.016533382,0.17427456,-0.13112584,0.0,0.0783312,-0.14079481,key_4
511,0.11895943,0.7120563,8.5335245e-07,0.25874773,0.75722104,-0.044239197,0.39295948,0.8105103,-0.083156034,0.47087875,0.90425766,-0.11803697,0.54991925,1.0,-0.15441626,0.53884006,0.55639786,-0.08617365,0.7717058,0.42659146,-0.12314954,0.89874923,0.32823437,-0.14587066,1.0,0.23754986,-0.16145657,0.40849644,0.46866164,-0.086142965,0.5914237,0.28632572,-0.119235225,0.69911367,0.15691179,-0.1388602,0.7781973,0.045643523,-0.15265816,0.24856596,0.43184462,-0.08799424,0.32767943,0.23660336,-0.11803696,0.37415737,0.10670429,-0.13898918,0.4142206,0.0,-0.15226258,0.087291904,0.4381342,-0.092669204,0.051824197,0.2814143,-0.11875932,0.01610541,0.18513824,-0.13221455,0.0,0.09361679,-0.14065515,key_4
512,0.122497365,0.72611004,8.51534e-07,0.29174843,0.77415514,-0.047591954,0.4528404,0.824653,-0.08757464,0.57722306,0.9155892,-0.123455144,0.70830494,1.0,-0.16048883,0.5773177,0.53628296,-0.08531207,0.7957813,0.3942048,-0.12359314,0.9105068,0.291487,-0.1476972,1.0,0.19907916,-0.16408145,0.43921918,0.45494705,-0.08448311,0.6131209,0.26656964,-0.11849796,0.7108693,0.13554937,-0.13947396,0.780597,0.025775677,-0.15395904,0.27187356,0.42646062,-0.08626496,0.34276637,0.23383108,-0.11701028,0.38759905,0.10488178,-0.13932616,0.4315257,0.0,-0.1534247,0.10142978,0.44050914,-0.091357455,0.05742221,0.29247037,-0.11882653,0.017767703,0.19998683,-0.13326795,0.0,0.1117124,-0.14204918,key_4
513,0.15414912,0.7509749,7.581659e-07,0.33478555,0.8007109,-0.05049684,0.50005156,0.8315656,-0.08848628,0.6517442,0.91163653,-0.122792974,0.7922159,1.0,-0.1581573,0.60738033,0.5223636,-0.07898166,0.79501843,0.37668332,-0.11535064,0.9059128,0.27900392,-0.13886257,1.0,0.18826313,-0.15620402,0.47404358,0.4411073,-0.07823901,0.61450225,0.25751734,-0.11136429,0.70258844,0.13741037,-0.13263053,0.7682711,0.034380924,-0.14799666,0.30884317,0.41825992,-0.080780305,0.3531265,0.22663924,-0.11159885,0.38693917,0.10524179,-0.13304532,0.4260213,0.0,-0.14750142,0.13695896,0.44465554,-0.08747874,0.07577755,0.30103242,-0.11697832,0.025879806,0.20569034,-0.1326911,0.0,0.11391518,-0.14259586,key_4
514,0.18350206,0.7795048,7.5753474e-07,0.38073152,0.8133449,-0.04872584,0.5571033,0.83135366,-0.08582371,0.7188563,0.90867823,-0.11998868,0.87278765,1.0,-0.15539269,0.6374922,0.5170858,-0.07441028,0.8148952,0.362202,-0.11065916,0.9165873,0.25730988,-0.1349774,1.0,0.16057645,-0.15298787,0.49262968,0.4409339,-0.07498259,0.61705697,0.24921148,-0.10753744,0.6907647,0.12377767,-0.12904672,0.74090445,0.020146124,-0.14473136,0.32092223,0.42377347,-0.079044856,0.35520038,0.22725725,-0.10917732,0.38047418,0.10432907,-0.13034357,0.40913922,0.0,-0.14479528,0.1457085,0.45538035,-0.08729153,0.0789581,0.31266537,-0.11610634,0.027969701,0.21760872,-0.13115118,0.0,0.12646076,-0.14064683,key_4
515,0.17930354,0.8082286,8.8234657e-07,0.38433793,0.8262049,-0.050372493,0.5694914,0.8312574,-0.088111736,0.7414518,0.9040054,-0.12324049,0.90116805,1.0,-0.15923996,0.65354335,0.50183475,-0.068832606,0.8274331,0.35062265,-0.104818515,0.92404824,0.24804771,-0.13151032,1.0,0.1542182,-0.15161963,0.49971098,0.43114224,-0.07085251,0.61619294,0.23907517,-0.10288825,0.6812004,0.11525621,-0.12682167,0.7266692,0.016977362,-0.14400733,0.32068956,0.41989654,-0.077067025,0.3646513,0.22330451,-0.10722609,0.39478767,0.09977418,-0.13096188,0.42840874,0.0,-0.14672884,0.13547732,0.45725152,-0.08765222,0.07160608,0.31334335,-0.11628468,0.023255572,0.21813415,-0.13146341,0.0,0.12921703,-0.14053471,key_4
516,0.30395845,0.8715456,9.017331e-07,0.49070284,0.87674236,-0.0601377,0.6715354,0.8640183,-0.09965858,0.8436928,0.9172894,-0.13550986,1.0,1.0,-0.17255062,0.71515656,0.49447936,-0.073841386,0.8553348,0.32853514,-0.110057786,0.93350816,0.22163443,-0.13940924,0.9956865,0.123036854,-0.16273509,0.5566257,0.43183646,-0.07528467,0.6326665,0.23127946,-0.10714687,0.6763973,0.10121357,-0.13444673,0.70127743,0.0048603103,-0.15536702,0.38138667,0.43682596,-0.0823825,0.409594,0.2287657,-0.1152311,0.42383543,0.10141285,-0.14570963,0.44008723,0.0,-0.16701147,0.2028201,0.4956589,-0.09478544,0.119383715,0.3427253,-0.13099118,0.048212703,0.24258865,-0.15359382,0.0,0.15028164,-0.16781774,key_4
517,0.3832466,1.0,5.6099566e-07,0.33873427,0.98341,-0.054529473,0.26255935,0.8973906,-0.09825897,0.14024486,0.79849964,-0.12817617,0.0,0.70679265,-0.16119385,0.15996489,0.8416466,-0.15806147,0.087357104,0.491308,-0.20606756,0.027095862,0.2992852,-0.22949204,0.011238108,0.12756939,-0.24462795,0.26821288,0.77946657,-0.14242084,0.30287957,0.38332605,-0.18643838,0.32621676,0.18248625,-0.20662726,0.3724617,0.0,-0.22223431,0.42430505,0.7483524,-0.12297754,0.4272871,0.37386554,-0.16123202,0.42083648,0.16217211,-0.1832472,0.4492638,0.0032718026,-0.1983253,0.61662316,0.7267259,-0.10367939,0.78036714,0.4960863,-0.13191941,0.88701695,0.34749794,-0.14739689,1.0,0.2138508,-0.15913327,key_4
518,0.22459172,0.89490986,7.6202343e-07,0.5230279,0.95129514,-0.08078115,0.7700329,0.95283496,-0.13239159,0.90520924,0.98261803,-0.17225851,1.0,1.0,-0.21421309,0.6768779,0.6164981,-0.12653492,0.7902717,0.3736365,-0.16212144,0.8302477,0.2538059,-0.18278833,0.85105073,0.13777114,-0.1984684,0.36299533,0.5511586,-0.10874043,0.28013572,0.30987254,-0.14822333,0.2593964,0.15995194,-0.17644598,0.2618414,0.04280775,-0.19750035,0.12642834,0.53804183,-0.09374556,0.107508235,0.2914409,-0.1354028,0.14655049,0.12847833,-0.16702738,0.20518735,0.0,-0.18696134,0.0,0.5533909,-0.08257027,0.15507169,0.36659327,-0.11664522,0.28234753,0.25850117,-0.13430405,0.42064258,0.15677974,-0.14614716,key_4
519,0.44761226,1.0,1.1113574e-06,0.8901792,0.98584485,-0.054835077,1.0,0.9377098,-0.09657015,0.6567522,0.89856803,-0.1317882,0.26626277,0.8738437,-0.1710054,0.97816056,0.64965147,-0.0943379,0.89357096,0.42991403,-0.13529624,0.7428693,0.27841157,-0.16451363,0.61111194,0.14683747,-0.18559262,0.6479285,0.60001844,-0.092267506,0.7468135,0.335072,-0.13434273,0.83322716,0.15004261,-0.16741921,0.9194142,0.0,-0.18869883,0.32280844,0.6180754,-0.09115727,0.27594012,0.3726524,-0.13242282,0.2829442,0.20409736,-0.16199525,0.3544255,0.07836762,-0.17909144,0.01986863,0.67984587,-0.09241844,0.0,0.537324,-0.12605096,0.021973984,0.4551833,-0.13861476,0.12120495,0.40095147,-0.14453563,key_4
520,0.28186148,0.88916063,1.100536e-06,0.5100481,0.94243246,-0.090830564,0.6927099,0.94871384,-0.14725572,0.85321623,0.98461044,-0.19079475,1.0,1.0,-0.23789914,0.65988874,0.60200244,-0.14735165,0.8152472,0.37855408,-0.19469456,0.88684356,0.25169876,-0.22276302,0.9413355,0.13439015,-0.2433392,0.44404873,0.53847235,-0.12989867,0.48033988,0.283848,-0.17414878,0.51341087,0.12302721,-0.20376582,0.5416541,0.0,-0.22514963,0.2551952,0.5568175,-0.11588956,0.20013261,0.31657895,-0.16333066,0.16958557,0.16634423,-0.19935136,0.17546085,0.043089863,-0.22326322,0.12280819,0.6281486,-0.10684093,0.052190356,0.49364495,-0.15430847,0.009480784,0.43675962,-0.17904101,0.0,0.38929984,-0.19423242,key_4
521,0.33366257,1.0,9.413322e-07,0.5210539,0.9577876,-0.05068132,0.68577504,0.8944685,-0.08450243,0.8489136,0.9012519,-0.11628175,1.0,0.9389764,-0.14907554,0.6053011,0.544231,-0.06292949,0.7227515,0.35563627,-0.099247366,0.79260737,0.2429381,-0.12595472,0.8499702,0.14555061,-0.14555378,0.4576952,0.49422294,-0.0667612,0.49658206,0.26206747,-0.0982163,0.52148676,0.11474707,-0.123512134,0.53329206,0.0,-0.14104323,0.3098809,0.5201836,-0.07544147,0.2675995,0.30395147,-0.10657763,0.2424888,0.15776853,-0.1349752,0.22916469,0.035482418,-0.15427954,0.16956052,0.601464,-0.0885579,0.088673554,0.4721209,-0.11886465,0.03664738,0.3917069,-0.13548101,0.0,0.31723046,-0.14545579,key_4
522,0.35458148,1.0,8.180949e-07,0.5376916,0.94359934,-0.03658346,0.70513964,0.8765696,-0.06641384,0.8578509,0.88493246,-0.09732676,1.0,0.91964114,-0.13027997,0.6185623,0.54447705,-0.048918772,0.7260547,0.35752538,-0.084175244,0.8030798,0.24877965,-0.11184276,0.8700375,0.15495853,-0.13165946,0.4826678,0.49865007,-0.05795975,0.52138686,0.26258665,-0.085145935,0.55272704,0.117406204,-0.10869878,0.5764259,0.0,-0.12725584,0.35054153,0.5207123,-0.07135078,0.33380935,0.29905853,-0.09768452,0.3199413,0.15045919,-0.12272557,0.3168349,0.023945224,-0.14104097,0.22189637,0.5969816,-0.08827314,0.11683551,0.4431528,-0.11450684,0.0483477,0.34152102,-0.1291099,0.0,0.24191879,-0.1389863,key_4
523,0.33548927,1.0,6.6586244e-07,0.5247361,0.944565,-0.033416852,0.70011646,0.87545216,-0.061500233,0.851673,0.87064135,-0.0911055,1.0,0.9023745,-0.122917406,0.6172225,0.543581,-0.044925474,0.7289223,0.36355752,-0.079089455,0.8107528,0.26122952,-0.10615357,0.88607997,0.16686536,-0.1256232,0.48421538,0.49702522,-0.053620752,0.52569366,0.26538047,-0.08041192,0.5610918,0.121306315,-0.102400854,0.5893197,0.0,-0.119817965,0.35078612,0.5177828,-0.0663712,0.33341634,0.29337427,-0.09254239,0.32986933,0.14758435,-0.11406313,0.33808365,0.02021024,-0.12977766,0.22065566,0.59300935,-0.08258509,0.11702345,0.43791452,-0.107710026,0.05054305,0.33430275,-0.12040878,0.0,0.23399441,-0.12908565,key_4
524,0.32249177,1.0,5.6972635e-07,0.51906884,0.94814044,-0.028749127,0.69378304,0.8709848,-0.05064164,0.84926033,0.85832036,-0.073626235,1.0,0.887372,-0.09821039,0.60163754,0.5364522,-0.035006683,0.7156591,0.36155823,-0.06313531,0.79402375,0.2587577,-0.08560435,0.8656009,0.16521816,-0.10198963,0.47252634,0.4902949,-0.04224909,0.51928574,0.26099646,-0.064722635,0.5618728,0.11905695,-0.083152175,0.5983025,0.0,-0.09775441,0.3449208,0.51113033,-0.053334016,0.33644322,0.28704882,-0.07670337,0.33343253,0.14242701,-0.09600049,0.34223783,0.015222691,-0.109803915,0.22236718,0.5866357,-0.06737795,0.11788076,0.4266984,-0.09127478,0.049875434,0.32069328,-0.103796564,0.0,0.21683168,-0.112000056,key_4
525,0.32505804,1.0,4.890149e-07,0.52546257,0.94358027,-0.025294822,0.70124304,0.8621483,-0.04489101,0.85474265,0.8351076,-0.06540073,1.0,0.8550035,-0.08731113,0.6074036,0.5291536,-0.032743543,0.72088933,0.35196027,-0.057920422,0.7956389,0.24830696,-0.07740471,0.8640358,0.15643594,-0.09162239,0.47431836,0.48423877,-0.03946934,0.51474565,0.2535853,-0.060315985,0.5551277,0.11445527,-0.0765886,0.59000903,0.0,-0.089282006,0.34548828,0.5048112,-0.049408376,0.33348957,0.27734378,-0.0710557,0.33300674,0.13504851,-0.0882189,0.34358576,0.011196474,-0.100513965,0.22653204,0.57980406,-0.06182191,0.1205428,0.4222289,-0.0839734,0.051302798,0.31915167,-0.09536894,0.0,0.21951547,-0.10266694,key_4
526,0.31157756,1.0,4.579173e-07,0.51430744,0.94473654,-0.023949755,0.694515,0.85811937,-0.04145096,0.8529197,0.82866967,-0.059584957,1.0,0.8488145,-0.07876196,0.59151834,0.52213,-0.027799241,0.7005543,0.3466999,-0.050743103,0.77678233,0.24782641,-0.068785325,0.84866357,0.15925048,-0.08202855,0.46179697,0.47755992,-0.03353086,0.501321,0.24930845,-0.052702036,0.54226,0.113453895,-0.06785389,0.5808817,0.0,-0.079621434,0.33560523,0.49842453,-0.042624228,0.31961274,0.27905184,-0.06276975,0.3196215,0.13855703,-0.07893911,0.33303532,0.0130414,-0.0903711,0.21782447,0.5726001,-0.05415247,0.11499399,0.41643938,-0.07463709,0.047985844,0.31122744,-0.08565634,0.0,0.20655839,-0.09281861,key_4
527,0.33991623,1.0,5.2620624e-07,0.5327081,0.9441673,-0.025136102,0.7051227,0.85245746,-0.04210152,0.8603894,0.8088975,-0.058839142,1.0,0.8125781,-0.075985126,0.5962469,0.50924975,-0.027961807,0.70373565,0.33430916,-0.0480264,0.7765421,0.2298525,-0.063717626,0.8380718,0.13814497,-0.07527768,0.46533364,0.46525368,-0.031960573,0.50755966,0.24343361,-0.048362166,0.5475426,0.109388486,-0.060476534,0.5801827,0.0,-0.06967566,0.34118736,0.48525727,-0.039314732,0.32457426,0.2731461,-0.056648258,0.32834718,0.13371351,-0.070220806,0.34307337,0.013312365,-0.079705834,0.22860692,0.5592651,-0.049257644,0.12007352,0.40970302,-0.06695594,0.05055401,0.3067438,-0.076212205,0.0,0.20728973,-0.08195651,key_4
528,0.3917399,1.0,7.815162e-07,0.56547636,0.9511913,-0.033751763,0.7248284,0.8758674,-0.056675885,0.8692979,0.8477175,-0.07771032,1.0,0.8591073,-0.099422775,0.62378174,0.53190076,-0.043422025,0.72387594,0.35045934,-0.068953514,0.7908808,0.23708265,-0.08797387,0.8434753,0.14233865,-0.10178455,0.4875186,0.49095985,-0.046987817,0.51331806,0.2594417,-0.0690871,0.5382565,0.113453306,-0.086186685,0.55579114,0.0,-0.09838613,0.35890552,0.517675,-0.05412344,0.32746977,0.2937698,-0.07741919,0.32188484,0.14014041,-0.097666144,0.32428217,0.016177831,-0.11094054,0.24619818,0.6006256,-0.06396779,0.1294008,0.45542273,-0.08817408,0.053981937,0.35239622,-0.10235318,0.0,0.25226048,-0.11053642,key_4
529,0.41703603,1.0,8.558607e-07,0.58148795,0.94664365,-0.04108083,0.72752494,0.8679353,-0.06977422,0.8682793,0.84292686,-0.09594771,1.0,0.85670656,-0.12306061,0.6217144,0.5331015,-0.05505939,0.71686304,0.3507574,-0.085929655,0.7793872,0.24173045,-0.10861195,0.82953304,0.1445057,-0.1253785,0.48975047,0.49650723,-0.059080727,0.5121697,0.26469257,-0.086225286,0.53289837,0.11973795,-0.106757954,0.54567903,0.0,-0.12144771,0.364377,0.5299669,-0.06721195,0.32456204,0.31283835,-0.0966694,0.31592688,0.1609084,-0.121270455,0.3135494,0.033574138,-0.13721065,0.2531742,0.61682266,-0.07842448,0.13744384,0.4704457,-0.10902744,0.059973013,0.37085685,-0.1263879,0.0,0.27047214,-0.13656129,key_4
530,0.42644134,1.0,8.258897e-07,0.5850358,0.9415083,-0.042800922,0.726647,0.8571101,-0.07361562,0.8670822,0.8359829,-0.10245188,1.0,0.8466406,-0.13166843,0.6208378,0.5340285,-0.05651776,0.7085411,0.3467393,-0.09212035,0.77055097,0.22946326,-0.11754293,0.82216316,0.13080023,-0.13606095,0.4897687,0.4997554,-0.061323784,0.50082994,0.26627526,-0.09361238,0.5201834,0.120943025,-0.11588609,0.53620136,0.0,-0.13166057,0.36773148,0.5341055,-0.070908636,0.32234696,0.31614876,-0.10470423,0.30857325,0.1646347,-0.1299516,0.30465785,0.03450573,-0.14604019,0.2614046,0.62053007,-0.083939165,0.1382667,0.47460756,-0.117856726,0.0594848,0.3733015,-0.13665676,0.0,0.268949,-0.14779398,key_4
531,0.39700058,1.0,7.1125515e-07,0.5682434,0.93141234,-0.03474972,0.72199833,0.84195924,-0.06268557,0.8677491,0.814173,-0.09070808,1.0,0.81814843,-0.11966335,0.603591,0.53203887,-0.046919405,0.6981631,0.34705746,-0.08211859,0.76801294,0.24025758,-0.10855169,0.8318168,0.14692834,-0.12738027,0.47708094,0.49696013,-0.054412723,0.49755365,0.26011294,-0.08320833,0.5269857,0.11867597,-0.104278736,0.5537723,0.0,-0.12021344,0.3583124,0.52845055,-0.06625987,0.32115066,0.30934423,-0.09612042,0.3108813,0.16467877,-0.11827445,0.3111153,0.036359604,-0.1331312,0.25426778,0.61286014,-0.08121114,0.13796817,0.4609794,-0.111034594,0.060969803,0.36253795,-0.12597632,0.0,0.26221523,-0.13506961,key_4
532,0.37712014,1.0,6.49595e-07,0.5545187,0.92858744,-0.031289924,0.71396536,0.838357,-0.05692752,0.8623837,0.80621696,-0.082945794,1.0,0.80890024,-0.11019964,0.59680974,0.52986085,-0.04273367,0.69432706,0.34881142,-0.075780205,0.7644343,0.24343412,-0.10077116,0.827608,0.1505403,-0.11878242,0.4706671,0.49521112,-0.050816383,0.49768573,0.25983864,-0.078808285,0.5330515,0.11909909,-0.09935399,0.56522363,0.0,-0.11487954,0.34952265,0.5267214,-0.06292415,0.31541997,0.30288482,-0.09234437,0.31184614,0.1555122,-0.114169724,0.32011276,0.023248743,-0.1289499,0.24174026,0.61099666,-0.07770655,0.12817185,0.4573473,-0.10722104,0.055676773,0.35417435,-0.12224966,0.0,0.24801265,-0.1316243,key_4
533,0.37147066,1.0,6.1535803e-07,0.55222315,0.9278431,-0.029094404,0.71186674,0.8363446,-0.05269816,0.86118937,0.80074847,-0.0767639,1.0,0.80439204,-0.102136105,0.5880576,0.5272725,-0.039570846,0.6851287,0.34865996,-0.07048805,0.75595725,0.24430625,-0.09393889,0.81938773,0.15102518,-0.11067466,0.46330863,0.49542615,-0.047461998,0.48750433,0.25927272,-0.07367225,0.5194884,0.11903072,-0.092519544,0.54892963,0.0,-0.106461175,0.3445243,0.52905315,-0.059083562,0.30731937,0.3075407,-0.086163,0.3000756,0.15990934,-0.10559001,0.30651426,0.02549629,-0.11863064,0.24066012,0.61459106,-0.07334447,0.12608798,0.46338663,-0.10005349,0.05469897,0.3594865,-0.112897515,0.0,0.2532275,-0.12073487,key_4
534,0.36759043,1.0,5.5662565e-07,0.55540985,0.92670417,-0.026256971,0.7182023,0.82716334,-0.04645028,0.8641918,0.7815165,-0.067041695,1.0,0.7824075,-0.08881242,0.5844156,0.5179388,-0.034089215,0.67948055,0.34246713,-0.061633784,0.7506468,0.24046531,-0.08291786,0.8160074,0.15267597,-0.09813597,0.4594458,0.4850047,-0.041512206,0.48614216,0.25135309,-0.064424835,0.52222985,0.11365341,-0.08120491,0.55774343,0.0,-0.09383319,0.34064612,0.51592505,-0.05255186,0.31580937,0.29345584,-0.07687158,0.32084826,0.147889,-0.095081955,0.3392898,0.018474285,-0.107524455,0.23597571,0.59887475,-0.066014,0.12115411,0.44990486,-0.09056492,0.051266365,0.34428194,-0.10307078,0.0,0.23778203,-0.11093949,key_4
535,0.38548252,1.0,6.8553254e-07,0.5619061,0.92997426,-0.029831653,0.71969527,0.83576715,-0.052267145,0.8662874,0.79463947,-0.07439719,1.0,0.7913906,-0.09729552,0.58909315,0.51476055,-0.037525523,0.6840198,0.33632332,-0.06595713,0.75664186,0.23093843,-0.08732953,0.8176209,0.14465973,-0.102293015,0.46136928,0.48424342,-0.044046436,0.48827448,0.25457478,-0.0686108,0.52279073,0.11328236,-0.08595832,0.55183,0.0,-0.098320544,0.33921465,0.51857954,-0.054559723,0.30967912,0.2981699,-0.07964104,0.30884704,0.14640899,-0.09837524,0.32075942,0.015969787,-0.11062908,0.22921334,0.6042574,-0.067726985,0.11275277,0.45274773,-0.09223979,0.046140194,0.34324205,-0.1047904,0.0,0.23537856,-0.11229023,key_4
536,0.43332717,1.0,8.863109e-07,0.59627175,0.93916523,-0.042640086,0.74116397,0.8604261,-0.073767945,0.87732196,0.8340803,-0.10217994,1.0,0.835199,-0.13140784,0.6233401,0.5244463,-0.06134837,0.708225,0.3363799,-0.09633903,0.7722163,0.229336,-0.12152952,0.8283914,0.14045459,-0.1394336,0.49459156,0.49615738,-0.06636658,0.50339013,0.2601682,-0.09682504,0.5270254,0.11604458,-0.11857968,0.5475628,0.0,-0.13429698,0.37343186,0.5373177,-0.075808406,0.32742673,0.3175093,-0.10815178,0.31877738,0.16512303,-0.13398938,0.31940308,0.04116552,-0.15077573,0.26700708,0.6310177,-0.08836424,0.14259401,0.48306793,-0.121442445,0.061557002,0.38042298,-0.14028239,0.0,0.27834225,-0.15156713,key_4
537,0.32545286,1.0,6.426855e-07,0.5156567,0.9554179,-0.045070745,0.69879586,0.88031083,-0.0726543,0.8628244,0.86923045,-0.09646683,1.0,0.8795358,-0.12364488,0.58053756,0.56783724,-0.07086762,0.68359,0.37032944,-0.10129274,0.74916184,0.25264704,-0.12576252,0.81092316,0.15206537,-0.14734945,0.44798818,0.5416132,-0.077150196,0.44098246,0.2778721,-0.108154856,0.45119694,0.12314098,-0.14286646,0.45614496,0.0,-0.17229442,0.31845385,0.5853536,-0.08444434,0.25302503,0.36680064,-0.122830175,0.23480874,0.23618726,-0.15456836,0.2229871,0.13467944,-0.17811036,0.20675373,0.6755289,-0.094616,0.097977236,0.5687986,-0.13386522,0.042739682,0.49742308,-0.15233459,0.0,0.43283018,-0.16495423,key_4
538,0.403065,1.0,8.03258e-07,0.57479376,0.9345366,-0.03893718,0.7278485,0.8503871,-0.068554245,0.8688722,0.8281407,-0.09773241,1.0,0.8366673,-0.12892836,0.6083727,0.5378817,-0.055727582,0.69815195,0.35027078,-0.091938496,0.76715094,0.23996507,-0.11825977,0.8280985,0.14383273,-0.13730857,0.47937134,0.5077066,-0.063820966,0.4990841,0.27380547,-0.09540555,0.5289697,0.124768354,-0.11813976,0.5515936,0.0,-0.13523883,0.35501516,0.5431419,-0.07644937,0.31763715,0.32251623,-0.1092512,0.31302413,0.16841134,-0.13456166,0.31719047,0.03197002,-0.15209076,0.24512498,0.6294268,-0.09237572,0.1295991,0.4808166,-0.12557271,0.05653761,0.37278724,-0.1436445,0.0,0.26144847,-0.1554422,key_4
539,0.3992859,1.0,8.7864544e-07,0.56992656,0.93004304,-0.04007564,0.7231853,0.84479874,-0.07134982,0.8666044,0.82517785,-0.10169227,1.0,0.83076495,-0.13351706,0.5980219,0.5329773,-0.056496173,0.6877393,0.34504253,-0.09459127,0.7632188,0.24109936,-0.12282708,0.832214,0.153959,-0.14249277,0.46874633,0.50634813,-0.06373046,0.49204865,0.27234972,-0.096209444,0.52831525,0.12520169,-0.119987465,0.56065774,0.0,-0.13795653,0.34147716,0.54251146,-0.0757794,0.31868687,0.32669446,-0.10906842,0.32516643,0.17180735,-0.13426383,0.339566,0.03269403,-0.15122333,0.22417861,0.6241458,-0.09115421,0.11556506,0.46327415,-0.12338734,0.049571604,0.35216558,-0.13983224,0.0,0.2378916,-0.15032169,key_4
540,0.35355735,1.0,9.426233e-07,0.5374828,0.9217789,-0.04088063,0.6946557,0.83507735,-0.07553838,0.8502218,0.818718,-0.10959891,1.0,0.82453877,-0.1462208,0.558139,0.5312798,-0.064910375,0.64868027,0.33986655,-0.111064814,0.72687936,0.2373437,-0.14504261,0.806054,0.1546087,-0.16832969,0.4195056,0.51170474,-0.07516353,0.43306935,0.27156913,-0.11429871,0.46693608,0.12330161,-0.14350687,0.5035334,0.0,-0.16478498,0.28597918,0.5636899,-0.089703664,0.24488248,0.34912333,-0.12741897,0.23954672,0.19730021,-0.15407747,0.2504417,0.058264405,-0.17219913,0.1642217,0.6661473,-0.10744382,0.073020965,0.52262497,-0.1416572,0.02610917,0.41703883,-0.15750715,0.0,0.30703393,-0.16763948,key_4
541,0.37719187,1.0,9.286766e-07,0.54696506,0.9267434,-0.047090217,0.69736654,0.84234095,-0.0873004,0.85202074,0.8321017,-0.12645286,1.0,0.8329326,-0.1693224,0.5687937,0.540511,-0.084129825,0.6477924,0.33019418,-0.13627414,0.71953255,0.22371945,-0.172782,0.79971266,0.13306792,-0.19845363,0.43140623,0.52611625,-0.0939005,0.418194,0.28930557,-0.14046344,0.4396174,0.13668081,-0.17460756,0.46764183,0.0,-0.20005837,0.3032044,0.5886893,-0.10767878,0.23105155,0.38086015,-0.15276368,0.21023007,0.22642499,-0.18608579,0.20917055,0.0771076,-0.20926297,0.19906712,0.70133644,-0.12465223,0.09540269,0.5673685,-0.1658774,0.03893497,0.47278422,-0.18777998,0.0,0.37070715,-0.20261016,key_4
542,0.33837762,1.0,8.1916426e-07,0.51975745,0.9208089,-0.04120372,0.6833835,0.8384982,-0.078933895,0.84316874,0.83447975,-0.11687913,1.0,0.8349089,-0.15925808,0.5470881,0.52690387,-0.07845998,0.6318627,0.31189445,-0.12967545,0.71392876,0.20379555,-0.1667132,0.8092851,0.11270761,-0.19235232,0.4066612,0.5195468,-0.089628436,0.39471897,0.27971804,-0.13187261,0.4282952,0.1314318,-0.16216537,0.47634867,0.0,-0.1864555,0.27222487,0.59044844,-0.104567766,0.21694517,0.39047754,-0.14436407,0.21224532,0.24899858,-0.17103112,0.23149115,0.1061547,-0.1911716,0.15915665,0.71460724,-0.123008914,0.05837451,0.5832469,-0.15972547,0.01793647,0.49857908,-0.17712703,0.0,0.40562585,-0.1897828,key_4
543,0.34679535,1.0,7.053453e-07,0.5268517,0.9061306,-0.041189525,0.68900955,0.82504517,-0.07845833,0.8468201,0.816684,-0.11565255,1.0,0.818547,-0.15599976,0.5609445,0.48144177,-0.07542557,0.64535254,0.24662994,-0.12482751,0.7199482,0.14433154,-0.16002776,0.8194803,0.07197791,-0.18366222,0.42852357,0.4774544,-0.08488568,0.42560554,0.22808988,-0.12666805,0.4696408,0.09318142,-0.15383072,0.5422603,0.0,-0.17543577,0.29729965,0.54434884,-0.09901214,0.24601164,0.3270375,-0.13729589,0.27316374,0.18455765,-0.16214927,0.33838123,0.069109194,-0.18070586,0.18378203,0.66141284,-0.11706061,0.0807334,0.49730828,-0.1505955,0.025289027,0.3639925,-0.16924776,0.0,0.23620358,-0.18357962,key_4
544,0.33747488,1.0,7.0288075e-07,0.5284032,0.9088642,-0.03894941,0.69601274,0.830444,-0.07344799,0.85263526,0.8139657,-0.10840909,1.0,0.8054013,-0.14589117,0.5712954,0.4915209,-0.06848292,0.6591681,0.26895374,-0.11575103,0.73804134,0.17114708,-0.14949755,0.83877385,0.09380016,-0.1722857,0.43235427,0.4783292,-0.07822344,0.43172026,0.23954296,-0.11992124,0.48411793,0.10252769,-0.1471216,0.56025285,0.0,-0.16833049,0.29200408,0.5315654,-0.09267812,0.24740797,0.32479146,-0.1312869,0.28354242,0.18799256,-0.15543096,0.35163018,0.07119715,-0.17272869,0.1671763,0.6332179,-0.110952854,0.06947819,0.46743155,-0.14406595,0.020494197,0.3307254,-0.16207613,0.0,0.19515555,-0.17566986,key_4
545,0.29384068,1.0,6.425943e-07,0.5035723,0.89628464,-0.028952777,0.677631,0.8052848,-0.057673015,0.846138,0.78935415,-0.08848948,1.0,0.78346175,-0.121902734,0.54156977,0.49302268,-0.051355556,0.6472781,0.28175294,-0.09261651,0.73255414,0.18917906,-0.12310485,0.83721375,0.114786915,-0.1437742,0.41100946,0.47389778,-0.06383722,0.43094647,0.23148538,-0.09852135,0.4898048,0.1001539,-0.12316156,0.5669716,0.0,-0.14262293,0.27571353,0.5188994,-0.0802845,0.24951625,0.29115352,-0.112604894,0.29593098,0.16408992,-0.13323519,0.37333965,0.06069754,-0.14836007,0.14826287,0.6115125,-0.099879585,0.052545354,0.43577063,-0.12719865,0.010022729,0.29782772,-0.14118709,0.0,0.16812041,-0.15215662,key_4
546,0.22178844,1.0,5.6264145e-07,0.46381378,0.895025,-0.024562692,0.66047925,0.7967675,-0.04749032,0.8365249,0.76513964,-0.072535284,1.0,0.7521914,-0.09888918,0.5166041,0.4744855,-0.03371018,0.6327785,0.26648128,-0.070022725,0.72222334,0.18268317,-0.09726629,0.8398568,0.120319195,-0.11486304,0.37637323,0.44742507,-0.044226214,0.42130038,0.20220143,-0.075302295,0.49681532,0.085767426,-0.0969723,0.60520595,0.0,-0.11250789,0.2310936,0.47884944,-0.059096314,0.23084493,0.25602397,-0.08792246,0.30317634,0.14024934,-0.104820415,0.41509816,0.05267826,-0.11572747,0.08901754,0.5547935,-0.07695041,0.014675806,0.37358502,-0.09928939,0.0,0.23741081,-0.10951304,0.027610261,0.115930215,-0.11690267,key_4
547,0.17056288,1.0,4.862095e-07,0.42998067,0.8800632,-0.01834435,0.64122856,0.74955916,-0.035675563,0.8221142,0.6790446,-0.05502949,1.0,0.6324772,-0.07552721,0.48094818,0.3992056,-0.02354522,0.58607906,0.18320058,-0.052100126,0.6896022,0.10411123,-0.07345355,0.8106363,0.055370484,-0.08687845,0.3348673,0.37089598,-0.032766737,0.3933539,0.114765935,-0.059784506,0.5174721,0.030509243,-0.078067236,0.66187644,0.0,-0.089747384,0.18388191,0.39869994,-0.045405984,0.17894404,0.14445308,-0.07166886,0.2964883,0.06621013,-0.085986875,0.44548646,0.048139576,-0.09358524,0.032955077,0.46824223,-0.060181428,0.0,0.25718892,-0.08192368,0.078449436,0.15380785,-0.09165775,0.20123477,0.10442893,-0.09702505,key_4
548,0.13804531,1.0,3.3471076e-07,0.40775895,0.8678292,-0.014759406,0.6281082,0.7073497,-0.02905302,0.8207169,0.6083269,-0.04551334,1.0,0.52779114,-0.06267186,0.45192158,0.33693382,-0.015066008,0.534518,0.09863032,-0.039667863,0.6426731,0.038137898,-0.059680816,0.75093144,0.032389034,-0.07174468,0.3128094,0.31871188,-0.022670023,0.37946358,0.04510296,-0.047208358,0.5208825,0.0,-0.06562667,0.6557134,0.032578565,-0.07634121,0.16499715,0.35350057,-0.03303915,0.19306271,0.08939447,-0.054681588,0.33277577,0.03981949,-0.066489525,0.4771223,0.06357967,-0.07227727,0.00984365,0.42948845,-0.045215137,0.0,0.21312992,-0.06319046,0.10563339,0.11854699,-0.07084455,0.24367446,0.0900837,-0.07424469,key_4
549,0.12618819,1.0,2.9497363e-07,0.41570556,0.8580982,-0.013902154,0.6462948,0.6990663,-0.026311854,0.82933027,0.5754926,-0.04097553,1.0,0.468225,-0.056221724,0.44203436,0.34814462,-0.010588687,0.5367318,0.11801178,-0.033899326,0.66583556,0.06113419,-0.053411324,0.7889243,0.056761645,-0.06502356,0.3047831,0.32443753,-0.017483938,0.3814857,0.04919074,-0.040836487,0.5347734,0.0,-0.058705542,0.67837095,0.034805883,-0.06890661,0.15905474,0.3513069,-0.027277675,0.19902772,0.08595648,-0.04831585,0.34940314,0.030561466,-0.059704352,0.50157,0.05628047,-0.06496917,0.0,0.41738984,-0.038766302,0.002857109,0.20303838,-0.056412145,0.11772911,0.11378651,-0.063637935,0.2608127,0.09394706,-0.06650039,key_4
550,0.14740838,1.0,3.123967e-07,0.43792942,0.8508551,-0.013006469,0.6668228,0.6756764,-0.02422152,0.8455138,0.53796256,-0.0375431,1.0,0.4076768,-0.050769933,0.4564191,0.3295389,-0.009647673,0.5506566,0.09570888,-0.032790888,0.6972179,0.05554245,-0.051533226,0.8410224,0.060396038,-0.0626292,0.308684,0.3189244,-0.016011087,0.37405577,0.033500135,-0.03978329,0.5410502,0.0,-0.056119215,0.7021477,0.03351198,-0.064883545,0.15625505,0.3554991,-0.025250567,0.19115762,0.08820316,-0.04765603,0.36365166,0.06356227,-0.05688578,0.5328553,0.10704793,-0.05973015,0.0,0.4271408,-0.036116302,0.05860731,0.22316377,-0.054657955,0.20266214,0.16187954,-0.06100974,0.35651246,0.1578094,-0.06267496,key_4
551,0.16442783,1.0,3.4934212e-07,0.4443031,0.84024435,-0.008585725,0.6356194,0.60155696,-0.01626966,0.81312805,0.4281948,-0.026410805,1.0,0.30290052,-0.03636473,0.44220498,0.33058748,-0.004371751,0.5688344,0.13134193,-0.025828796,0.74813014,0.089870185,-0.04335351,0.9082728,0.08553893,-0.0546646,0.291192,0.31872123,-0.01284901,0.38878217,0.037367944,-0.03636649,0.6057777,0.0,-0.051277034,0.79528034,0.013748762,-0.059130676,0.14100641,0.35929376,-0.024206713,0.22651532,0.082659,-0.050029483,0.45687202,0.054294307,-0.06044674,0.6624626,0.06948205,-0.06392339,0.0,0.4431985,-0.036425475,0.15798828,0.27690396,-0.059702642,0.35487688,0.23337899,-0.068710275,0.5374119,0.21538417,-0.07231727,key_4
552,0.21468922,1.0,3.8173664e-07,0.48292267,0.82127905,-0.00817747,0.6449595,0.5603002,-0.014742289,0.81059355,0.36810634,-0.023991222,1.0,0.23423131,-0.032477785,0.4629071,0.3208844,0.0007404346,0.6220401,0.1525738,-0.02122709,0.81860006,0.11035691,-0.0396198,0.99761957,0.10856413,-0.051284097,0.29260895,0.30472377,-0.007238962,0.4176225,0.04030089,-0.031180762,0.6375836,0.0,-0.046370756,0.83657336,0.00679857,-0.0539564,0.13328868,0.34458226,-0.018396832,0.28756464,0.12209141,-0.045783687,0.54565895,0.1244445,-0.055473518,0.7709839,0.15646519,-0.057526674,0.0,0.43408546,-0.0304576,0.24167888,0.3116365,-0.05419213,0.4649299,0.29821444,-0.06219331,0.6638312,0.2942565,-0.06452402,key_4
553,0.24332827,1.0,3.0949687e-07,0.5123195,0.7885389,-0.007259669,0.660805,0.5054959,-0.013783721,0.8221016,0.29415196,-0.023652906,1.0,0.1294646,-0.032729838,0.4372947,0.23254657,0.0044488325,0.5633367,0.0455305,-0.01737988,0.77458006,0.020583129,-0.036273655,0.95699143,0.04606478,-0.047991984,0.27652538,0.22934538,-0.003379385,0.43511444,0.0,-0.027183224,0.68107283,0.0041757612,-0.043367837,0.88235503,0.06117402,-0.05124132,0.12525477,0.2811986,-0.014426263,0.30628726,0.0719292,-0.03870608,0.5636965,0.08452205,-0.04820839,0.7847767,0.13328643,-0.050578713,0.0,0.3890668,-0.02665765,0.25291914,0.28006268,-0.04741483,0.4820957,0.26509565,-0.055661485,0.6866279,0.26371926,-0.05822478,key_4
554,0.267054,1.0,3.3216796e-07,0.5264454,0.7903051,-0.0077493438,0.66908115,0.5003812,-0.014028579,0.82113034,0.28335705,-0.023639366,1.0,0.11169562,-0.032384466,0.42907688,0.24601817,0.0065203505,0.5570255,0.063860685,-0.014044584,0.7665312,0.031880498,-0.032489087,0.9464381,0.042626016,-0.04410407,0.267349,0.24221513,-0.0007681811,0.42699575,0.011780303,-0.02357426,0.6700365,0.0,-0.039824273,0.87088543,0.040676624,-0.04767294,0.11783584,0.29182434,-0.011401029,0.29998803,0.0743365,-0.035010368,0.5615115,0.07985601,-0.04426239,0.78699183,0.12013801,-0.04630237,0.0,0.39634892,-0.023283375,0.27004653,0.28086495,-0.043349084,0.5061516,0.2608844,-0.051040072,0.7136576,0.25469682,-0.05312348,key_4
555,0.2499596,1.0,3.5048177e-07,0.5166747,0.79346985,-0.007886214,0.6643882,0.49894354,-0.013347828,0.8203117,0.2808123,-0.022174696,1.0,0.11009514,-0.03016058,0.43895236,0.2806785,0.009391009,0.58187807,0.099812165,-0.009125752,0.78091955,0.041398138,-0.026205225,0.95241517,0.01969267,-0.03733125,0.27687198,0.270228,0.0027035864,0.43139893,0.031857446,-0.019705797,0.6644401,0.0,-0.03569616,0.8662277,0.017449746,-0.043231424,0.12332644,0.3070628,-0.0075268336,0.30307314,0.06949433,-0.03179733,0.5627453,0.068102956,-0.041315872,0.7928711,0.100787446,-0.04306261,0.0,0.39392075,-0.018930722,0.28656927,0.26642632,-0.039412007,0.5269644,0.2382066,-0.047577027,0.739606,0.22366583,-0.049963076,key_4
556,0.21382488,1.0,3.7559988e-07,0.5102951,0.7989365,-0.008270285,0.66564876,0.5208955,-0.013233763,0.8225184,0.3016354,-0.021292845,1.0,0.12777507,-0.028263554,0.43289447,0.3358236,0.010188483,0.580188,0.14021704,-0.00728845,0.7823229,0.06833226,-0.02307522,0.9583927,0.026939802,-0.0333428,0.27826974,0.31663698,0.0044127363,0.4322528,0.071884684,-0.016052715,0.66487354,0.015763538,-0.03061965,0.87637985,0.0,-0.038114067,0.12751801,0.33725592,-0.005214529,0.29652065,0.08546578,-0.028562978,0.5624328,0.06392625,-0.037934877,0.80948234,0.08297552,-0.04013591,0.0,0.39582303,-0.016033756,0.27268612,0.24625774,-0.03556416,0.5097495,0.20284183,-0.04357998,0.7267006,0.17899105,-0.046432473,key_4
557,0.10571378,1.0,2.9586988e-07,0.47678217,0.7833057,-0.0046025,0.668201,0.5159906,-0.004952872,0.8322907,0.27867374,-0.010024908,1.0,0.08681266,-0.01466788,0.4489289,0.37496293,0.026857672,0.57587415,0.17773172,0.014439041,0.76571107,0.09666301,-0.00014185609,0.93965673,0.04226496,-0.009925977,0.3046243,0.34069833,0.020381225,0.42041683,0.09839814,0.0044854027,0.63978636,0.023512997,-0.011377279,0.862229,0.0,-0.020147836,0.1502185,0.3357541,0.009444087,0.3010309,0.09252225,-0.010601493,0.5679012,0.044378642,-0.02278203,0.82173055,0.056267478,-0.02683385,0.0,0.35289916,-0.002517094,0.24810745,0.19167908,-0.01892183,0.48526272,0.14814217,-0.02683074,0.7081686,0.13823684,-0.029897552,key_4
558,0.117199056,1.0,3.8010037e-07,0.5294965,0.7747987,-0.0024338507,0.7241789,0.49210802,0.0005440134,0.86791205,0.26304972,-0.001366459,1.0,0.061546057,-0.0029409665,0.40528435,0.38725913,0.033081684,0.5324056,0.19458024,0.022145754,0.74446213,0.10356332,0.008429836,0.9422092,0.05248924,5.407087e-05,0.28390044,0.35437056,0.026785478,0.43400288,0.11312336,0.014235168,0.66181105,0.028302362,-0.00095313037,0.9059856,0.0,-0.009597792,0.14251004,0.33537963,0.015823238,0.33658868,0.094359934,-0.0012633548,0.6026402,0.036144614,-0.013987297,0.86491567,0.040680017,-0.018811258,0.0,0.32559296,0.0039581577,0.28232232,0.16422972,-0.009729909,0.54213935,0.11518572,-0.017140789,0.78557926,0.10162234,-0.020177295,key_4
559,0.2989203,1.0,5.674372e-07,0.6541012,0.7747194,0.005349074,0.75905055,0.490955,0.009346438,0.87398165,0.2959837,0.007896598,1.0,0.13128957,0.0074952017,0.22429413,0.3668949,0.032983303,0.40085408,0.18710987,0.022636255,0.66811347,0.110628106,0.009134946,0.89910364,0.0813679,0.0007343096,0.08655062,0.3361647,0.023341605,0.3421039,0.095511615,0.012674487,0.6445798,0.01548118,0.00023934066,0.9166486,0.0,-0.0067830607,0.0074853376,0.33677492,0.010411869,0.31581002,0.076506376,-0.0024030332,0.6536708,0.0139154475,-0.011205997,0.9437388,0.01907849,-0.014456308,0.0,0.3621169,-0.0028678991,0.3666524,0.1896228,-0.013420615,0.6690919,0.13504443,-0.017997038,0.92310697,0.120049246,-0.019211758,key_4
560,0.40368882,1.0,4.0998907e-07,0.6679532,0.73817825,-1.0951813e-06,0.7370244,0.47679773,-0.004281505,0.8591676,0.28744286,-0.012969055,1.0,0.1192241,-0.019240612,0.09269848,0.3137378,0.016724046,0.35633725,0.105493635,-0.0015267391,0.64980656,0.044723257,-0.020041611,0.8968321,0.037354484,-0.032047804,0.0,0.3110869,0.00651012,0.3308988,0.032493033,-0.013970416,0.65910965,0.0,-0.027926203,0.9083054,0.013212401,-0.03457817,0.0020592585,0.33519268,-0.0066597955,0.31972218,0.034531534,-0.026414687,0.64267534,0.006834434,-0.03217995,0.8851763,0.03294381,-0.032187738,0.08937974,0.38599023,-0.020834897,0.4482798,0.19622795,-0.03590531,0.7056455,0.14471556,-0.03938163,0.90686244,0.12692457,-0.03881579,key_4
561,0.2978274,1.0,2.0176846e-07,0.598842,0.7589779,0.0036070792,0.70074356,0.4984168,-0.0011616308,0.8472165,0.31761828,-0.01070195,1.0,0.16664767,-0.01894843,0.084566414,0.27264345,0.009872823,0.38313106,0.07069389,-0.007260422,0.6738209,0.032141,-0.023926772,0.9113614,0.039704517,-0.03504442,0.0,0.2827822,-0.003261396,0.36519825,0.018284515,-0.021005027,0.68922216,0.0,-0.03312106,0.92986506,0.029049706,-0.039208293,0.020421505,0.32754537,-0.01807771,0.3713775,0.05168961,-0.03710745,0.6976265,0.031527635,-0.043752,0.93512493,0.055714417,-0.044807762,0.14140113,0.39280677,-0.033078913,0.507326,0.21793197,-0.048653543,0.7588065,0.17102183,-0.05278304,0.9540663,0.15240446,-0.052747283,key_4
562,0.2262693,1.0,2.6032632e-07,0.5398988,0.7549805,0.0014745187,0.6724753,0.5036855,-0.0065230564,0.83687204,0.33151594,-0.018882353,1.0,0.18135099,-0.029859783,0.07470022,0.25140417,0.0041569187,0.38238806,0.047494065,-0.015854979,0.66513705,0.014646253,-0.03431953,0.8940378,0.029716237,-0.046543695,0.0,0.27050656,-0.009090941,0.37873575,0.0058501638,-0.030210154,0.69928384,0.0,-0.044566814,0.9310429,0.039722748,-0.052013934,0.018855438,0.32869193,-0.023826333,0.3815454,0.06853279,-0.043934897,0.7058357,0.05497412,-0.050568525,0.93484265,0.08339174,-0.051905517,0.12814657,0.41443208,-0.038967025,0.48026684,0.25075737,-0.054037895,0.7205225,0.21258485,-0.057168122,0.9036225,0.20047764,-0.056750614,key_4
563,0.22874582,1.0,3.028719e-07,0.5075538,0.79347444,-0.002109459,0.669334,0.5334331,-0.011671266,0.8415741,0.34757522,-0.024406226,1.0,0.18575446,-0.035557237,0.13795945,0.25742027,0.0005335515,0.39229947,0.05246444,-0.019812884,0.6602212,0.013969802,-0.038100433,0.8717453,0.033140577,-0.04964334,0.03074592,0.27667546,-0.009996232,0.37063333,0.025958147,-0.029524008,0.6674733,0.0,-0.043033373,0.8789285,0.028862396,-0.05054569,0.0,0.33794484,-0.022394614,0.32312933,0.07869452,-0.041518465,0.6285326,0.04464167,-0.04746419,0.85282737,0.06257894,-0.049006015,0.0560077,0.43377814,-0.03539563,0.37327096,0.2604563,-0.05117766,0.60791284,0.21607906,-0.054245293,0.7886613,0.2060819,-0.053743396,key_4
564,0.2682798,1.0,5.124262e-07,0.49408147,0.8981733,-0.019279653,0.67976254,0.72693074,-0.03249722,0.849907,0.59543407,-0.045637194,1.0,0.48845991,-0.059085988,0.3966425,0.49316114,-0.015354739,0.5311822,0.31237325,-0.03834151,0.66220355,0.20576443,-0.058159012,0.7899991,0.12042231,-0.070522174,0.26392776,0.4634959,-0.019191325,0.32755786,0.23500092,-0.038696844,0.44179267,0.10232659,-0.053543597,0.5665665,0.0,-0.06254643,0.14191934,0.48494214,-0.02656474,0.15228043,0.2536031,-0.045588855,0.25478327,0.12067704,-0.05561895,0.37952498,0.021001358,-0.060056835,0.032857094,0.5488305,-0.03599255,0.0,0.36036256,-0.05007096,0.039266873,0.23318987,-0.05415464,0.11561473,0.13824916,-0.055343848,key_4
565,0.31694633,1.0,5.793237e-07,0.5301221,0.911206,-0.02152192,0.71072984,0.7662619,-0.034903724,0.86501324,0.65325654,-0.047227267,1.0,0.57775044,-0.059917543,0.49400815,0.5083442,-0.021884145,0.5921426,0.32049805,-0.041529458,0.6664596,0.20553909,-0.058156442,0.7323103,0.108934246,-0.0695155,0.34886706,0.4882266,-0.025385983,0.37540108,0.2615947,-0.041944876,0.42471573,0.117183484,-0.05604267,0.46758226,0.0,-0.06555751,0.21851604,0.51779646,-0.031782024,0.19286329,0.3058947,-0.048685595,0.2149514,0.16584815,-0.06034545,0.24614012,0.04565757,-0.067344226,0.09955534,0.58887017,-0.040115017,0.027420033,0.42596135,-0.05516299,0.004611986,0.31237707,-0.060925234,0.0,0.20481336,-0.06377357,key_4
566,0.36792555,1.0,5.3803114e-07,0.5775459,0.89951736,-0.022720303,0.74703443,0.7549938,-0.03597557,0.88368046,0.6381941,-0.048144065,1.0,0.55516005,-0.060606282,0.53277785,0.5127284,-0.023031168,0.6264128,0.32450455,-0.043482076,0.6899394,0.2045828,-0.06025904,0.7416339,0.10086354,-0.071877114,0.3892515,0.49597117,-0.026851816,0.4139438,0.266841,-0.04429401,0.44500634,0.1226691,-0.058602717,0.4659836,0.0,-0.06866888,0.25825888,0.52861786,-0.033843804,0.23346502,0.32028967,-0.05221246,0.24614948,0.17961156,-0.064438656,0.26207042,0.055749234,-0.07215877,0.13702475,0.60073453,-0.04292221,0.054382317,0.4445632,-0.060478065,0.01986516,0.33385208,-0.06775426,0.0,0.22471765,-0.07175563,key_4
567,0.38392413,1.0,5.5373613e-07,0.58735657,0.9028815,-0.023842966,0.749589,0.76887834,-0.039294463,0.8829187,0.66187626,-0.05387996,1.0,0.58697027,-0.06897439,0.5530107,0.51891726,-0.027696906,0.6372725,0.33089378,-0.05090921,0.6919653,0.21126081,-0.069096275,0.73602974,0.106885985,-0.08176946,0.4052838,0.49995035,-0.03232613,0.42147908,0.26859143,-0.05251195,0.4389252,0.12285114,-0.06789088,0.44744772,0.0,-0.07859997,0.2710564,0.5353069,-0.04004684,0.23159014,0.32468158,-0.060506485,0.22770533,0.18423915,-0.07338667,0.22926094,0.060527142,-0.081561804,0.14984412,0.6136147,-0.049877066,0.06405934,0.4637143,-0.0686757,0.025446022,0.35711887,-0.076280065,0.0,0.2516351,-0.08051064,key_4
568,0.41289312,1.0,5.740527e-07,0.6020063,0.91034764,-0.028153151,0.7503551,0.78541774,-0.046562027,0.8773773,0.68673724,-0.06359676,1.0,0.6244752,-0.08098008,0.58300966,0.5205843,-0.034078747,0.65680146,0.3312673,-0.05889759,0.7022409,0.21002313,-0.077804096,0.73646784,0.103707224,-0.09120497,0.4357087,0.5010265,-0.038015973,0.4388602,0.27079675,-0.059779968,0.44487607,0.12378529,-0.075797066,0.4440574,0.0,-0.086865224,0.30373287,0.5404137,-0.045203686,0.25329325,0.33267164,-0.06733629,0.23604585,0.193121,-0.08160474,0.22644582,0.07047777,-0.09058776,0.18922767,0.6254288,-0.05481931,0.09335074,0.48501444,-0.07565295,0.040368315,0.3849158,-0.08464498,0.0,0.28525543,-0.08953119,key_4
569,0.46590683,1.0,5.8969704e-07,0.6361872,0.9170589,-0.030006064,0.7696893,0.7997043,-0.049614612,0.8861378,0.71133125,-0.067655966,1.0,0.6575623,-0.086204655,0.6199346,0.52449346,-0.038994417,0.68603003,0.33899513,-0.064659834,0.72607726,0.21730714,-0.08405187,0.7529578,0.108197436,-0.098297626,0.4788551,0.5049252,-0.04376831,0.47129032,0.2756091,-0.06649903,0.46711692,0.12601964,-0.08359796,0.45598397,0.0,-0.09589613,0.3518038,0.5503238,-0.051713403,0.29539484,0.33988252,-0.07609377,0.26706687,0.19887434,-0.09306698,0.24503155,0.07664181,-0.10406571,0.24183632,0.6448639,-0.062052753,0.13108015,0.5093797,-0.086441964,0.059406087,0.41775596,-0.097902074,0.0,0.3258111,-0.10440257,key_4
570,0.49345505,1.0,6.0846145e-07,0.6486411,0.917357,-0.031500358,0.7748987,0.80633163,-0.052708894,0.8898104,0.7294879,-0.07215388,1.0,0.6845658,-0.09204461,0.63253003,0.5272193,-0.042810906,0.6941617,0.3386497,-0.06955219,0.72748446,0.21481533,-0.08930892,0.747475,0.103281416,-0.10397512,0.49510115,0.50710213,-0.047667485,0.47758213,0.2767575,-0.07176957,0.465651,0.12674733,-0.089687675,0.44840533,0.0,-0.10266957,0.37239763,0.55418694,-0.05569237,0.3084717,0.34979615,-0.08124176,0.2760311,0.20648326,-0.099959515,0.2511116,0.083252706,-0.11220379,0.2671931,0.651654,-0.066166565,0.14458938,0.522893,-0.09184971,0.064819016,0.43389672,-0.10483722,0.0,0.34368935,-0.1123966,key_4
571,0.505183,1.0,5.6058457e-07,0.66696674,0.9037628,-0.02626372,0.79243714,0.77698857,-0.043910336,0.8946854,0.6855701,-0.060520392,1.0,0.627674,-0.07738137,0.63541806,0.5178756,-0.034460656,0.69157445,0.33318153,-0.059709076,0.7379725,0.22060452,-0.07881679,0.7745033,0.11926181,-0.09251231,0.49707693,0.5005519,-0.040522877,0.48117343,0.27120057,-0.06257661,0.48107234,0.12768652,-0.07860735,0.4772782,0.0,-0.09010274,0.37258667,0.54567444,-0.04979827,0.31610596,0.34965155,-0.07363775,0.29906574,0.2076667,-0.09031863,0.28959277,0.07818971,-0.101101555,0.26379693,0.6393265,-0.06117596,0.14065813,0.5110242,-0.08415485,0.06335462,0.42388207,-0.09442881,0.0,0.3311694,-0.10041494,key_4
572,0.47709167,1.0,2.9152773e-07,0.6959051,0.8149774,-0.009271985,0.8136676,0.6038194,-0.0163864,0.88742095,0.45317578,-0.026887305,1.0,0.34195948,-0.037571978,0.6031235,0.3719393,-0.0024262634,0.6460279,0.18746692,-0.02613012,0.75569713,0.1314175,-0.046701644,0.8887919,0.11808288,-0.059184723,0.41468477,0.38084948,-0.011994063,0.38338596,0.15224464,-0.031215867,0.43951657,0.052283224,-0.04621756,0.53030354,0.0,-0.056386877,0.24318765,0.44540402,-0.025119487,0.15411955,0.22972374,-0.04449535,0.22421756,0.14787214,-0.053501427,0.34696278,0.11012703,-0.058657274,0.0818706,0.5518311,-0.03990077,0.0,0.40095666,-0.05676916,0.06339787,0.319616,-0.061832342,0.1823514,0.27227405,-0.06405227,key_4
573,0.4628156,1.0,2.0441209e-07,0.740273,0.7312407,-0.009398809,0.86423904,0.4809462,-0.018299151,0.93099874,0.2845827,-0.031340636,1.0,0.101708554,-0.04329923,0.5837882,0.23640485,0.0038836685,0.5972971,0.0117417155,-0.022968583,0.7893835,0.0,-0.044940665,0.9700775,0.03363369,-0.057126842,0.3932633,0.26829335,-0.0042885905,0.42314783,0.01629547,-0.033017278,0.660167,0.01814723,-0.05201735,0.8699943,0.068364024,-0.060929183,0.19705936,0.3347427,-0.016491562,0.2504879,0.11026278,-0.043637216,0.50326604,0.11045087,-0.053329203,0.7305023,0.15622811,-0.054742508,0.0,0.44232503,-0.030126363,0.101042986,0.26808417,-0.051059816,0.31306133,0.22627856,-0.057500556,0.5229169,0.21662126,-0.05820697,key_4
574,0.42750764,1.0,2.8947278e-07,0.68320787,0.7370897,-0.010675727,0.8026048,0.46830302,-0.0199524,0.89462125,0.25942466,-0.032619316,1.0,0.0704849,-0.044451784,0.5044112,0.23325798,0.0021077967,0.5489276,0.026535593,-0.024519447,0.7490228,0.0,-0.046552088,0.93569875,0.012818108,-0.059446074,0.33734688,0.26065722,-0.0052964794,0.40048653,0.010948236,-0.033980533,0.64564747,0.0007170334,-0.052678518,0.86192524,0.037916712,-0.061357915,0.16423377,0.33076674,-0.016679743,0.2462759,0.11026288,-0.04406451,0.49643165,0.09411307,-0.05385471,0.72127974,0.11682692,-0.05541937,0.0,0.44389498,-0.029566318,0.1431155,0.28005463,-0.051215906,0.35076958,0.23423497,-0.05834499,0.5478613,0.2127428,-0.059575498,key_4
575,0.41949922,1.0,3.1867833e-07,0.6681906,0.7419644,-0.012759409,0.78701186,0.4711767,-0.0227354,0.886954,0.25980642,-0.035537526,1.0,0.06674389,-0.047483154,0.5052622,0.24018088,0.0016468264,0.5747969,0.043619428,-0.024609355,0.7674567,0.003350825,-0.0466202,0.9505801,0.0,-0.059767496,0.33832502,0.26445037,-0.0045335465,0.42210677,0.029821133,-0.034025405,0.6557332,0.017208487,-0.053603422,0.8696457,0.0492593,-0.062425286,0.16420782,0.33288765,-0.01479891,0.26484218,0.12552503,-0.042754002,0.501639,0.1134067,-0.05286927,0.72184366,0.13364248,-0.05426967,0.0,0.44676298,-0.026745507,0.15130025,0.2986088,-0.048918996,0.34811497,0.25280994,-0.056686934,0.5392704,0.22384712,-0.058112297,key_4
576,0.40970716,1.0,3.5455164e-07,0.66206014,0.7504874,-0.01355447,0.7832278,0.46903297,-0.02229645,0.88978946,0.24664842,-0.033559725,1.0,0.04747698,-0.043981,0.50971615,0.2534162,0.003661785,0.5870443,0.059759345,-0.020791909,0.7714242,0.012838836,-0.042098522,0.9474138,0.0,-0.055160075,0.34076685,0.27020743,-0.0015431975,0.4391036,0.03366885,-0.029449146,0.65872437,0.0028523218,-0.049057886,0.86817175,0.018775554,-0.058448657,0.16483651,0.32918584,-0.011010527,0.2785858,0.11631029,-0.038226124,0.5093452,0.09432939,-0.048761427,0.7343123,0.10934973,-0.05079274,0.0,0.4336095,-0.022221535,0.18148503,0.27922788,-0.044063672,0.38397878,0.22627273,-0.052121628,0.5818789,0.18964247,-0.054085273,key_4
577,0.42344934,1.0,3.6281813e-07,0.6563045,0.7707681,-0.011543008,0.78002524,0.47801286,-0.018722119,0.89233303,0.25437924,-0.0285564,1.0,0.060752485,-0.03768413,0.47882172,0.24391532,0.002506802,0.549367,0.046704296,-0.020077722,0.7356168,0.0050150724,-0.03898679,0.9134059,0.0,-0.050348286,0.31102684,0.2658469,-0.002897467,0.4170726,0.0443922,-0.026835967,0.63875616,0.01850242,-0.043104563,0.839505,0.030677266,-0.0512145,0.14417432,0.33509216,-0.012168232,0.28406832,0.142571,-0.037559863,0.5290768,0.14527586,-0.046380024,0.74728894,0.17239471,-0.047728453,0.0,0.4484359,-0.022927925,0.21150272,0.30888504,-0.04427631,0.43300366,0.29177532,-0.051192474,0.63024503,0.28538054,-0.052245896,key_4
578,0.40809795,1.0,3.5703627e-07,0.6561361,0.783124,-0.0112316655,0.7900556,0.48269325,-0.016593054,0.8990289,0.26116714,-0.02427767,1.0,0.07569642,-0.03109895,0.5202375,0.2748962,0.0058413446,0.62164277,0.08995068,-0.013013707,0.7913656,0.029380344,-0.029706113,0.951217,0.0,-0.040263217,0.33641213,0.28404668,0.0011641436,0.4468637,0.06491187,-0.02011927,0.6485071,0.025595346,-0.035325505,0.84203327,0.023329172,-0.042805757,0.15566875,0.33832192,-0.0073687793,0.29414073,0.12835585,-0.031619214,0.5367648,0.12404314,-0.040919065,0.76131546,0.14405774,-0.042896178,0.0,0.4357957,-0.017328601,0.25126338,0.30825537,-0.03945917,0.49091163,0.29971203,-0.047621265,0.7011205,0.29767287,-0.049569115,key_4
579,0.34879428,1.0,3.7134006e-07,0.61867875,0.7799511,-0.010459695,0.76673305,0.4873363,-0.015123458,0.88934064,0.25770837,-0.022677055,1.0,0.064441934,-0.029359858,0.5060737,0.3028142,0.01008083,0.6042533,0.10715245,-0.007976125,0.77599484,0.038996346,-0.02421747,0.93676054,0.0,-0.034538973,0.3356233,0.30402648,0.0052137887,0.44715422,0.07246422,-0.015431253,0.6520971,0.02111645,-0.030918555,0.8485215,0.008082476,-0.03881797,0.16027945,0.3465312,-0.0038269858,0.2993706,0.12511875,-0.027989015,0.5460574,0.116938435,-0.037985913,0.7757022,0.13970275,-0.040165845,0.0,0.42643705,-0.014187758,0.2424408,0.28232265,-0.035159297,0.4779978,0.26347625,-0.043247066,0.6893838,0.25989488,-0.045408618,key_4
580,0.33270162,1.0,3.9149407e-07,0.61466473,0.80008787,-0.013779647,0.76467866,0.49984252,-0.01838519,0.8761247,0.2597091,-0.025126157,1.0,0.06507131,-0.031031147,0.47635263,0.32220286,0.008456555,0.5509018,0.09836219,-0.011253363,0.739369,0.025964031,-0.028470887,0.915903,0.0,-0.03854896,0.32230586,0.32808372,0.006051262,0.42241484,0.08362098,-0.015291446,0.64422894,0.025454866,-0.03157216,0.8508841,0.019748187,-0.039625287,0.16216789,0.37067297,-0.0008484932,0.28732303,0.15115662,-0.023213163,0.52271456,0.112907186,-0.032654073,0.7423294,0.12367962,-0.034528095,0.0,0.44279677,-0.009521461,0.18111832,0.27050257,-0.027936552,0.38371116,0.21343344,-0.03471647,0.5762696,0.18975507,-0.036133766,key_4
581,0.27284855,1.0,5.213654e-07,0.5347212,0.87853706,-0.017895166,0.7311543,0.6843313,-0.025567966,0.8700208,0.5266804,-0.032580506,1.0,0.4046954,-0.03983177,0.50703746,0.48291463,-0.009057829,0.62750626,0.2877742,-0.025309522,0.7185006,0.16591606,-0.039495457,0.79699385,0.06563815,-0.048423916,0.3412009,0.46297297,-0.010889016,0.43027726,0.24768488,-0.02388574,0.51872826,0.11335516,-0.03527895,0.60101813,0.0,-0.04268563,0.17501386,0.48264295,-0.016225338,0.2315882,0.26836833,-0.0300232,0.31444097,0.13625714,-0.038129307,0.4061785,0.026878241,-0.04267716,0.0,0.538498,-0.023465727,0.0053014243,0.3625203,-0.035048675,0.04303913,0.25041518,-0.038030382,0.09734462,0.15275301,-0.03898073,key_4
582,0.3495073,1.0,4.802941e-07,0.55567515,0.891135,-0.018379549,0.7243244,0.72308564,-0.027374448,0.86516076,0.5957032,-0.035735045,1.0,0.5137234,-0.044391453,0.52256984,0.4945694,-0.011721888,0.59433144,0.30487707,-0.02531225,0.63883084,0.18650989,-0.037625495,0.67634374,0.086903565,-0.046700396,0.3896426,0.47329202,-0.015012644,0.43844825,0.25737983,-0.02721489,0.48492715,0.116658896,-0.039124902,0.52312046,0.0,-0.04788695,0.25557986,0.49631715,-0.02154637,0.25949883,0.28182238,-0.03626397,0.2910094,0.14721423,-0.04819133,0.32813257,0.034190454,-0.056068245,0.12369134,0.555919,-0.029803287,0.05043606,0.39064842,-0.04456881,0.016192162,0.27208602,-0.05233255,0.0,0.15732044,-0.057254452,key_4
583,0.33844423,1.0,4.557713e-07,0.5437855,0.8928531,-0.01895594,0.71736145,0.7356895,-0.027831221,0.86307675,0.62076324,-0.036267657,1.0,0.5543688,-0.044819515,0.5148212,0.48897162,-0.008762776,0.5755746,0.30075306,-0.020983456,0.6103393,0.18716742,-0.032808084,0.6419546,0.09021719,-0.04170353,0.38831875,0.4693718,-0.0118227,0.42478397,0.25180575,-0.022507789,0.4595737,0.11465664,-0.034028683,0.49144498,0.0,-0.042779513,0.26058298,0.4924661,-0.018388592,0.259439,0.27918586,-0.032098003,0.28798407,0.1475729,-0.0441486,0.32488218,0.03740441,-0.052188966,0.1304585,0.5512421,-0.02686613,0.05630911,0.39023224,-0.040534277,0.01896267,0.27791804,-0.04778253,0.0,0.16720341,-0.052555636,key_4
584,0.34424934,1.0,4.3387516e-07,0.5458749,0.88889563,-0.018349785,0.71512365,0.7296389,-0.02743144,0.8627101,0.6191801,-0.036332462,1.0,0.5591508,-0.045355458,0.51965123,0.48459864,-0.0092231,0.5788954,0.29779533,-0.021192243,0.61161864,0.18618138,-0.032854885,0.6403802,0.08962582,-0.041781966,0.39524174,0.46504614,-0.012424979,0.42728466,0.2479616,-0.022517359,0.45839813,0.11405988,-0.033538055,0.48706585,0.0,-0.042354986,0.27096632,0.48712206,-0.019025002,0.27042726,0.279265,-0.03161317,0.2951997,0.14873813,-0.04345714,0.32792905,0.03867571,-0.05187735,0.14461601,0.544165,-0.027597737,0.0704541,0.3881277,-0.040422663,0.02714821,0.28045914,-0.04760581,0.0,0.17368315,-0.052658238,key_4
585,0.33832005,1.0,4.1757983e-07,0.54176825,0.88868004,-0.0186286,0.7138387,0.7346294,-0.027983628,0.8651174,0.62497705,-0.037338834,1.0,0.56251085,-0.046762247,0.5183001,0.480932,-0.008794553,0.5812434,0.29249105,-0.021070702,0.6168426,0.18018243,-0.033087667,0.64959025,0.082971826,-0.04211957,0.3943289,0.4611958,-0.011680865,0.42463374,0.24244034,-0.021207783,0.45507497,0.11036147,-0.031806983,0.4860184,0.0,-0.040442977,0.27060062,0.48309013,-0.01805741,0.27032378,0.27609468,-0.029621737,0.29452613,0.1448553,-0.040268287,0.32778567,0.034558408,-0.048057854,0.14516798,0.5407312,-0.026600385,0.06920388,0.38691735,-0.03837313,0.026580686,0.27955458,-0.044501107,0.0,0.1748106,-0.048804145,key_4
586,0.3314714,1.0,4.14135e-07,0.5407096,0.8926728,-0.019224858,0.714876,0.73737764,-0.02829968,0.8657362,0.62771636,-0.037202895,1.0,0.5637371,-0.046114102,0.51931566,0.48000944,-0.008185419,0.58328515,0.29278237,-0.020002047,0.61792845,0.17968659,-0.031763718,0.648279,0.0822843,-0.040816303,0.39307335,0.45975852,-0.010851673,0.42788908,0.24335527,-0.020444332,0.45787635,0.11011979,-0.031223882,0.4862546,0.0,-0.039894506,0.26740924,0.48159823,-0.01716273,0.2694,0.2738272,-0.029499603,0.29696873,0.14300247,-0.040475197,0.33105177,0.03220713,-0.048277043,0.14017583,0.5390738,-0.025633432,0.06278843,0.38285303,-0.038264155,0.022873247,0.27553824,-0.04478982,0.0,0.1715082,-0.049268287,key_4
587,0.341394,1.0,4.129641e-07,0.5452762,0.8924665,-0.021477932,0.71764064,0.7394374,-0.03179012,0.8662279,0.6291256,-0.04144575,1.0,0.5624432,-0.05096827,0.52436024,0.48298183,-0.011269341,0.58505255,0.29477337,-0.02437332,0.6172828,0.17882444,-0.03681516,0.64474976,0.07915773,-0.04621498,0.39712542,0.46288788,-0.0134326145,0.4243164,0.24613346,-0.024315173,0.44788697,0.1121123,-0.035542697,0.47137922,0.0,-0.044263333,0.2721975,0.48643133,-0.019339642,0.26994535,0.28049266,-0.033212017,0.29642865,0.15267102,-0.04419364,0.32981357,0.044315852,-0.051592793,0.14784114,0.54671156,-0.027558312,0.06904224,0.39036152,-0.041274115,0.02620908,0.28108355,-0.047759112,0.0,0.17572466,-0.051946864,key_4
588,0.34630382,1.0,4.206207e-07,0.55036634,0.8910601,-0.021436967,0.7222448,0.73704153,-0.031629197,0.86777586,0.62565637,-0.041208617,1.0,0.56191564,-0.050786857,0.5304203,0.47999504,-0.011116883,0.59072125,0.29403183,-0.024343167,0.62426656,0.17911711,-0.037125077,0.6542673,0.08052021,-0.046816606,0.40060052,0.4607538,-0.013393996,0.42558822,0.24557482,-0.024340348,0.44848722,0.11197727,-0.03597649,0.47282833,0.0,-0.04496968,0.27388915,0.48642159,-0.019384963,0.27045777,0.28122666,-0.03344132,0.29604504,0.15494649,-0.04488188,0.3291806,0.047622554,-0.052571077,0.14920035,0.55027664,-0.027645102,0.06777332,0.39845225,-0.041596618,0.025347827,0.29235646,-0.04835824,0.0,0.19019286,-0.052677263,key_4
589,0.34550354,1.0,4.2427217e-07,0.5515022,0.89210707,-0.021210674,0.7239582,0.741372,-0.031361908,0.8683922,0.629253,-0.040860705,1.0,0.562672,-0.050228562,0.53059965,0.4797729,-0.0106375925,0.5938473,0.29287475,-0.023183111,0.6265511,0.17820024,-0.03527236,0.6546185,0.08030725,-0.04445084,0.40017733,0.46026984,-0.012641868,0.42996064,0.24357416,-0.022768516,0.45203468,0.11060913,-0.033615258,0.47416884,0.0,-0.042072695,0.27264592,0.4853196,-0.018330682,0.2725438,0.27962214,-0.031467084,0.2975306,0.15280661,-0.04235921,0.32945073,0.04522262,-0.049811,0.14629248,0.5485674,-0.02626635,0.06579145,0.39930722,-0.03951719,0.0246295,0.29552048,-0.045933224,0.0,0.19485351,-0.05004166,key_4
590,0.35658768,1.0,4.221788e-07,0.5609136,0.89156705,-0.019756623,0.7303737,0.7380025,-0.029290628,0.8715108,0.627735,-0.03836482,1.0,0.559746,-0.04738241,0.5355174,0.47963336,-0.010845036,0.5957425,0.2904677,-0.023248175,0.62585896,0.17538239,-0.034935385,0.6504412,0.077892706,-0.043766852,0.40568724,0.46219742,-0.013385611,0.43174738,0.24378577,-0.023334783,0.45356506,0.11068475,-0.033983044,0.4742961,0.0,-0.042344753,0.2785814,0.48928884,-0.019331891,0.27322564,0.283617,-0.032108977,0.29577821,0.15850137,-0.04296194,0.32526967,0.05176985,-0.05052512,0.15396847,0.5541724,-0.027339876,0.07048011,0.4069852,-0.040397275,0.02670749,0.30483794,-0.046828024,0.0,0.20531955,-0.051008463,key_4
591,0.35433084,1.0,4.370122e-07,0.555324,0.89288247,-0.020016655,0.7260684,0.7407244,-0.030209843,0.8686016,0.6316052,-0.03997238,1.0,0.5673564,-0.049829688,0.5382071,0.47964716,-0.012120821,0.6036235,0.28844637,-0.024655798,0.6330528,0.1735852,-0.03611692,0.6556354,0.07593968,-0.04490693,0.40997776,0.46283773,-0.014804138,0.43953148,0.24458566,-0.025217045,0.45783922,0.11217536,-0.035900425,0.47281018,0.0,-0.04424823,0.28423035,0.49111634,-0.020857673,0.27722424,0.28575936,-0.033962935,0.29633194,0.15876713,-0.04521287,0.32164052,0.048003808,-0.053140514,0.16062969,0.5573081,-0.028949335,0.07411746,0.41424376,-0.042533915,0.028616635,0.31361628,-0.049531955,0.0,0.21258418,-0.054117087,key_4
592,0.35765007,1.0,4.2175176e-07,0.5573653,0.89343363,-0.019679692,0.727934,0.7396723,-0.029416027,0.87056726,0.6317554,-0.038823806,1.0,0.57003933,-0.048334934,0.54212475,0.48079342,-0.01196156,0.60545385,0.29043928,-0.024555072,0.6351314,0.17558615,-0.035886914,0.658252,0.0793561,-0.04458395,0.41400814,0.4640073,-0.0149317365,0.44043434,0.24356085,-0.025496684,0.45785433,0.11058105,-0.03607711,0.47345364,0.0,-0.044303123,0.2893458,0.4929357,-0.021265915,0.27943197,0.2878648,-0.034514464,0.29761013,0.1602444,-0.04589513,0.32390073,0.050026786,-0.05392249,0.16766562,0.56015086,-0.029635878,0.07937818,0.41966766,-0.043504708,0.03102046,0.3194231,-0.0507396,0.0,0.21879728,-0.05550772,key_4
593,0.36976603,1.0,3.99367e-07,0.5658793,0.8929315,-0.019173188,0.73337984,0.7381039,-0.02886436,0.8730425,0.6296012,-0.038347147,1.0,0.5673938,-0.04796044,0.55005044,0.47878897,-0.011977594,0.6054522,0.28946885,-0.024775986,0.6332589,0.17471343,-0.036137395,0.65635276,0.079377174,-0.044858765,0.42050087,0.46247685,-0.015350357,0.43576398,0.24136266,-0.026104802,0.45106605,0.108953565,-0.03629851,0.46678987,0.0,-0.044108555,0.29660663,0.49305505,-0.022058439,0.27953842,0.28593475,-0.035537988,0.29236895,0.15475856,-0.046587326,0.3143958,0.04091299,-0.054304186,0.17822519,0.56377524,-0.030772919,0.08618463,0.42297605,-0.045210466,0.034555,0.3209517,-0.052568305,0.0,0.21855235,-0.0572447,key_4
594,0.37650588,1.0,3.9932914e-07,0.571446,0.8929303,-0.018870104,0.73775476,0.7375915,-0.02824958,0.87493145,0.6294994,-0.03751281,1.0,0.56851834,-0.046933997,0.55183524,0.47972435,-0.011467456,0.60429525,0.29088938,-0.024130773,0.63186765,0.17687637,-0.0355243,0.6551957,0.08148635,-0.04427712,0.4207849,0.4641456,-0.015012423,0.42880034,0.24295422,-0.025616398,0.44213316,0.109932184,-0.035863645,0.4563991,0.0,-0.043733235,0.2975058,0.49514872,-0.021864863,0.27554065,0.2904822,-0.035126355,0.28532317,0.1601871,-0.046150148,0.30456582,0.04655459,-0.0538617,0.18080764,0.566556,-0.03073185,0.08816982,0.42642128,-0.044878654,0.035638697,0.32568058,-0.05200474,0.0,0.22430922,-0.05654078,key_4
595,0.36493093,1.0,4.1532792e-07,0.560937,0.89237237,-0.01914275,0.7297059,0.7387569,-0.02925437,0.87027055,0.6309425,-0.039302543,1.0,0.5692468,-0.049471624,0.5407709,0.47679353,-0.01138128,0.5952189,0.28925878,-0.024373803,0.62339747,0.17561945,-0.035896633,0.647994,0.08170059,-0.04465144,0.40807432,0.46120664,-0.014920133,0.41596588,0.24007577,-0.0257751,0.43155792,0.108173355,-0.035989597,0.4492334,0.0,-0.043772187,0.2832902,0.49259195,-0.021838145,0.25701705,0.287877,-0.03512812,0.266957,0.15860653,-0.045761093,0.28916937,0.046249464,-0.053172816,0.16567208,0.5645838,-0.030819105,0.074285954,0.42469314,-0.044648215,0.027595501,0.32337222,-0.051410835,0.0,0.22083734,-0.055704918,key_4
596,0.33396757,1.0,4.1806973e-07,0.54341096,0.8870759,-0.01793575,0.7195886,0.7304137,-0.0275146,0.8646466,0.62206113,-0.03740958,1.0,0.55740494,-0.047531243,0.51598513,0.47478104,-0.009840571,0.5760013,0.28799015,-0.024007069,0.6089196,0.17421111,-0.036996495,0.641282,0.07752455,-0.04671219,0.37346178,0.46027744,-0.014240964,0.3827611,0.24392954,-0.026200265,0.4023083,0.11095417,-0.0379536,0.42848584,0.0,-0.046917915,0.24114175,0.4921926,-0.021941032,0.21486147,0.29261255,-0.035662513,0.23823418,0.16791365,-0.045740776,0.2802307,0.05976462,-0.052780014,0.11381817,0.56369686,-0.031738956,0.023634816,0.42013204,-0.04475876,0.0,0.31895337,-0.05019563,0.0074213566,0.21994774,-0.053727914,key_4
597,0.30221033,1.0,4.4527755e-07,0.5286242,0.8779698,-0.017821223,0.70877874,0.72052467,-0.02672947,0.8592771,0.6085588,-0.036526803,1.0,0.5392546,-0.046717808,0.49387798,0.46103007,-0.0050217365,0.5564085,0.27597973,-0.02016749,0.6012204,0.16297778,-0.034778707,0.6528191,0.066351965,-0.045642298,0.34620795,0.4456033,-0.009618057,0.35179976,0.23365465,-0.022581762,0.38311473,0.10463696,-0.035931583,0.43083152,0.0,-0.045998324,0.20911942,0.47691968,-0.01802635,0.18379058,0.27868414,-0.03273562,0.21979673,0.15506719,-0.043734077,0.2829581,0.052485283,-0.05116847,0.07419142,0.5460664,-0.028776206,0.0,0.39337346,-0.042511094,0.0073345103,0.2928265,-0.04860449,0.05645322,0.20218097,-0.05245966,key_4
598,0.3022293,1.0,4.3988618e-07,0.52386856,0.87162733,-0.018826686,0.6972668,0.6974,-0.027649403,0.8522108,0.5756224,-0.037162658,1.0,0.5026937,-0.046733152,0.48557016,0.4427082,-0.0042836084,0.55512327,0.25513065,-0.01979846,0.6045469,0.14338285,-0.03462294,0.66829973,0.046378057,-0.04568612,0.3414469,0.42769104,-0.00814872,0.34886894,0.21945007,-0.022533802,0.3903095,0.09837556,-0.035800412,0.45765144,0.0,-0.045330472,0.20503601,0.45920724,-0.016235426,0.1794637,0.2669481,-0.03219746,0.22200006,0.14739297,-0.04311138,0.2976081,0.046734214,-0.050050016,0.071621396,0.52789587,-0.026854029,0.0,0.37137535,-0.04084884,0.0015978016,0.26734528,-0.047303595,0.045628984,0.17287864,-0.051495902,key_4
599,0.3061104,1.0,4.484676e-07,0.5273809,0.8700737,-0.01822427,0.7019218,0.686851,-0.026366334,0.8542856,0.56398076,-0.035208065,1.0,0.498787,-0.04415534,0.49563074,0.4330799,-0.00396567,0.5624664,0.24522106,-0.01848813,0.6091677,0.1348033,-0.0326653,0.6703129,0.039545845,-0.04336912,0.34758642,0.42068437,-0.0073721656,0.3519664,0.21330933,-0.021085205,0.3896906,0.09610679,-0.034228534,0.45362216,0.0,-0.043648694,0.20893839,0.45483017,-0.01477977,0.18229349,0.26352125,-0.029995063,0.21533191,0.1470727,-0.041159887,0.28295362,0.05017419,-0.048244365,0.074405245,0.5262754,-0.024585083,0.007550846,0.3746282,-0.03817189,0.0,0.27248153,-0.04510218,0.032094713,0.17729512,-0.04952316,key_4
